{
    "type": "FeatureCollection",
    "features": [
        {
            "type": "Feature",
            "geometry": {
                "type": "LineString",
                "coordinates": [
                    [
                        1.2154068259547879,
                        6.432256588349963
                    ],
                    [
                        1.21480480416619,
                        6.434366528133194
                    ],
                    [
                        1.214016478383417,
                        6.436415425786893
                    ],
                    [
                        1.213859267304602,
                        6.43704568128794
                    ],
                    [
                        1.205515675313491,
                        6.46667229130934
                    ],
                    [
                        1.183327613677603,
                        6.55073598192751
                    ],
                    [
                        1.186225499392475,
                        6.570946944307037
                    ],
                    [
                        1.182627728552328,
                        6.596943991286339
                    ],
                    [
                        1.183932070681253,
                        6.616317416338985
                    ],
                    [
                        1.181773156474826,
                        6.62747632591716
                    ],
                    [
                        1.181448239015588,
                        6.6282880108622
                    ],
                    [
                        1.181286660841427,
                        6.629099393025196
                    ],
                    [
                        1.16797747072857,
                        6.6712994930972
                    ],
                    [
                        1.167979651338102,
                        6.672434985907485
                    ],
                    [
                        1.167980893824916,
                        6.673083840681362
                    ],
                    [
                        1.167337461178672,
                        6.678438319894388
                    ],
                    [
                        1.178723419166434,
                        6.775910968451027
                    ],
                    [
                        1.179239430040384,
                        6.789210691491848
                    ],
                    [
                        1.178302469060961,
                        6.810502272521091
                    ],
                    [
                        1.187010167458398,
                        6.833517319112344
                    ],
                    [
                        1.184119654562161,
                        6.858772882665142
                    ],
                    [
                        1.180429051528002,
                        6.892355473096725
                    ],
                    [
                        1.181766747645578,
                        6.908249277859827
                    ],
                    [
                        1.179668733995949,
                        6.921110826519138
                    ],
                    [
                        1.172513993042552,
                        6.938805185477815
                    ],
                    [
                        1.174489841328856,
                        6.94577619300269
                    ],
                    [
                        1.1749988308098243,
                        6.9487696599990025
                    ]
                ]
            },
            "properties": {
                "id": "d1a881b0-5aeb-4a39-b5eb-6fd9db6db117",
                "name": "Tsevie - Notse",
                "start": {
                    "name": "Tsevie",
                    "id": "752cc1fa-a391-4e4f-b87a-3b62b4b28e1b",
                    "networkProviders": [
                        {
                            "id": "7d12eb6e-73dd-4d46-82df-4a84e7d22dbb",
                            "name": "Yas"
                        }
                    ],
                    "status": "operational",
                    "location": {
                        "type": "Point",
                        "coordinates": [
                            1.215434245025484,
                            6.432160491183421
                        ]
                    },
                    "transmissionMediumOwner": {
                        "id": "e3efec38-70c3-488b-bdda-593bd8527a08",
                        "name": "Togocom"
                    }
                },
                "end": {
                    "name": "Notse",
                    "id": "543af57b-b8fc-47f0-ae8b-a7d1053a4290",
                    "networkProviders": [
                        {
                            "id": "7d12eb6e-73dd-4d46-82df-4a84e7d22dbb",
                            "name": "Yas"
                        }
                    ],
                    "status": "operational",
                    "location": {
                        "type": "Point",
                        "coordinates": [
                            1.1750155771205861,
                            6.948868148338056
                        ]
                    },
                    "transmissionMediumOwner": {
                        "id": "e3efec38-70c3-488b-bdda-593bd8527a08",
                        "name": "Togocom"
                    }
                },
                "status": "operational",
                "networkProviders": [
                    {
                        "id": "7d12eb6e-73dd-4d46-82df-4a84e7d22dbb",
                        "name": "Yas"
                    }
                ],
                "transmissionMediumOwner": {
                    "id": "e3efec38-70c3-488b-bdda-593bd8527a08",
                    "name": "Togocom"
                },
                "network": {
                    "id": "74cb3dbf-03be-4c46-8a28-674a29c46ffd",
                    "name": "Togocom",
                    "links": [
                        {
                            "rel": "describedby",
                            "href": "https://standard.ofds.info/en/0__4__0/network-schema.json"
                        }
                    ]
                },
                "featureType": "span"
            }
        },
        {
            "type": "Feature",
            "geometry": {
                "type": "LineString",
                "coordinates": [
                    [
                        1.1750323234313482,
                        6.948966636677109
                    ],
                    [
                        1.175151540261523,
                        6.949667774244538
                    ],
                    [
                        1.170257049828674,
                        6.954543719493268
                    ],
                    [
                        1.171616835406211,
                        6.981093603792909
                    ],
                    [
                        1.16415573745924,
                        7.010630659685009
                    ],
                    [
                        1.15499330539802,
                        7.049256165462662
                    ],
                    [
                        1.15499493959186,
                        7.050067139935133
                    ],
                    [
                        1.153379580410543,
                        7.059801891005317
                    ],
                    [
                        1.156078750940508,
                        7.102459522594076
                    ],
                    [
                        1.162814395701035,
                        7.118989999556732
                    ],
                    [
                        1.163832183865583,
                        7.138126647244396
                    ],
                    [
                        1.166429400301181,
                        7.210683758709405
                    ],
                    [
                        1.162536873870379,
                        7.309173578712937
                    ],
                    [
                        1.165331095033828,
                        7.31614225840589
                    ],
                    [
                        1.167960631625298,
                        7.322624536978164
                    ],
                    [
                        1.167961909816291,
                        7.323273278166361
                    ],
                    [
                        1.168467772311423,
                        7.331057253176305
                    ],
                    [
                        1.167561944012374,
                        7.339021314644201
                    ],
                    [
                        1.175660499477655,
                        7.380365108224155
                    ],
                    [
                        1.169659778067185,
                        7.405768524825071
                    ],
                    [
                        1.160871338917104,
                        7.427842354355268
                    ],
                    [
                        1.160397919015024,
                        7.43676348561551
                    ],
                    [
                        1.159777189055831,
                        7.453760676130267
                    ],
                    [
                        1.156695073199336,
                        7.466903602925195
                    ],
                    [
                        1.153932759054734,
                        7.476640192014014
                    ],
                    [
                        1.153470179826113,
                        7.493140475781457
                    ],
                    [
                        1.154639556627564,
                        7.50449391207173
                    ],
                    [
                        1.154803519931298,
                        7.504655829525327
                    ],
                    [
                        1.150084512605134,
                        7.517316385972097
                    ],
                    [
                        1.149757913136684,
                        7.517641380625196
                    ],
                    [
                        1.149104378027075,
                        7.518129170431701
                    ],
                    [
                        1.133741740881904,
                        7.528375766618224
                    ],
                    [
                        1.130654611206391,
                        7.528949410296372
                    ]
                ]
            },
            "properties": {
                "id": "76eeb263-b815-4b9f-b0b9-08b64c290653",
                "name": "Notse - Atakpame",
                "start": {
                    "name": "Notse",
                    "id": "543af57b-b8fc-47f0-ae8b-a7d1053a4290",
                    "networkProviders": [
                        {
                            "id": "7d12eb6e-73dd-4d46-82df-4a84e7d22dbb",
                            "name": "Yas"
                        }
                    ],
                    "status": "operational",
                    "location": {
                        "type": "Point",
                        "coordinates": [
                            1.1750155771205861,
                            6.948868148338056
                        ]
                    },
                    "transmissionMediumOwner": {
                        "id": "e3efec38-70c3-488b-bdda-593bd8527a08",
                        "name": "Togocom"
                    }
                },
                "end": {
                    "name": "Atakpame",
                    "id": "9e45f374-c648-465e-8551-be8b9ca0c66b",
                    "networkProviders": [
                        {
                            "id": "7d12eb6e-73dd-4d46-82df-4a84e7d22dbb",
                            "name": "Yas"
                        }
                    ],
                    "status": "operational",
                    "location": {
                        "type": "Point",
                        "coordinates": [
                            1.1305563472813924,
                            7.5289676694838015
                        ]
                    },
                    "transmissionMediumOwner": {
                        "id": "e3efec38-70c3-488b-bdda-593bd8527a08",
                        "name": "Togocom"
                    }
                },
                "status": "operational",
                "networkProviders": [
                    {
                        "id": "7d12eb6e-73dd-4d46-82df-4a84e7d22dbb",
                        "name": "Yas"
                    }
                ],
                "transmissionMediumOwner": {
                    "id": "e3efec38-70c3-488b-bdda-593bd8527a08",
                    "name": "Togocom"
                },
                "network": {
                    "id": "74cb3dbf-03be-4c46-8a28-674a29c46ffd",
                    "name": "Togocom",
                    "links": [
                        {
                            "rel": "describedby",
                            "href": "https://standard.ofds.info/en/0__4__0/network-schema.json"
                        }
                    ]
                },
                "featureType": "span"
            }
        },
        {
            "type": "Feature",
            "geometry": {
                "type": "LineString",
                "coordinates": [
                    [
                        1.1304580833563938,
                        7.528985928671232
                    ],
                    [
                        1.120636860641286,
                        7.530810886776132
                    ],
                    [
                        1.109724446346663,
                        7.53521548328283
                    ],
                    [
                        1.095840028592745,
                        7.527926473406112
                    ],
                    [
                        1.06927517058057,
                        7.521536074377796
                    ],
                    [
                        1.067504200169591,
                        7.520954115416417
                    ],
                    [
                        1.027082841731488,
                        7.512539198858548
                    ],
                    [
                        0.995519638325133,
                        7.506740460240662
                    ],
                    [
                        0.9946345112775568,
                        7.506449431620378
                    ],
                    [
                        0.9695550071678571,
                        7.49771554539569
                    ],
                    [
                        0.9512597244209853,
                        7.490724497556197
                    ],
                    [
                        0.9483090866155774,
                        7.489851434522003
                    ],
                    [
                        0.943294174219147,
                        7.489273549279884
                    ],
                    [
                        0.9400492542196859,
                        7.488985576015476
                    ],
                    [
                        0.9303097912024882,
                        7.485197440670596
                    ],
                    [
                        0.9156356313354852,
                        7.474527026271131
                    ],
                    [
                        0.9047099783181034,
                        7.464015456841906
                    ],
                    [
                        0.8733607058463555,
                        7.398848275998321
                    ],
                    [
                        0.8506517416990622,
                        7.349706332892518
                    ],
                    [
                        0.835883360923384,
                        7.321647005599691
                    ],
                    [
                        0.8261977651840047,
                        7.311385484235736
                    ],
                    [
                        0.818825456805552,
                        7.310937161034503
                    ],
                    [
                        0.8142172447421925,
                        7.310713951126942
                    ],
                    [
                        0.8093784382331548,
                        7.299450088136995
                    ],
                    [
                        0.809377998167331,
                        7.298993564331774
                    ],
                    [
                        0.8008414929636554,
                        7.278689332769319
                    ],
                    [
                        0.7908959983684594,
                        7.236158928321979
                    ],
                    [
                        0.7878864765784432,
                        7.218586230527474
                    ],
                    [
                        0.7732497969884622,
                        7.200126398210132
                    ],
                    [
                        0.7486116959342692,
                        7.183491438093002
                    ],
                    [
                        0.7494939909983778,
                        7.174345836007157
                    ],
                    [
                        0.7359699930699248,
                        7.156110334411967
                    ],
                    [
                        0.7310789623058267,
                        7.135258670508033
                    ],
                    [
                        0.7318222830553789,
                        7.122223422355924
                    ],
                    [
                        0.7261781588090654,
                        7.100633804459884
                    ],
                    [
                        0.7209109896532939,
                        7.083141099591201
                    ],
                    [
                        0.7095629512589574,
                        7.062572526960235
                    ],
                    [
                        0.7076787146844299,
                        7.045811058411993
                    ],
                    [
                        0.7012913706644919,
                        7.030175828030805
                    ],
                    [
                        0.6934052415011993,
                        7.019385517800857
                    ],
                    [
                        0.6788639942568042,
                        7.01406528955133
                    ],
                    [
                        0.6785862725061476,
                        7.013926540138996
                    ],
                    [
                        0.6631181412723719,
                        7.000068298264294
                    ],
                    [
                        0.6543063356614454,
                        6.991923348863288
                    ],
                    [
                        0.6534013457337684,
                        6.983826587769157
                    ],
                    [
                        0.650435093051589,
                        6.972693989590447
                    ],
                    [
                        0.6459947002510158,
                        6.970614570353121
                    ],
                    [
                        0.6467628379932089,
                        6.963539546473684
                    ],
                    [
                        0.6402173604010142,
                        6.95186040526016
                    ],
                    [
                        0.6329606497814666,
                        6.933997297941326
                    ],
                    [
                        0.6345226552230177,
                        6.907102558696965
                    ],
                    [
                        0.6371300508752469,
                        6.902154581589873
                    ]
                ]
            },
            "properties": {
                "id": "fb9e4840-6a8c-484a-ae1c-60ba28d6dca1",
                "name": "Atakpame - Kpalime",
                "start": {
                    "name": "Atakpame",
                    "id": "9e45f374-c648-465e-8551-be8b9ca0c66b",
                    "networkProviders": [
                        {
                            "id": "7d12eb6e-73dd-4d46-82df-4a84e7d22dbb",
                            "name": "Yas"
                        }
                    ],
                    "status": "operational",
                    "location": {
                        "type": "Point",
                        "coordinates": [
                            1.1305563472813924,
                            7.5289676694838015
                        ]
                    },
                    "transmissionMediumOwner": {
                        "id": "e3efec38-70c3-488b-bdda-593bd8527a08",
                        "name": "Togocom"
                    }
                },
                "end": {
                    "name": "Kpalime",
                    "id": "80c2eed6-1ddd-4a10-b473-9b73ff378582",
                    "networkProviders": [
                        {
                            "id": "7d12eb6e-73dd-4d46-82df-4a84e7d22dbb",
                            "name": "Yas"
                        }
                    ],
                    "status": "operational",
                    "location": {
                        "type": "Point",
                        "coordinates": [
                            0.637176657599335,
                            6.902066137397052
                        ]
                    },
                    "transmissionMediumOwner": {
                        "id": "e3efec38-70c3-488b-bdda-593bd8527a08",
                        "name": "Togocom"
                    }
                },
                "status": "operational",
                "networkProviders": [
                    {
                        "id": "7d12eb6e-73dd-4d46-82df-4a84e7d22dbb",
                        "name": "Yas"
                    }
                ],
                "transmissionMediumOwner": {
                    "id": "e3efec38-70c3-488b-bdda-593bd8527a08",
                    "name": "Togocom"
                },
                "network": {
                    "id": "74cb3dbf-03be-4c46-8a28-674a29c46ffd",
                    "name": "Togocom",
                    "links": [
                        {
                            "rel": "describedby",
                            "href": "https://standard.ofds.info/en/0__4__0/network-schema.json"
                        }
                    ]
                },
                "featureType": "span"
            }
        },
        {
            "type": "Feature",
            "geometry": {
                "type": "LineString",
                "coordinates": [
                    [
                        0.637223264323423,
                        6.901977693204232
                    ],
                    [
                        0.6493959449696662,
                        6.878877959522439
                    ],
                    [
                        0.6510931620053784,
                        6.878036987897022
                    ],
                    [
                        0.6610501351500253,
                        6.87404296919842
                    ],
                    [
                        0.6627388940430512,
                        6.874041589049969
                    ],
                    [
                        0.6671731656816271,
                        6.87382826844584
                    ],
                    [
                        0.6692838755959962,
                        6.873826528877098
                    ],
                    [
                        0.6716069571363503,
                        6.873614941695319
                    ],
                    [
                        0.6756182102138064,
                        6.873401958387007
                    ],
                    [
                        0.690615141710873,
                        6.870245783864479
                    ],
                    [
                        0.6994916355248737,
                        6.865422159492106
                    ],
                    [
                        0.701388233660396,
                        6.865629859840647
                    ],
                    [
                        0.7047625367624288,
                        6.865208418671831
                    ],
                    [
                        0.7129877814531804,
                        6.86331822374953
                    ],
                    [
                        0.7167564875045129,
                        6.859134274988464
                    ],
                    [
                        0.7166143158545601,
                        6.848989234409306
                    ],
                    [
                        0.740564392007601,
                        6.843899506087672
                    ],
                    [
                        0.7649185671942971,
                        6.828668747929507
                    ],
                    [
                        0.7826667033565693,
                        6.810715064462562
                    ],
                    [
                        0.802021106952544,
                        6.781648977107523
                    ],
                    [
                        0.8116824744440954,
                        6.762236819905447
                    ],
                    [
                        0.8181554401148827,
                        6.7439511436686
                    ],
                    [
                        0.8201840145596861,
                        6.723414904045146
                    ],
                    [
                        0.8313269821124347,
                        6.694130393246541
                    ],
                    [
                        0.8485164993707128,
                        6.657871673273327
                    ],
                    [
                        0.8495776565942847,
                        6.656395065140442
                    ],
                    [
                        0.8654676366207181,
                        6.620057021045454
                    ],
                    [
                        0.8923889274417807,
                        6.575850388370335
                    ],
                    [
                        0.8965988937744873,
                        6.569747881285244
                    ],
                    [
                        0.8938485899224258,
                        6.566600395202467
                    ],
                    [
                        0.8832864485129188,
                        6.553611264360976
                    ],
                    [
                        0.881597685629385,
                        6.549635694312602
                    ],
                    [
                        0.9082204361830404,
                        6.463558430270117
                    ],
                    [
                        0.9130296828893725,
                        6.451887020479472
                    ],
                    [
                        0.9290216652592376,
                        6.427053788040914
                    ],
                    [
                        0.9558813760318996,
                        6.404417179779742
                    ],
                    [
                        0.9756281041415305,
                        6.384811205538952
                    ],
                    [
                        0.9890823382799585,
                        6.367563165713094
                    ],
                    [
                        1.000899168212164,
                        6.343685410793968
                    ],
                    [
                        1.025573297730149,
                        6.283964202811136
                    ],
                    [
                        1.036007285447498,
                        6.260615866942877
                    ],
                    [
                        1.058764966700301,
                        6.240878918577895
                    ],
                    [
                        1.083597822838314,
                        6.240421691852313
                    ],
                    [
                        1.115094575496804,
                        6.229296858402417
                    ],
                    [
                        1.164557306452818,
                        6.186042498895082
                    ],
                    [
                        1.191560776696008,
                        6.170783292176094
                    ],
                    [
                        1.200159094379019,
                        6.169726766910212
                    ],
                    [
                        1.202434306335816,
                        6.165771557302316
                    ],
                    [
                        1.202130655649041,
                        6.154767514799206
                    ],
                    [
                        1.202292627773933,
                        6.149170088290234
                    ],
                    [
                        1.214965605352276,
                        6.138174151290337
                    ],
                    [
                        1.2208037580047382,
                        6.130569194292196
                    ]
                ]
            },
            "properties": {
                "id": "035f338c-a752-4eaa-ab3e-10a53a3b18e3",
                "name": "Kpalime - Lome",
                "start": {
                    "name": "Kpalime",
                    "id": "80c2eed6-1ddd-4a10-b473-9b73ff378582",
                    "networkProviders": [
                        {
                            "id": "7d12eb6e-73dd-4d46-82df-4a84e7d22dbb",
                            "name": "Yas"
                        }
                    ],
                    "status": "operational",
                    "location": {
                        "type": "Point",
                        "coordinates": [
                            0.637176657599335,
                            6.902066137397052
                        ]
                    },
                    "transmissionMediumOwner": {
                        "id": "e3efec38-70c3-488b-bdda-593bd8527a08",
                        "name": "Togocom"
                    }
                },
                "end": {
                    "name": "Lome",
                    "id": "0052eed4-c118-4b01-976e-d03c50e42cad",
                    "networkProviders": [
                        {
                            "id": "7d12eb6e-73dd-4d46-82df-4a84e7d22dbb",
                            "name": "Yas"
                        }
                    ],
                    "status": "operational",
                    "location": {
                        "type": "Point",
                        "coordinates": [
                            1.2208645866489718,
                            6.13048995703151
                        ]
                    },
                    "transmissionMediumOwner": {
                        "id": "e3efec38-70c3-488b-bdda-593bd8527a08",
                        "name": "Togocom"
                    }
                },
                "status": "operational",
                "networkProviders": [
                    {
                        "id": "7d12eb6e-73dd-4d46-82df-4a84e7d22dbb",
                        "name": "Yas"
                    }
                ],
                "transmissionMediumOwner": {
                    "id": "e3efec38-70c3-488b-bdda-593bd8527a08",
                    "name": "Togocom"
                },
                "network": {
                    "id": "74cb3dbf-03be-4c46-8a28-674a29c46ffd",
                    "name": "Togocom",
                    "links": [
                        {
                            "rel": "describedby",
                            "href": "https://standard.ofds.info/en/0__4__0/network-schema.json"
                        }
                    ]
                },
                "featureType": "span"
            }
        },
        {
            "type": "Feature",
            "geometry": {
                "type": "LineString",
                "coordinates": [
                    [
                        1.1305563472813924,
                        7.5289676694838015
                    ],
                    [
                        1.139085867892924,
                        7.527995471281542
                    ],
                    [
                        1.147494007151406,
                        7.527128576377132
                    ],
                    [
                        1.149733718642936,
                        7.527583658743342
                    ],
                    [
                        1.149673067279644,
                        7.527977467949428
                    ],
                    [
                        1.148933192815849,
                        7.532066936452683
                    ],
                    [
                        1.148937185085004,
                        7.532398215945743
                    ],
                    [
                        1.146488482342309,
                        7.539078613875994
                    ],
                    [
                        1.146042807037968,
                        7.541371465467713
                    ],
                    [
                        1.151066595745545,
                        7.564501647207641
                    ],
                    [
                        1.170057166234977,
                        7.597221683696715
                    ],
                    [
                        1.180979383672838,
                        7.646509503082719
                    ],
                    [
                        1.194305371443281,
                        7.679374437190435
                    ],
                    [
                        1.195451025295726,
                        7.682368872229359
                    ],
                    [
                        1.195452664495202,
                        7.682743506823891
                    ],
                    [
                        1.199012398651227,
                        7.717655218412244
                    ],
                    [
                        1.199575394995831,
                        7.740488901034144
                    ],
                    [
                        1.195637347329788,
                        7.747684722543907
                    ],
                    [
                        1.194671165866672,
                        7.758912835197905
                    ],
                    [
                        1.194419213672104,
                        7.759163020670343
                    ],
                    [
                        1.194206621601277,
                        7.769411426698261
                    ],
                    [
                        1.221831170885923,
                        7.773364079625527
                    ],
                    [
                        1.193453868745369,
                        7.771164297608189
                    ],
                    [
                        1.191772071916868,
                        7.795494189390848
                    ],
                    [
                        1.187941803180066,
                        7.9099907291539
                    ],
                    [
                        1.198810312182048,
                        7.930750302166654
                    ],
                    [
                        1.198813571822046,
                        7.931501042720722
                    ],
                    [
                        1.191674006674202,
                        7.987350164472286
                    ],
                    [
                        1.178502150201663,
                        8.013410261418027
                    ],
                    [
                        1.144789240730211,
                        8.071583095884579
                    ],
                    [
                        1.137947900741854,
                        8.07786501183827
                    ],
                    [
                        1.135176114958738,
                        8.104535303540857
                    ],
                    [
                        1.134930741330762,
                        8.117411557797588
                    ],
                    [
                        1.135443701054359,
                        8.122215373899882
                    ],
                    [
                        1.129328197459092,
                        8.121972591882201
                    ],
                    [
                        1.134425442358478,
                        8.123735224557048
                    ],
                    [
                        1.139615606526163,
                        8.172088920572735
                    ],
                    [
                        1.140661045776052,
                        8.194826638616846
                    ],
                    [
                        1.135580907748606,
                        8.220722969128223
                    ],
                    [
                        1.147086157004971,
                        8.222993909152773
                    ],
                    [
                        1.135582567858715,
                        8.223013239624244
                    ],
                    [
                        1.119477297942726,
                        8.252391950793168
                    ],
                    [
                        1.111327096293055,
                        8.274246513021554
                    ],
                    [
                        1.094745522843052,
                        8.293171651476495
                    ],
                    [
                        1.076085389722907,
                        8.307103099981418
                    ],
                    [
                        1.065115585241361,
                        8.317521503374826
                    ],
                    [
                        1.064101455239725,
                        8.31802327795763
                    ],
                    [
                        1.049132011489677,
                        8.325304003029583
                    ],
                    [
                        1.038959449321957,
                        8.33484488618253
                    ],
                    [
                        1.021943574937898,
                        8.335118984617118
                    ],
                    [
                        1.014041880853014,
                        8.340904229088823
                    ],
                    [
                        1.009702952772586,
                        8.344428051113924
                    ],
                    [
                        0.9791012323421877,
                        8.323890436011974
                    ],
                    [
                        1.008930834227706,
                        8.346188949476641
                    ],
                    [
                        0.9972964278030205,
                        8.375704040688047
                    ],
                    [
                        0.9928904545147077,
                        8.385832585249682
                    ],
                    [
                        0.990817335644496,
                        8.4237957713703
                    ],
                    [
                        0.9904208974471462,
                        8.443909362149965
                    ],
                    [
                        0.9893385915131714,
                        8.452733335787352
                    ],
                    [
                        0.9884960561377443,
                        8.463340337290422
                    ],
                    [
                        0.9822607276051643,
                        8.477523042546542
                    ],
                    [
                        0.9710802817396624,
                        8.507681322308176
                    ],
                    [
                        0.9624339248216018,
                        8.538434292673573
                    ],
                    [
                        0.9785040469097428,
                        8.566342338297071
                    ],
                    [
                        1.017393287763504,
                        8.552927196726996
                    ],
                    [
                        0.9795880582405214,
                        8.567765701104156
                    ],
                    [
                        1.007927244619109,
                        8.618801817197289
                    ],
                    [
                        1.004339371962875,
                        8.626882110428927
                    ],
                    [
                        1.011462115513484,
                        8.634706638185554
                    ],
                    [
                        1.015437593158024,
                        8.646914644362676
                    ],
                    [
                        1.017972620573429,
                        8.651428887521927
                    ],
                    [
                        1.018479094062137,
                        8.652934887594387
                    ],
                    [
                        1.018478444300293,
                        8.6534372054763
                    ],
                    [
                        1.019735106447035,
                        8.665756419020743
                    ],
                    [
                        1.023799688616553,
                        8.675576856233358
                    ],
                    [
                        1.026345153217294,
                        8.679357219656854
                    ],
                    [
                        1.024170034860286,
                        8.697215149221357
                    ],
                    [
                        1.024677465350212,
                        8.69771530761111
                    ],
                    [
                        1.047059909711536,
                        8.727312631228266
                    ],
                    [
                        1.053204524384173,
                        8.745460144104348
                    ],
                    [
                        1.06055446771657,
                        8.770481503367105
                    ],
                    [
                        1.073559123089542,
                        8.81488832952385
                    ],
                    [
                        1.080443904015607,
                        8.833576870815339
                    ],
                    [
                        1.071070151356925,
                        8.847612351368188
                    ],
                    [
                        1.076780526556382,
                        8.87376103405525
                    ],
                    [
                        1.077551312044078,
                        8.875007380852985
                    ],
                    [
                        1.088906514180474,
                        8.896491077427134
                    ],
                    [
                        1.097428659375148,
                        8.910021228624066
                    ],
                    [
                        1.115223742704614,
                        8.9298682046774
                    ],
                    [
                        1.11599191032129,
                        8.930119083686376
                    ],
                    [
                        1.129198982502218,
                        8.945244147895712
                    ],
                    [
                        1.135528278501965,
                        8.959662702355933
                    ],
                    [
                        1.137940651493172,
                        8.972095127495912
                    ],
                    [
                        1.1444889943135736,
                        8.977773397441352
                    ]
                ]
            },
            "properties": {
                "id": "d3e26e39-84b2-4719-9cbb-f4328317df5f",
                "name": "Atakpame - Sokode",
                "start": {
                    "name": "Atakpame",
                    "id": "9e45f374-c648-465e-8551-be8b9ca0c66b",
                    "networkProviders": [
                        {
                            "id": "7d12eb6e-73dd-4d46-82df-4a84e7d22dbb",
                            "name": "Yas"
                        }
                    ],
                    "status": "operational",
                    "location": {
                        "type": "Point",
                        "coordinates": [
                            1.1305563472813924,
                            7.5289676694838015
                        ]
                    },
                    "transmissionMediumOwner": {
                        "id": "e3efec38-70c3-488b-bdda-593bd8527a08",
                        "name": "Togocom"
                    }
                },
                "end": {
                    "name": "Sokode",
                    "id": "019148e0-b9d2-4e26-8ab2-4f8fb73ac343",
                    "networkProviders": [
                        {
                            "id": "7d12eb6e-73dd-4d46-82df-4a84e7d22dbb",
                            "name": "Yas"
                        }
                    ],
                    "status": "operational",
                    "location": {
                        "type": "Point",
                        "coordinates": [
                            1.144564473048524,
                            8.977838847379441
                        ]
                    },
                    "transmissionMediumOwner": {
                        "id": "e3efec38-70c3-488b-bdda-593bd8527a08",
                        "name": "Togocom"
                    }
                },
                "status": "operational",
                "networkProviders": [
                    {
                        "id": "7d12eb6e-73dd-4d46-82df-4a84e7d22dbb",
                        "name": "Yas"
                    }
                ],
                "transmissionMediumOwner": {
                    "id": "e3efec38-70c3-488b-bdda-593bd8527a08",
                    "name": "Togocom"
                },
                "network": {
                    "id": "74cb3dbf-03be-4c46-8a28-674a29c46ffd",
                    "name": "Togocom",
                    "links": [
                        {
                            "rel": "describedby",
                            "href": "https://standard.ofds.info/en/0__4__0/network-schema.json"
                        }
                    ]
                },
                "featureType": "span"
            }
        },
        {
            "type": "Feature",
            "geometry": {
                "type": "LineString",
                "coordinates": [
                    [
                        1.144564473048524,
                        8.977838847379441
                    ],
                    [
                        1.138799759714055,
                        8.987844993456685
                    ],
                    [
                        1.138790949765665,
                        8.989251631289438
                    ],
                    [
                        1.138920019372167,
                        8.991362969027966
                    ],
                    [
                        1.13585140269189,
                        9.002945246773828
                    ],
                    [
                        1.139319829075671,
                        9.018847391041833
                    ],
                    [
                        1.14129034551685,
                        9.02469521760766
                    ],
                    [
                        1.137663133132061,
                        9.027960130959073
                    ],
                    [
                        1.135992285488838,
                        9.036864056437317
                    ],
                    [
                        1.135994208246032,
                        9.037560900987343
                    ],
                    [
                        1.134760359088387,
                        9.053788359344612
                    ],
                    [
                        1.134224723069348,
                        9.067585946072207
                    ],
                    [
                        1.135214468212111,
                        9.084700827364106
                    ],
                    [
                        1.13979024340626,
                        9.09823291754089
                    ],
                    [
                        1.144973757944578,
                        9.11244751251105
                    ],
                    [
                        1.149886891797895,
                        9.132994057653605
                    ],
                    [
                        1.157206736812115,
                        9.145851393968629
                    ],
                    [
                        1.16521457350732,
                        9.156946314034947
                    ],
                    [
                        1.1808953568978,
                        9.169952722169292
                    ],
                    [
                        1.18904413930043,
                        9.175785844646292
                    ],
                    [
                        1.191922106651864,
                        9.18091841983805
                    ],
                    [
                        1.196027072781058,
                        9.190277845061276
                    ],
                    [
                        1.199729622912469,
                        9.200922634721293
                    ],
                    [
                        1.201887466047704,
                        9.210504647303301
                    ],
                    [
                        1.198728577127204,
                        9.216251915703156
                    ],
                    [
                        1.199303729967398,
                        9.219959690875674
                    ],
                    [
                        1.192429182783328,
                        9.228923816266283
                    ],
                    [
                        1.190470291452543,
                        9.237913537270511
                    ],
                    [
                        1.19143108431935,
                        9.246966629562694
                    ],
                    [
                        1.197747437896184,
                        9.259497850658864
                    ],
                    [
                        1.198593097334379,
                        9.260187474829566
                    ],
                    [
                        1.199015962242409,
                        9.260601482323025
                    ],
                    [
                        1.207636720469343,
                        9.275008898855534
                    ],
                    [
                        1.216831484113714,
                        9.273602359865702
                    ],
                    [
                        1.222638167159389,
                        9.274982690146041
                    ],
                    [
                        1.223497260305151,
                        9.277207832302922
                    ],
                    [
                        1.22832763738919,
                        9.280124938772898
                    ],
                    [
                        1.233013391543198,
                        9.28165050358363
                    ],
                    [
                        1.233296866884279,
                        9.281649990853575
                    ],
                    [
                        1.236850649018668,
                        9.283038982317667
                    ],
                    [
                        1.23719792142378,
                        9.291351189188758
                    ],
                    [
                        1.238926790972763,
                        9.296838869584928
                    ],
                    [
                        1.238935335243614,
                        9.297938580980489
                    ],
                    [
                        1.237307977411704,
                        9.3062059470658
                    ],
                    [
                        1.237945053075926,
                        9.315883073258616
                    ],
                    [
                        1.238374171397643,
                        9.316575106832731
                    ],
                    [
                        1.241382832049818,
                        9.321563951608223
                    ],
                    [
                        1.244552336613023,
                        9.327955429012874
                    ],
                    [
                        1.246855863201759,
                        9.331853821926357
                    ],
                    [
                        1.246862510427469,
                        9.332551405756849
                    ],
                    [
                        1.246610679610809,
                        9.335903237209369
                    ],
                    [
                        1.246199434716331,
                        9.337441647745504
                    ],
                    [
                        1.240224485846442,
                        9.335775214687734
                    ],
                    [
                        1.240956960754529,
                        9.338570150501416
                    ],
                    [
                        1.241112845408774,
                        9.340249244724975
                    ],
                    [
                        1.23770226724091,
                        9.33997543673312
                    ],
                    [
                        1.236152289722716,
                        9.34165859702333
                    ],
                    [
                        1.237880397150313,
                        9.344739332267768
                    ],
                    [
                        1.238736609814921,
                        9.345158638637617
                    ],
                    [
                        1.242311335002502,
                        9.347538449945183
                    ],
                    [
                        1.242992823761926,
                        9.350401394567479
                    ],
                    [
                        1.243026096894415,
                        9.356075452807238
                    ],
                    [
                        1.240377685203002,
                        9.362879616731004
                    ],
                    [
                        1.235180257422546,
                        9.371939006377191
                    ],
                    [
                        1.234064766938443,
                        9.376688805502933
                    ],
                    [
                        1.234669929522747,
                        9.385931745520905
                    ],
                    [
                        1.227170215946982,
                        9.401151570963798
                    ],
                    [
                        1.222302523680618,
                        9.407477721565597
                    ],
                    [
                        1.222447427932856,
                        9.408307884334965
                    ],
                    [
                        1.222486962112905,
                        9.417183966311374
                    ],
                    [
                        1.219126081030508,
                        9.426657777957665
                    ],
                    [
                        1.21290229530322,
                        9.43309517711945
                    ],
                    [
                        1.2119444332316,
                        9.449804895562197
                    ],
                    [
                        1.21463251970791,
                        9.455987411480658
                    ],
                    [
                        1.216497940876864,
                        9.46405964271201
                    ],
                    [
                        1.212125095902183,
                        9.474411176001787
                    ],
                    [
                        1.209719506857321,
                        9.48058764657125
                    ],
                    [
                        1.209028308261162,
                        9.486729052759921
                    ],
                    [
                        1.208197566663809,
                        9.499069794067312
                    ],
                    [
                        1.208635510963294,
                        9.508401222374536
                    ],
                    [
                        1.208938473817198,
                        9.521416526733981
                    ],
                    [
                        1.198398645749126,
                        9.53678328875844
                    ],
                    [
                        1.196823338188389,
                        9.541169940071411
                    ],
                    [
                        1.197536989419798,
                        9.541876586852387
                    ],
                    [
                        1.197960358991059,
                        9.547546698245283
                    ],
                    [
                        1.198245260018289,
                        9.548966108707768
                    ],
                    [
                        1.1977679940206944,
                        9.548877443826866
                    ]
                ]
            },
            "properties": {
                "id": "5a9c144b-3375-4990-8eff-341d2c0e3138",
                "name": "Sokode - Kara",
                "start": {
                    "name": "Sokode",
                    "id": "019148e0-b9d2-4e26-8ab2-4f8fb73ac343",
                    "networkProviders": [
                        {
                            "id": "7d12eb6e-73dd-4d46-82df-4a84e7d22dbb",
                            "name": "Yas"
                        }
                    ],
                    "status": "operational",
                    "location": {
                        "type": "Point",
                        "coordinates": [
                            1.144564473048524,
                            8.977838847379441
                        ]
                    },
                    "transmissionMediumOwner": {
                        "id": "e3efec38-70c3-488b-bdda-593bd8527a08",
                        "name": "Togocom"
                    }
                },
                "end": {
                    "name": "Kara",
                    "id": "4067d296-742b-4c53-8c8e-e5c922dacf6d",
                    "networkProviders": [
                        {
                            "id": "7d12eb6e-73dd-4d46-82df-4a84e7d22dbb",
                            "name": "Yas"
                        }
                    ],
                    "status": "operational",
                    "location": {
                        "type": "Point",
                        "coordinates": [
                            1.1976697295119025,
                            9.548859188575051
                        ]
                    },
                    "transmissionMediumOwner": {
                        "id": "e3efec38-70c3-488b-bdda-593bd8527a08",
                        "name": "Togocom"
                    }
                },
                "status": "operational",
                "networkProviders": [
                    {
                        "id": "7d12eb6e-73dd-4d46-82df-4a84e7d22dbb",
                        "name": "Yas"
                    }
                ],
                "transmissionMediumOwner": {
                    "id": "e3efec38-70c3-488b-bdda-593bd8527a08",
                    "name": "Togocom"
                },
                "network": {
                    "id": "74cb3dbf-03be-4c46-8a28-674a29c46ffd",
                    "name": "Togocom",
                    "links": [
                        {
                            "rel": "describedby",
                            "href": "https://standard.ofds.info/en/0__4__0/network-schema.json"
                        }
                    ]
                },
                "featureType": "span"
            }
        },
        {
            "type": "Feature",
            "geometry": {
                "type": "LineString",
                "coordinates": [
                    [
                        1.1975714650031104,
                        9.548840933323236
                    ],
                    [
                        1.19508771772306,
                        9.548379511060002
                    ],
                    [
                        1.189418937746649,
                        9.5462967263892
                    ],
                    [
                        1.187983231615548,
                        9.55202222161119
                    ],
                    [
                        1.183843936584572,
                        9.557486113378225
                    ],
                    [
                        1.178091229107432,
                        9.569825329128632
                    ],
                    [
                        1.174635310012675,
                        9.580650908230607
                    ],
                    [
                        1.172207479478722,
                        9.583715638179987
                    ],
                    [
                        1.183079879474971,
                        9.593464117112608
                    ],
                    [
                        1.171067927838212,
                        9.584552920629239
                    ],
                    [
                        1.15681882697902,
                        9.61009498813969
                    ],
                    [
                        1.146307462523235,
                        9.625941963860699
                    ],
                    [
                        1.13899142527272,
                        9.631812882313165
                    ],
                    [
                        1.14399134299255,
                        9.647095807547458
                    ],
                    [
                        1.144469988176038,
                        9.656623901545418
                    ],
                    [
                        1.144466249444813,
                        9.657039074005437
                    ],
                    [
                        1.141688356875921,
                        9.666612236663745
                    ],
                    [
                        1.141682998720122,
                        9.66716818156112
                    ],
                    [
                        1.1385653401741394,
                        9.673042314047459
                    ]
                ]
            },
            "properties": {
                "id": "0ad2c544-b76b-434a-968c-4b4167aedb1f",
                "name": "Kara - Pya",
                "start": {
                    "name": "Kara",
                    "id": "4067d296-742b-4c53-8c8e-e5c922dacf6d",
                    "networkProviders": [
                        {
                            "id": "7d12eb6e-73dd-4d46-82df-4a84e7d22dbb",
                            "name": "Yas"
                        }
                    ],
                    "status": "operational",
                    "location": {
                        "type": "Point",
                        "coordinates": [
                            1.1976697295119025,
                            9.548859188575051
                        ]
                    },
                    "transmissionMediumOwner": {
                        "id": "e3efec38-70c3-488b-bdda-593bd8527a08",
                        "name": "Togocom"
                    }
                },
                "end": {
                    "name": "Pya",
                    "id": "db74449c-c45e-428d-8399-2ffbbc7ea017",
                    "networkProviders": [
                        {
                            "id": "7d12eb6e-73dd-4d46-82df-4a84e7d22dbb",
                            "name": "Yas"
                        }
                    ],
                    "status": "operational",
                    "location": {
                        "type": "Point",
                        "coordinates": [
                            1.1385184660928067,
                            9.67313063178972
                        ]
                    },
                    "transmissionMediumOwner": {
                        "id": "e3efec38-70c3-488b-bdda-593bd8527a08",
                        "name": "Togocom"
                    }
                },
                "status": "operational",
                "networkProviders": [
                    {
                        "id": "7d12eb6e-73dd-4d46-82df-4a84e7d22dbb",
                        "name": "Yas"
                    }
                ],
                "transmissionMediumOwner": {
                    "id": "e3efec38-70c3-488b-bdda-593bd8527a08",
                    "name": "Togocom"
                },
                "network": {
                    "id": "74cb3dbf-03be-4c46-8a28-674a29c46ffd",
                    "name": "Togocom",
                    "links": [
                        {
                            "rel": "describedby",
                            "href": "https://standard.ofds.info/en/0__4__0/network-schema.json"
                        }
                    ]
                },
                "featureType": "span"
            }
        },
        {
            "type": "Feature",
            "geometry": {
                "type": "LineString",
                "coordinates": [
                    [
                        1.1384744458772877,
                        9.673220299309985
                    ],
                    [
                        1.132215187881416,
                        9.68642900152482
                    ],
                    [
                        1.126750996459003,
                        9.698860036678543
                    ],
                    [
                        1.123699987697568,
                        9.70840132762076
                    ],
                    [
                        1.11863032161847,
                        9.718832188851282
                    ],
                    [
                        1.116269354904438,
                        9.724698841306171
                    ],
                    [
                        1.115708863188298,
                        9.732865179455683
                    ],
                    [
                        1.109723686731392,
                        9.745648383910844
                    ],
                    [
                        1.109022732112084,
                        9.748610973962002
                    ],
                    [
                        1.107446971547152,
                        9.755703811285372
                    ],
                    [
                        1.106824601666421,
                        9.763393050134358
                    ],
                    [
                        1.106786027279596,
                        9.766028680758522
                    ],
                    [
                        1.103342184352984,
                        9.77677405078816
                    ],
                    [
                        1.099396443377452,
                        9.784839053975587
                    ],
                    [
                        1.097793418907806,
                        9.791037199596532
                    ],
                    [
                        1.09630469792046,
                        9.804175116524679
                    ],
                    [
                        1.095674251286083,
                        9.809115692391043
                    ],
                    [
                        1.088392983466901,
                        9.816073504529792
                    ],
                    [
                        1.081501373675384,
                        9.82315932109792
                    ],
                    [
                        1.078817914250376,
                        9.824492422558185
                    ],
                    [
                        1.078599370157873,
                        9.824632850669532
                    ],
                    [
                        1.078238483630152,
                        9.824703416874563
                    ],
                    [
                        1.077804143359342,
                        9.824844190036574
                    ],
                    [
                        1.07729933624829,
                        9.824914975755233
                    ],
                    [
                        1.07657235418638,
                        9.825266624863042
                    ],
                    [
                        1.076422072041312,
                        9.825547527787462
                    ],
                    [
                        1.07521191800789,
                        9.828011458075217
                    ],
                    [
                        1.0756583982844,
                        9.830484262800942
                    ],
                    [
                        1.078789411204393,
                        9.837717733507082
                    ],
                    [
                        1.082053335446953,
                        9.843372456190005
                    ],
                    [
                        1.086646996190044,
                        9.850115367237294
                    ],
                    [
                        1.08931357530738,
                        9.855442083265077
                    ],
                    [
                        1.090546145575051,
                        9.861963007401046
                    ],
                    [
                        1.089232894936596,
                        9.86921573893795
                    ],
                    [
                        1.088901766980241,
                        9.876253834265313
                    ],
                    [
                        1.088263182997848,
                        9.881124130740208
                    ],
                    [
                        1.08546786791982,
                        9.888076512836923
                    ],
                    [
                        1.088931531133743,
                        9.901871179717098
                    ],
                    [
                        1.089035136710921,
                        9.905522826831204
                    ],
                    [
                        1.089080255050845,
                        9.90797078833373
                    ],
                    [
                        1.08922373844589,
                        9.90818710712569
                    ],
                    [
                        1.091808391538382,
                        9.91296847085634
                    ],
                    [
                        1.093844032326017,
                        9.915300517035764
                    ],
                    [
                        1.094276485270491,
                        9.91654435760288
                    ],
                    [
                        1.095473303381627,
                        9.919939530298066
                    ],
                    [
                        1.092907977160238,
                        9.922671735288183
                    ],
                    [
                        1.089068376345805,
                        9.9271582149367
                    ],
                    [
                        1.082530501584995,
                        9.935262255979676
                    ],
                    [
                        1.077831979237525,
                        9.938619700823658
                    ],
                    [
                        1.077614716285475,
                        9.938906130187409
                    ],
                    [
                        1.072080613695587,
                        9.943439953292039
                    ],
                    [
                        1.065310982821117,
                        9.949980259282396
                    ],
                    [
                        1.058503490493594,
                        9.953725016771674
                    ],
                    [
                        1.058130799031942,
                        9.95401957179045
                    ],
                    [
                        1.057534546999155,
                        9.95446174988873
                    ],
                    [
                        1.057237432920854,
                        9.954609356253219
                    ],
                    [
                        1.051641551954612,
                        9.957865372083091
                    ],
                    [
                        1.051492146809976,
                        9.95793962605294
                    ],
                    [
                        1.0495548936335,
                        9.958609192864362
                    ],
                    [
                        1.0460120406809057,
                        9.95571970419729
                    ]
                ]
            },
            "properties": {
                "id": "7fff3435-d4df-431e-9267-6b6c4247ce6f",
                "name": "Pya - Kante",
                "start": {
                    "name": "Pya",
                    "id": "db74449c-c45e-428d-8399-2ffbbc7ea017",
                    "networkProviders": [
                        {
                            "id": "7d12eb6e-73dd-4d46-82df-4a84e7d22dbb",
                            "name": "Yas"
                        }
                    ],
                    "status": "operational",
                    "location": {
                        "type": "Point",
                        "coordinates": [
                            1.1385184660928067,
                            9.67313063178972
                        ]
                    },
                    "transmissionMediumOwner": {
                        "id": "e3efec38-70c3-488b-bdda-593bd8527a08",
                        "name": "Togocom"
                    }
                },
                "end": {
                    "name": "Kante",
                    "id": "47dab33e-2734-4403-92f1-97014a4ee9c5",
                    "networkProviders": [
                        {
                            "id": "7d12eb6e-73dd-4d46-82df-4a84e7d22dbb",
                            "name": "Yas"
                        }
                    ],
                    "status": "operational",
                    "location": {
                        "type": "Point",
                        "coordinates": [
                            1.045934557580854,
                            9.95565651034124
                        ]
                    },
                    "transmissionMediumOwner": {
                        "id": "e3efec38-70c3-488b-bdda-593bd8527a08",
                        "name": "Togocom"
                    }
                },
                "status": "operational",
                "networkProviders": [
                    {
                        "id": "7d12eb6e-73dd-4d46-82df-4a84e7d22dbb",
                        "name": "Yas"
                    }
                ],
                "transmissionMediumOwner": {
                    "id": "e3efec38-70c3-488b-bdda-593bd8527a08",
                    "name": "Togocom"
                },
                "network": {
                    "id": "74cb3dbf-03be-4c46-8a28-674a29c46ffd",
                    "name": "Togocom",
                    "links": [
                        {
                            "rel": "describedby",
                            "href": "https://standard.ofds.info/en/0__4__0/network-schema.json"
                        }
                    ]
                },
                "featureType": "span"
            }
        },
        {
            "type": "Feature",
            "geometry": {
                "type": "LineString",
                "coordinates": [
                    [
                        0.47521435257968175,
                        10.358768930762368
                    ],
                    [
                        0.4714681541648424,
                        10.35824025621093
                    ],
                    [
                        0.4698311569304758,
                        10.36067745505177
                    ],
                    [
                        0.469267665740607,
                        10.36088084983754
                    ],
                    [
                        0.4628543616479375,
                        10.36647507873131
                    ],
                    [
                        0.4465418504772511,
                        10.38727577855727
                    ],
                    [
                        0.4463243344939061,
                        10.38748279260892
                    ],
                    [
                        0.4458890462133458,
                        10.38789705989139
                    ],
                    [
                        0.4372321626120801,
                        10.39899550164656
                    ],
                    [
                        0.4158204869078364,
                        10.42601596314371
                    ],
                    [
                        0.4014832685375769,
                        10.44418561857525
                    ],
                    [
                        0.4000317490377414,
                        10.44705929913143
                    ],
                    [
                        0.3993255692615061,
                        10.45093934471861
                    ],
                    [
                        0.3992811972719434,
                        10.45221538679447
                    ],
                    [
                        0.3920400771961918,
                        10.46454335104551
                    ],
                    [
                        0.3913520327036313,
                        10.46537523264526
                    ],
                    [
                        0.384607438623219,
                        10.47652233724862
                    ],
                    [
                        0.3737136300017174,
                        10.48522946017096
                    ],
                    [
                        0.3658451190240952,
                        10.49167069096861
                    ],
                    [
                        0.3561625339321872,
                        10.50010072120463
                    ],
                    [
                        0.3447293689909392,
                        10.51287482328502
                    ],
                    [
                        0.3299901413142559,
                        10.52869433209933
                    ],
                    [
                        0.3160585984918907,
                        10.54343723928496
                    ],
                    [
                        0.3046673301632219,
                        10.55444157037211
                    ],
                    [
                        0.3003456038764241,
                        10.55920376727838
                    ],
                    [
                        0.2913530151433852,
                        10.56214584686024
                    ],
                    [
                        0.291209599956479,
                        10.56228663596688
                    ],
                    [
                        0.2796519842405454,
                        10.56552649021807
                    ],
                    [
                        0.2665105406020984,
                        10.57726831511595
                    ],
                    [
                        0.2590265829177851,
                        10.58440916389424
                    ],
                    [
                        0.2549575719654862,
                        10.59067633122478
                    ],
                    [
                        0.2550255338309415,
                        10.59081437986951
                    ],
                    [
                        0.2550907234932898,
                        10.59109050227937
                    ],
                    [
                        0.253205218470256,
                        10.59964699794205
                    ],
                    [
                        0.2531960281086043,
                        10.60006799308748
                    ],
                    [
                        0.2531837619050514,
                        10.60062983252418
                    ],
                    [
                        0.2526405931221998,
                        10.60578338962679
                    ],
                    [
                        0.2475230636861836,
                        10.60926526715761
                    ],
                    [
                        0.240390630577858,
                        10.61105751112346
                    ],
                    [
                        0.2331842785448512,
                        10.61225981348982
                    ],
                    [
                        0.2328965166378882,
                        10.61225947802502
                    ],
                    [
                        0.232464874784748,
                        10.61225897470608
                    ],
                    [
                        0.2321064539347084,
                        10.61218726366607
                    ],
                    [
                        0.226271205641686,
                        10.61561321944609
                    ],
                    [
                        0.2179951008605352,
                        10.62582349863619
                    ],
                    [
                        0.2138757934393265,
                        10.63375262244017
                    ],
                    [
                        0.211217805453856,
                        10.63966289455491
                    ],
                    [
                        0.2111335218568944,
                        10.64028820659615
                    ],
                    [
                        0.2109750699787361,
                        10.64105339867009
                    ],
                    [
                        0.2079844384517338,
                        10.64714194585156
                    ],
                    [
                        0.207854962277092,
                        10.65551660510443
                    ],
                    [
                        0.20737419317344932,
                        10.658285232283658
                    ]
                ]
            },
            "properties": {
                "id": "d475ad7d-4a77-4ad6-91a4-b5758d569aab",
                "name": "Mango - Tandjouare",
                "start": {
                    "name": "Mango",
                    "id": "e559c067-1ef0-47d7-8208-db77338e8c63",
                    "networkProviders": [
                        {
                            "id": "7d12eb6e-73dd-4d46-82df-4a84e7d22dbb",
                            "name": "Yas"
                        }
                    ],
                    "status": "operational",
                    "location": {
                        "type": "Point",
                        "coordinates": [
                            0.475313254622356,
                            10.35878288810986
                        ]
                    },
                    "transmissionMediumOwner": {
                        "id": "e3efec38-70c3-488b-bdda-593bd8527a08",
                        "name": "Togocom"
                    }
                },
                "end": {
                    "name": "Tandjouare",
                    "id": "6b55c3d7-f660-4dd0-bdf1-4e9531b80f97",
                    "networkProviders": [
                        {
                            "id": "7d12eb6e-73dd-4d46-82df-4a84e7d22dbb",
                            "name": "Yas"
                        }
                    ],
                    "status": "operational",
                    "location": {
                        "type": "Point",
                        "coordinates": [
                            0.20735709972208688,
                            10.658383669129268
                        ]
                    },
                    "transmissionMediumOwner": {
                        "id": "e3efec38-70c3-488b-bdda-593bd8527a08",
                        "name": "Togocom"
                    }
                },
                "status": "operational",
                "networkProviders": [
                    {
                        "id": "7d12eb6e-73dd-4d46-82df-4a84e7d22dbb",
                        "name": "Yas"
                    }
                ],
                "transmissionMediumOwner": {
                    "id": "e3efec38-70c3-488b-bdda-593bd8527a08",
                    "name": "Togocom"
                },
                "network": {
                    "id": "74cb3dbf-03be-4c46-8a28-674a29c46ffd",
                    "name": "Togocom",
                    "links": [
                        {
                            "rel": "describedby",
                            "href": "https://standard.ofds.info/en/0__4__0/network-schema.json"
                        }
                    ]
                },
                "featureType": "span"
            }
        },
        {
            "type": "Feature",
            "geometry": {
                "type": "LineString",
                "coordinates": [
                    [
                        0.2073400062707242,
                        10.658482105974878
                    ],
                    [
                        0.2062519201607627,
                        10.66474811756871
                    ],
                    [
                        0.2053414542968213,
                        10.67130611396595
                    ],
                    [
                        0.2091454424081673,
                        10.68599223120657
                    ],
                    [
                        0.2095936474423343,
                        10.69064636667563
                    ],
                    [
                        0.2064656291680533,
                        10.7017107056099
                    ],
                    [
                        0.2011405164568081,
                        10.71485474353249
                    ],
                    [
                        0.1974231902665013,
                        10.72592789230348
                    ],
                    [
                        0.1944394101306335,
                        10.73471733122953
                    ],
                    [
                        0.1939439278846611,
                        10.73868333045817
                    ],
                    [
                        0.19406063530371,
                        10.73868346469862
                    ],
                    [
                        0.1942260612757307,
                        10.74372964093388
                    ],
                    [
                        0.2013201078754445,
                        10.76021110208014
                    ],
                    [
                        0.2039329099123521,
                        10.76604545701679
                    ],
                    [
                        0.2017702736998817,
                        10.77760719748177
                    ],
                    [
                        0.1970940599034576,
                        10.7939107701277
                    ],
                    [
                        0.1966982410155715,
                        10.80721124138756
                    ],
                    [
                        0.1964739183403763,
                        10.82639295049651
                    ],
                    [
                        0.1989703430083423,
                        10.83675571281027
                    ],
                    [
                        0.2007709517225331,
                        10.84780409565956
                    ],
                    [
                        0.2055965511516611,
                        10.85270172847573
                    ],
                    [
                        0.2115235535800331,
                        10.85614041384699
                    ],
                    [
                        0.213138102370336,
                        10.86247306791472
                    ],
                    [
                        0.2131207513158628,
                        10.86339823473526
                    ],
                    [
                        0.2131609655468281,
                        10.86745913866562
                    ],
                    [
                        0.2131522643101769,
                        10.86792459451271
                    ],
                    [
                        0.2100185583386827,
                        10.87305963181732
                    ],
                    [
                        0.2055317933090328,
                        10.87504896750582
                    ],
                    [
                        0.20171408870955226,
                        10.875911127082691
                    ]
                ]
            },
            "properties": {
                "id": "c2167085-e7f9-413d-97e4-d7c197531b6a",
                "name": "Tandjouare - Dapaong",
                "start": {
                    "name": "Tandjouare",
                    "id": "6b55c3d7-f660-4dd0-bdf1-4e9531b80f97",
                    "networkProviders": [
                        {
                            "id": "7d12eb6e-73dd-4d46-82df-4a84e7d22dbb",
                            "name": "Yas"
                        }
                    ],
                    "status": "operational",
                    "location": {
                        "type": "Point",
                        "coordinates": [
                            0.20735709972208688,
                            10.658383669129268
                        ]
                    },
                    "transmissionMediumOwner": {
                        "id": "e3efec38-70c3-488b-bdda-593bd8527a08",
                        "name": "Togocom"
                    }
                },
                "end": {
                    "name": "Dapaong",
                    "id": "af77ec53-22ee-4734-b51c-76144392b4e6",
                    "networkProviders": [
                        {
                            "id": "7d12eb6e-73dd-4d46-82df-4a84e7d22dbb",
                            "name": "Yas"
                        }
                    ],
                    "status": "operational",
                    "location": {
                        "type": "Point",
                        "coordinates": [
                            0.2016166361169479,
                            10.875933134989227
                        ]
                    },
                    "transmissionMediumOwner": {
                        "id": "e3efec38-70c3-488b-bdda-593bd8527a08",
                        "name": "Togocom"
                    }
                },
                "status": "operational",
                "networkProviders": [
                    {
                        "id": "7d12eb6e-73dd-4d46-82df-4a84e7d22dbb",
                        "name": "Yas"
                    }
                ],
                "transmissionMediumOwner": {
                    "id": "e3efec38-70c3-488b-bdda-593bd8527a08",
                    "name": "Togocom"
                },
                "network": {
                    "id": "74cb3dbf-03be-4c46-8a28-674a29c46ffd",
                    "name": "Togocom",
                    "links": [
                        {
                            "rel": "describedby",
                            "href": "https://standard.ofds.info/en/0__4__0/network-schema.json"
                        }
                    ]
                },
                "featureType": "span"
            }
        },
        {
            "type": "Feature",
            "geometry": {
                "type": "LineString",
                "coordinates": [
                    [
                        0.20151918352434323,
                        10.875955142895762
                    ],
                    [
                        0.2003524350491959,
                        10.87621863194931
                    ],
                    [
                        0.1832339851712783,
                        10.88760937232934
                    ],
                    [
                        0.1826309118197411,
                        10.88876818775203
                    ],
                    [
                        0.1690879480874008,
                        10.89962287332299
                    ],
                    [
                        0.1512643105649247,
                        10.91076034459553
                    ],
                    [
                        0.1448861639415111,
                        10.9196323839835
                    ],
                    [
                        0.1373759853813472,
                        10.93205180942808
                    ],
                    [
                        0.1357807449987569,
                        10.93884439882475
                    ],
                    [
                        0.1405268665805215,
                        10.96214804258929
                    ],
                    [
                        0.1422399804140717,
                        10.99169517581979
                    ],
                    [
                        0.1422376172834805,
                        10.99227383250943
                    ],
                    [
                        0.138546305860654,
                        11.02153380209488
                    ],
                    [
                        0.1098769043144365,
                        11.03936944794675
                    ],
                    [
                        0.1094606684780985,
                        11.04036938313833
                    ],
                    [
                        0.1088441361178139,
                        11.04136978512272
                    ],
                    [
                        0.1011434030112279,
                        11.05667384950628
                    ],
                    [
                        0.09405710382176746,
                        11.05869220172991
                    ],
                    [
                        0.09195811831929968,
                        11.05864259247657
                    ],
                    [
                        0.09136007246540068,
                        11.05903554620398
                    ],
                    [
                        0.09076018066180858,
                        11.05962570300805
                    ],
                    [
                        0.08434850125890181,
                        11.06554139446656
                    ],
                    [
                        0.06697180053045981,
                        11.08144949136634
                    ],
                    [
                        0.05502226265028387,
                        11.08806132043009
                    ],
                    [
                        0.04339626051354406,
                        11.0953158165214
                    ],
                    [
                        0.03020070601486458,
                        11.10357443651183
                    ],
                    [
                        0.0219945859471582,
                        11.10707688377897
                    ]
                ]
            },
            "properties": {
                "id": "bfa4b1c1-df02-4713-9322-ade6ce3f4f8d",
                "name": "Dapaong - Cinkasse",
                "start": {
                    "name": "Dapaong",
                    "id": "af77ec53-22ee-4734-b51c-76144392b4e6",
                    "networkProviders": [
                        {
                            "id": "7d12eb6e-73dd-4d46-82df-4a84e7d22dbb",
                            "name": "Yas"
                        }
                    ],
                    "status": "operational",
                    "location": {
                        "type": "Point",
                        "coordinates": [
                            0.2016166361169479,
                            10.875933134989227
                        ]
                    },
                    "transmissionMediumOwner": {
                        "id": "e3efec38-70c3-488b-bdda-593bd8527a08",
                        "name": "Togocom"
                    }
                },
                "end": {
                    "name": "Cinkasse",
                    "id": "32505cc5-1b75-4cca-8f4f-25a484feb6d5",
                    "networkProviders": [
                        {
                            "id": "7d12eb6e-73dd-4d46-82df-4a84e7d22dbb",
                            "name": "Yas"
                        }
                    ],
                    "status": "operational",
                    "location": {
                        "type": "Point",
                        "coordinates": [
                            0.0219945859471582,
                            11.10707688377897
                        ]
                    },
                    "transmissionMediumOwner": {
                        "id": "e3efec38-70c3-488b-bdda-593bd8527a08",
                        "name": "Togocom"
                    }
                },
                "status": "operational",
                "networkProviders": [
                    {
                        "id": "7d12eb6e-73dd-4d46-82df-4a84e7d22dbb",
                        "name": "Yas"
                    }
                ],
                "transmissionMediumOwner": {
                    "id": "e3efec38-70c3-488b-bdda-593bd8527a08",
                    "name": "Togocom"
                },
                "network": {
                    "id": "74cb3dbf-03be-4c46-8a28-674a29c46ffd",
                    "name": "Togocom",
                    "links": [
                        {
                            "rel": "describedby",
                            "href": "https://standard.ofds.info/en/0__4__0/network-schema.json"
                        }
                    ]
                },
                "featureType": "span"
            }
        },
        {
            "type": "Feature",
            "geometry": {
                "type": "LineString",
                "coordinates": [
                    [
                        1.144564473048524,
                        8.977838847379441
                    ],
                    [
                        1.137147978840336,
                        8.985006798586742
                    ],
                    [
                        1.136578655606919,
                        8.985759453006539
                    ],
                    [
                        1.135248178400192,
                        8.986513560943354
                    ],
                    [
                        1.134487797135639,
                        8.98689078957719
                    ],
                    [
                        1.127086649678302,
                        8.99667508006203
                    ],
                    [
                        1.113623947716991,
                        9.020376193008127
                    ],
                    [
                        1.113245228339232,
                        9.021316527148343
                    ],
                    [
                        1.112488533165452,
                        9.023573106914915
                    ],
                    [
                        1.10127540328028,
                        9.031110111765257
                    ],
                    [
                        1.10013430394186,
                        9.031487942873238
                    ],
                    [
                        1.090817133927469,
                        9.035638667936594
                    ],
                    [
                        1.07781746261598,
                        9.055874729285746
                    ],
                    [
                        1.077249929938866,
                        9.057754429653224
                    ],
                    [
                        1.076871351703825,
                        9.058882323085479
                    ],
                    [
                        1.069474374295993,
                        9.07279815425907
                    ],
                    [
                        1.068905100260702,
                        9.07373857635744
                    ],
                    [
                        1.052748424250172,
                        9.085227007459432
                    ],
                    [
                        1.040028522961232,
                        9.107049850785847
                    ],
                    [
                        1.031286593457426,
                        9.118344273149777
                    ],
                    [
                        1.01739423347879,
                        9.124383996801944
                    ],
                    [
                        1.016822962494732,
                        9.124384918439373
                    ],
                    [
                        1.012638283144833,
                        9.128905408823682
                    ],
                    [
                        1.010361586147146,
                        9.13756176944219
                    ],
                    [
                        1.007126345862595,
                        9.143970732943943
                    ],
                    [
                        1.007698717881356,
                        9.144909409371829
                    ],
                    [
                        1.009234291960288,
                        9.15355107396853
                    ],
                    [
                        1.009044796238934,
                        9.1541151109993
                    ],
                    [
                        1.008097569746691,
                        9.157123281515855
                    ],
                    [
                        0.9993400211509651,
                        9.156008321491305
                    ],
                    [
                        0.9873541671278363,
                        9.160723621817684
                    ],
                    [
                        0.9795540604213215,
                        9.164681426027881
                    ],
                    [
                        0.973088733495151,
                        9.171269181161401
                    ],
                    [
                        0.972143304391726,
                        9.177097985169754
                    ],
                    [
                        0.9660495115050294,
                        9.176542608968798
                    ],
                    [
                        0.9592712931933778,
                        9.171663075183709
                    ],
                    [
                        0.9423264945506715,
                        9.170744811924475
                    ],
                    [
                        0.9421361231219505,
                        9.170745052171787
                    ],
                    [
                        0.9206278342430463,
                        9.174155360575886
                    ],
                    [
                        0.9046374251292066,
                        9.176618795728727
                    ],
                    [
                        0.8910390606087293,
                        9.184550347414605
                    ],
                    [
                        0.8824788224497127,
                        9.189069526120866
                    ],
                    [
                        0.8729619581154813,
                        9.189643671420772
                    ],
                    [
                        0.8723917614417642,
                        9.19039588279444
                    ],
                    [
                        0.8575543175756395,
                        9.200182852039305
                    ],
                    [
                        0.8495694763204265,
                        9.211655110425346
                    ],
                    [
                        0.836434619193196,
                        9.214863797508006
                    ],
                    [
                        0.8250927712456546,
                        9.220455047563648
                    ],
                    [
                        0.8165378914938559,
                        9.23230121058682
                    ],
                    [
                        0.8159715092832842,
                        9.237187767265521
                    ],
                    [
                        0.8123617136597683,
                        9.245272505158416
                    ],
                    [
                        0.8053182058185926,
                        9.246970457192493
                    ],
                    [
                        0.7962725117256442,
                        9.24810716023021
                    ],
                    [
                        0.7865680631625427,
                        9.25525809344078
                    ],
                    [
                        0.7778963211025701,
                        9.26122408475645
                    ]
                ]
            },
            "properties": {
                "id": "e9c96ac1-d8a1-4356-80a4-8dd2c7054ba8",
                "name": "Sokode - Bassar",
                "start": {
                    "name": "Sokode",
                    "id": "019148e0-b9d2-4e26-8ab2-4f8fb73ac343",
                    "networkProviders": [
                        {
                            "id": "7d12eb6e-73dd-4d46-82df-4a84e7d22dbb",
                            "name": "Yas"
                        }
                    ],
                    "status": "operational",
                    "location": {
                        "type": "Point",
                        "coordinates": [
                            1.144564473048524,
                            8.977838847379441
                        ]
                    },
                    "transmissionMediumOwner": {
                        "id": "e3efec38-70c3-488b-bdda-593bd8527a08",
                        "name": "Togocom"
                    }
                },
                "end": {
                    "name": "Bassar",
                    "id": "6d276016-fda8-4fde-aac1-d47cb8889fe3",
                    "networkProviders": [
                        {
                            "id": "7d12eb6e-73dd-4d46-82df-4a84e7d22dbb",
                            "name": "Yas"
                        }
                    ],
                    "status": "operational",
                    "location": {
                        "type": "Point",
                        "coordinates": [
                            0.7778139826974195,
                            9.26128073199142
                        ]
                    },
                    "transmissionMediumOwner": {
                        "id": "e3efec38-70c3-488b-bdda-593bd8527a08",
                        "name": "Togocom"
                    }
                },
                "status": "operational",
                "networkProviders": [
                    {
                        "id": "7d12eb6e-73dd-4d46-82df-4a84e7d22dbb",
                        "name": "Yas"
                    }
                ],
                "transmissionMediumOwner": {
                    "id": "e3efec38-70c3-488b-bdda-593bd8527a08",
                    "name": "Togocom"
                },
                "network": {
                    "id": "74cb3dbf-03be-4c46-8a28-674a29c46ffd",
                    "name": "Togocom",
                    "links": [
                        {
                            "rel": "describedby",
                            "href": "https://standard.ofds.info/en/0__4__0/network-schema.json"
                        }
                    ]
                },
                "featureType": "span"
            }
        },
        {
            "type": "Feature",
            "geometry": {
                "type": "LineString",
                "coordinates": [
                    [
                        0.8118082741358976,
                        9.457517013481715
                    ],
                    [
                        0.8117725481003091,
                        9.457568917384279
                    ],
                    [
                        0.8113163519201771,
                        9.457882458115808
                    ],
                    [
                        0.8079827438219911,
                        9.459858851068313
                    ],
                    [
                        0.7941173454767414,
                        9.470178105307621
                    ],
                    [
                        0.7930423884145577,
                        9.471238605814058
                    ],
                    [
                        0.7911073514449196,
                        9.472935571332421
                    ],
                    [
                        0.7896022225068755,
                        9.474208376436922
                    ],
                    [
                        0.7779883430998957,
                        9.483544066489229
                    ],
                    [
                        0.7764824962252015,
                        9.484605201575986
                    ],
                    [
                        0.7710992053657173,
                        9.49818514497867
                    ],
                    [
                        0.7579652948205995,
                        9.510289519038203
                    ],
                    [
                        0.7465402459254666,
                        9.52643546082878
                    ],
                    [
                        0.725448058392002,
                        9.545280924881983
                    ],
                    [
                        0.725016980320663,
                        9.546129508557932
                    ],
                    [
                        0.7243708925245196,
                        9.546766055099908
                    ],
                    [
                        0.7011045683816897,
                        9.563536293216071
                    ],
                    [
                        0.6795636142241834,
                        9.56566577103494
                    ],
                    [
                        0.6462134165275457,
                        9.589485260356824
                    ],
                    [
                        0.6319551969726755,
                        9.617926177903453
                    ],
                    [
                        0.6181834041110701,
                        9.657588537406182
                    ],
                    [
                        0.6099262123863203,
                        9.68669181471061
                    ],
                    [
                        0.6038990076719597,
                        9.743618991273673
                    ],
                    [
                        0.6039048851673501,
                        9.793594790657156
                    ],
                    [
                        0.6058130000648165,
                        9.806770858824972
                    ],
                    [
                        0.5911108395909404,
                        9.84198262107181
                    ],
                    [
                        0.5904634612471082,
                        9.84304340054391
                    ],
                    [
                        0.5751302149355042,
                        9.868727732773435
                    ],
                    [
                        0.5738349075703764,
                        9.87000205949032
                    ],
                    [
                        0.5556939702296804,
                        9.885725550338849
                    ],
                    [
                        0.5513599357615284,
                        9.894654744148808
                    ],
                    [
                        0.5535005225860242,
                        9.896183125460702
                    ]
                ]
            },
            "properties": {
                "id": "caabdf4c-fd02-4a81-96a0-d40784e465c2",
                "name": "Kabou - Katchamba",
                "start": {
                    "name": "Kabou",
                    "id": "d2c31a52-4cab-42bb-bb10-e11c201083d7",
                    "networkProviders": [
                        {
                            "id": "7d12eb6e-73dd-4d46-82df-4a84e7d22dbb",
                            "name": "Yas"
                        }
                    ],
                    "status": "operational",
                    "location": {
                        "type": "Point",
                        "coordinates": [
                            0.8118649393839528,
                            9.457434688435978
                        ]
                    },
                    "transmissionMediumOwner": {
                        "id": "e3efec38-70c3-488b-bdda-593bd8527a08",
                        "name": "Togocom"
                    }
                },
                "end": {
                    "name": "Katchamba",
                    "id": "72694bfb-2c4c-43f9-8428-a0bb48a41158",
                    "networkProviders": [
                        {
                            "id": "7d12eb6e-73dd-4d46-82df-4a84e7d22dbb",
                            "name": "Yas"
                        }
                    ],
                    "status": "operational",
                    "location": {
                        "type": "Point",
                        "coordinates": [
                            0.553581822137094,
                            9.89624117342825
                        ]
                    },
                    "transmissionMediumOwner": {
                        "id": "e3efec38-70c3-488b-bdda-593bd8527a08",
                        "name": "Togocom"
                    }
                },
                "status": "operational",
                "networkProviders": [
                    {
                        "id": "7d12eb6e-73dd-4d46-82df-4a84e7d22dbb",
                        "name": "Yas"
                    }
                ],
                "transmissionMediumOwner": {
                    "id": "e3efec38-70c3-488b-bdda-593bd8527a08",
                    "name": "Togocom"
                },
                "network": {
                    "id": "74cb3dbf-03be-4c46-8a28-674a29c46ffd",
                    "name": "Togocom",
                    "links": [
                        {
                            "rel": "describedby",
                            "href": "https://standard.ofds.info/en/0__4__0/network-schema.json"
                        }
                    ]
                },
                "featureType": "span"
            }
        },
        {
            "type": "Feature",
            "geometry": {
                "type": "LineString",
                "coordinates": [
                    [
                        0.5536631216881639,
                        9.896299221395797
                    ],
                    [
                        0.5685164225957906,
                        9.906904494336551
                    ],
                    [
                        0.5706539195656535,
                        9.932615055101015
                    ],
                    [
                        0.5706534589196122,
                        9.93332299919195
                    ],
                    [
                        0.5701741593753185,
                        9.934030908833206
                    ],
                    [
                        0.5696945241922879,
                        9.935210832440262
                    ],
                    [
                        0.5727858475341163,
                        9.968507998163371
                    ],
                    [
                        0.5468919416663853,
                        9.981744597506458
                    ],
                    [
                        0.5169047053930442,
                        9.992153518722972
                    ],
                    [
                        0.4973527257118371,
                        9.993724887689
                    ],
                    [
                        0.4678787149451291,
                        10.00221825542029
                    ],
                    [
                        0.4666801052902803,
                        10.00269037692567
                    ],
                    [
                        0.465481162538921,
                        10.00339877077579
                    ],
                    [
                        0.4556453608074174,
                        10.01095745848893
                    ],
                    [
                        0.4555419766731674,
                        10.011108477746555
                    ]
                ]
            },
            "properties": {
                "id": "095b1beb-af1e-47b2-ab32-1d7cd1007c13",
                "name": "Katchamba - Nali",
                "start": {
                    "name": "Katchamba",
                    "id": "72694bfb-2c4c-43f9-8428-a0bb48a41158",
                    "networkProviders": [
                        {
                            "id": "7d12eb6e-73dd-4d46-82df-4a84e7d22dbb",
                            "name": "Yas"
                        }
                    ],
                    "status": "operational",
                    "location": {
                        "type": "Point",
                        "coordinates": [
                            0.553581822137094,
                            9.89624117342825
                        ]
                    },
                    "transmissionMediumOwner": {
                        "id": "e3efec38-70c3-488b-bdda-593bd8527a08",
                        "name": "Togocom"
                    }
                },
                "end": {
                    "name": "Nali",
                    "id": "2a713069-2a18-4234-ad51-50a5ee38cab7",
                    "networkProviders": [
                        {
                            "id": "7d12eb6e-73dd-4d46-82df-4a84e7d22dbb",
                            "name": "Yas"
                        }
                    ],
                    "status": "operational",
                    "location": {
                        "type": "Point",
                        "coordinates": [
                            0.4554855153834152,
                            10.01119095405808
                        ]
                    },
                    "transmissionMediumOwner": {
                        "id": "e3efec38-70c3-488b-bdda-593bd8527a08",
                        "name": "Togocom"
                    }
                },
                "status": "operational",
                "networkProviders": [
                    {
                        "id": "7d12eb6e-73dd-4d46-82df-4a84e7d22dbb",
                        "name": "Yas"
                    }
                ],
                "transmissionMediumOwner": {
                    "id": "e3efec38-70c3-488b-bdda-593bd8527a08",
                    "name": "Togocom"
                },
                "network": {
                    "id": "74cb3dbf-03be-4c46-8a28-674a29c46ffd",
                    "name": "Togocom",
                    "links": [
                        {
                            "rel": "describedby",
                            "href": "https://standard.ofds.info/en/0__4__0/network-schema.json"
                        }
                    ]
                },
                "featureType": "span"
            }
        },
        {
            "type": "Feature",
            "geometry": {
                "type": "LineString",
                "coordinates": [
                    [
                        0.45542905409366263,
                        10.011273430369604
                    ],
                    [
                        0.4484708859899178,
                        10.02143763389162
                    ],
                    [
                        0.4487096988493455,
                        10.02214491494053
                    ],
                    [
                        0.4525233382376093,
                        10.04525590759435
                    ],
                    [
                        0.4508130183950576,
                        10.11061925693994
                    ],
                    [
                        0.4479014023596051,
                        10.18163800639876
                    ],
                    [
                        0.4500426624161902,
                        10.2009812279113
                    ],
                    [
                        0.4555470682648122,
                        10.2106598915396
                    ],
                    [
                        0.4598427004748307,
                        10.24843431104846
                    ],
                    [
                        0.4646207425977256,
                        10.27413689954117
                    ],
                    [
                        0.4674709174869487,
                        10.288668437323302
                    ]
                ]
            },
            "properties": {
                "id": "4b255d8e-e0a2-4b68-be00-cb100495258d",
                "name": "Nali - Sadori",
                "start": {
                    "name": "Nali",
                    "id": "2a713069-2a18-4234-ad51-50a5ee38cab7",
                    "networkProviders": [
                        {
                            "id": "7d12eb6e-73dd-4d46-82df-4a84e7d22dbb",
                            "name": "Yas"
                        }
                    ],
                    "status": "operational",
                    "location": {
                        "type": "Point",
                        "coordinates": [
                            0.4554855153834152,
                            10.01119095405808
                        ]
                    },
                    "transmissionMediumOwner": {
                        "id": "e3efec38-70c3-488b-bdda-593bd8527a08",
                        "name": "Togocom"
                    }
                },
                "end": {
                    "name": "Sadori",
                    "id": "b6234f69-6b74-4b32-a1f3-808d193961e1",
                    "networkProviders": [
                        {
                            "id": "7d12eb6e-73dd-4d46-82df-4a84e7d22dbb",
                            "name": "Yas"
                        }
                    ],
                    "status": "operational",
                    "location": {
                        "type": "Point",
                        "coordinates": [
                            0.4674901620283278,
                            10.28876655508485
                        ]
                    },
                    "transmissionMediumOwner": {
                        "id": "e3efec38-70c3-488b-bdda-593bd8527a08",
                        "name": "Togocom"
                    }
                },
                "status": "operational",
                "networkProviders": [
                    {
                        "id": "7d12eb6e-73dd-4d46-82df-4a84e7d22dbb",
                        "name": "Yas"
                    }
                ],
                "transmissionMediumOwner": {
                    "id": "e3efec38-70c3-488b-bdda-593bd8527a08",
                    "name": "Togocom"
                },
                "network": {
                    "id": "74cb3dbf-03be-4c46-8a28-674a29c46ffd",
                    "name": "Togocom",
                    "links": [
                        {
                            "rel": "describedby",
                            "href": "https://standard.ofds.info/en/0__4__0/network-schema.json"
                        }
                    ]
                },
                "featureType": "span"
            }
        },
        {
            "type": "Feature",
            "geometry": {
                "type": "LineString",
                "coordinates": [
                    [
                        1.586844791147713,
                        6.227645964566146
                    ],
                    [
                        1.560332409896996,
                        6.227404892221586
                    ],
                    [
                        1.536554678363131,
                        6.222744116386124
                    ],
                    [
                        1.535762412064126,
                        6.222746196756824
                    ],
                    [
                        1.534019393973365,
                        6.222750767277216
                    ],
                    [
                        1.532434795722091,
                        6.222754914778538
                    ],
                    [
                        1.516904047616667,
                        6.222952680075252
                    ],
                    [
                        1.515160488933216,
                        6.222957158786734
                    ],
                    [
                        1.501373541472415,
                        6.224882452412565
                    ],
                    [
                        1.500738888634372,
                        6.22472654858675
                    ],
                    [
                        1.490261739424463,
                        6.220657206318461
                    ],
                    [
                        1.484365170725808,
                        6.210589018368012
                    ],
                    [
                        1.460602206687969,
                        6.20656696995805
                    ],
                    [
                        1.45189158264075,
                        6.207061152791741
                    ],
                    [
                        1.451417199508993,
                        6.207377284090134
                    ],
                    [
                        1.450309620591912,
                        6.207852461082456
                    ],
                    [
                        1.44841084161734,
                        6.208644538414942
                    ],
                    [
                        1.444929215627551,
                        6.209912926671021
                    ],
                    [
                        1.441130691509782,
                        6.211182049828003
                    ],
                    [
                        1.430675586208552,
                        6.211364868127341
                    ],
                    [
                        1.430358329702186,
                        6.211208148578736
                    ],
                    [
                        1.429406958352666,
                        6.210895464275589
                    ],
                    [
                        1.415290663481961,
                        6.205101602882738
                    ],
                    [
                        1.414814473932888,
                        6.204787707936841
                    ],
                    [
                        1.401004010437048,
                        6.195998316662397
                    ],
                    [
                        1.391175293393081,
                        6.182891071389662
                    ],
                    [
                        1.390699690651571,
                        6.182734768361145
                    ],
                    [
                        1.337766789015309,
                        6.170104589514926
                    ],
                    [
                        1.313508353021626,
                        6.160864985658554
                    ],
                    [
                        1.288973588150544,
                        6.152786755374425
                    ],
                    [
                        1.267405335957306,
                        6.139763609104528
                    ],
                    [
                        1.266771825395816,
                        6.139764979730924
                    ],
                    [
                        1.23602412510168,
                        6.130693857521982
                    ],
                    [
                        1.235073696020603,
                        6.130695738148617
                    ],
                    [
                        1.234756526061627,
                        6.130538852158233
                    ],
                    [
                        1.225724448289429,
                        6.12945381368449
                    ],
                    [
                        1.2208645866489718,
                        6.13048995703151
                    ]
                ]
            },
            "properties": {
                "id": "ee7f511e-c0bb-4ca8-87e0-01bef39dd837",
                "name": "Aneho - Lome",
                "start": {
                    "name": "Aneho",
                    "id": "2b32401b-e3ac-42ee-83ff-7f0b4c0209a5",
                    "networkProviders": [
                        {
                            "id": "7d12eb6e-73dd-4d46-82df-4a84e7d22dbb",
                            "name": "Yas"
                        }
                    ],
                    "status": "operational",
                    "location": {
                        "type": "Point",
                        "coordinates": [
                            1.586944746497492,
                            6.227646873442278
                        ]
                    },
                    "transmissionMediumOwner": {
                        "id": "e3efec38-70c3-488b-bdda-593bd8527a08",
                        "name": "Togocom"
                    }
                },
                "end": {
                    "name": "Lome",
                    "id": "0052eed4-c118-4b01-976e-d03c50e42cad",
                    "networkProviders": [
                        {
                            "id": "7d12eb6e-73dd-4d46-82df-4a84e7d22dbb",
                            "name": "Yas"
                        }
                    ],
                    "status": "operational",
                    "location": {
                        "type": "Point",
                        "coordinates": [
                            1.2208645866489718,
                            6.13048995703151
                        ]
                    },
                    "transmissionMediumOwner": {
                        "id": "e3efec38-70c3-488b-bdda-593bd8527a08",
                        "name": "Togocom"
                    }
                },
                "status": "operational",
                "networkProviders": [
                    {
                        "id": "7d12eb6e-73dd-4d46-82df-4a84e7d22dbb",
                        "name": "Yas"
                    }
                ],
                "transmissionMediumOwner": {
                    "id": "e3efec38-70c3-488b-bdda-593bd8527a08",
                    "name": "Togocom"
                },
                "network": {
                    "id": "74cb3dbf-03be-4c46-8a28-674a29c46ffd",
                    "name": "Togocom",
                    "links": [
                        {
                            "rel": "describedby",
                            "href": "https://standard.ofds.info/en/0__4__0/network-schema.json"
                        }
                    ]
                },
                "featureType": "span"
            }
        },
        {
            "type": "Feature",
            "geometry": {
                "type": "LineString",
                "coordinates": [
                    [
                        1.2208645866489718,
                        6.13048995703151
                    ],
                    [
                        1.229092646128807,
                        6.147717610836259
                    ],
                    [
                        1.228934585604817,
                        6.147875416197202
                    ],
                    [
                        1.228777934937879,
                        6.148663175500396
                    ],
                    [
                        1.227988680750753,
                        6.149924658691088
                    ],
                    [
                        1.226567861672523,
                        6.152132323048327
                    ],
                    [
                        1.210490865926359,
                        6.191220943415976
                    ],
                    [
                        1.211524619385773,
                        6.230755560288231
                    ],
                    [
                        1.208894419910156,
                        6.261628429367806
                    ],
                    [
                        1.216753880654415,
                        6.307593367495659
                    ],
                    [
                        1.218385892548621,
                        6.328694639485268
                    ],
                    [
                        1.217912510348302,
                        6.329640496565269
                    ],
                    [
                        1.217280973571229,
                        6.330744154740399
                    ],
                    [
                        1.202025000449392,
                        6.387801680513958
                    ],
                    [
                        1.213036175955364,
                        6.423371445945896
                    ],
                    [
                        1.2154079484375009,
                        6.432064112849596
                    ]
                ]
            },
            "properties": {
                "id": "61c5948c-fb74-496b-bc56-4ff72067b5c0",
                "name": "Lome - Tsevie",
                "start": {
                    "name": "Lome",
                    "id": "0052eed4-c118-4b01-976e-d03c50e42cad",
                    "networkProviders": [
                        {
                            "id": "7d12eb6e-73dd-4d46-82df-4a84e7d22dbb",
                            "name": "Yas"
                        }
                    ],
                    "status": "operational",
                    "location": {
                        "type": "Point",
                        "coordinates": [
                            1.2208645866489718,
                            6.13048995703151
                        ]
                    },
                    "transmissionMediumOwner": {
                        "id": "e3efec38-70c3-488b-bdda-593bd8527a08",
                        "name": "Togocom"
                    }
                },
                "end": {
                    "name": "Tsevie",
                    "id": "752cc1fa-a391-4e4f-b87a-3b62b4b28e1b",
                    "networkProviders": [
                        {
                            "id": "7d12eb6e-73dd-4d46-82df-4a84e7d22dbb",
                            "name": "Yas"
                        }
                    ],
                    "status": "operational",
                    "location": {
                        "type": "Point",
                        "coordinates": [
                            1.215434245025484,
                            6.432160491183421
                        ]
                    },
                    "transmissionMediumOwner": {
                        "id": "e3efec38-70c3-488b-bdda-593bd8527a08",
                        "name": "Togocom"
                    }
                },
                "status": "operational",
                "networkProviders": [
                    {
                        "id": "7d12eb6e-73dd-4d46-82df-4a84e7d22dbb",
                        "name": "Yas"
                    }
                ],
                "transmissionMediumOwner": {
                    "id": "e3efec38-70c3-488b-bdda-593bd8527a08",
                    "name": "Togocom"
                },
                "network": {
                    "id": "74cb3dbf-03be-4c46-8a28-674a29c46ffd",
                    "name": "Togocom",
                    "links": [
                        {
                            "rel": "describedby",
                            "href": "https://standard.ofds.info/en/0__4__0/network-schema.json"
                        }
                    ]
                },
                "featureType": "span"
            }
        },
        {
            "type": "Feature",
            "geometry": {
                "type": "LineString",
                "coordinates": [
                    [
                        0.7778187783793498,
                        9.261380496394674
                    ],
                    [
                        0.7793600177662063,
                        9.293442845386707
                    ],
                    [
                        0.7814662898046487,
                        9.304905277593036
                    ],
                    [
                        0.782821591435332,
                        9.325958346932016
                    ],
                    [
                        0.7923657951287,
                        9.360925907560839
                    ],
                    [
                        0.8013372766813953,
                        9.377830253592554
                    ],
                    [
                        0.8020999611586488,
                        9.378393392696648
                    ],
                    [
                        0.803243895524981,
                        9.379144141824266
                    ],
                    [
                        0.8103091555158382,
                        9.391731134996679
                    ],
                    [
                        0.8114659876128738,
                        9.420720653881299
                    ],
                    [
                        0.8130152219205344,
                        9.441764083808625
                    ],
                    [
                        0.8128409982310991,
                        9.45473148919094
                    ],
                    [
                        0.8118649393839528,
                        9.457434688435978
                    ]
                ]
            },
            "properties": {
                "id": "df2b015b-8641-45f0-a1dc-27339d475466",
                "name": "Bassar - Kabou",
                "start": {
                    "name": "Bassar",
                    "id": "6d276016-fda8-4fde-aac1-d47cb8889fe3",
                    "networkProviders": [
                        {
                            "id": "7d12eb6e-73dd-4d46-82df-4a84e7d22dbb",
                            "name": "Yas"
                        }
                    ],
                    "status": "operational",
                    "location": {
                        "type": "Point",
                        "coordinates": [
                            0.7778139826974195,
                            9.26128073199142
                        ]
                    },
                    "transmissionMediumOwner": {
                        "id": "e3efec38-70c3-488b-bdda-593bd8527a08",
                        "name": "Togocom"
                    }
                },
                "end": {
                    "name": "Kabou",
                    "id": "d2c31a52-4cab-42bb-bb10-e11c201083d7",
                    "networkProviders": [
                        {
                            "id": "7d12eb6e-73dd-4d46-82df-4a84e7d22dbb",
                            "name": "Yas"
                        }
                    ],
                    "status": "operational",
                    "location": {
                        "type": "Point",
                        "coordinates": [
                            0.8118649393839528,
                            9.457434688435978
                        ]
                    },
                    "transmissionMediumOwner": {
                        "id": "e3efec38-70c3-488b-bdda-593bd8527a08",
                        "name": "Togocom"
                    }
                },
                "status": "operational",
                "networkProviders": [
                    {
                        "id": "7d12eb6e-73dd-4d46-82df-4a84e7d22dbb",
                        "name": "Yas"
                    }
                ],
                "transmissionMediumOwner": {
                    "id": "e3efec38-70c3-488b-bdda-593bd8527a08",
                    "name": "Togocom"
                },
                "network": {
                    "id": "74cb3dbf-03be-4c46-8a28-674a29c46ffd",
                    "name": "Togocom",
                    "links": [
                        {
                            "rel": "describedby",
                            "href": "https://standard.ofds.info/en/0__4__0/network-schema.json"
                        }
                    ]
                },
                "featureType": "span"
            }
        },
        {
            "type": "Feature",
            "geometry": {
                "type": "LineString",
                "coordinates": [
                    [
                        0.8118649393839528,
                        9.457434688435978
                    ],
                    [
                        0.8162629527895326,
                        9.454956010272683
                    ],
                    [
                        0.8371905530162738,
                        9.46752346139983
                    ],
                    [
                        0.8384316906865918,
                        9.468046668996582
                    ],
                    [
                        0.84038172985891,
                        9.468569181919406
                    ],
                    [
                        0.8418000712680107,
                        9.469092193363702
                    ],
                    [
                        0.8614798120032741,
                        9.477287382015657
                    ],
                    [
                        0.8618342373973675,
                        9.477287006661628
                    ],
                    [
                        0.8696324709444547,
                        9.478152587583779
                    ],
                    [
                        0.8708729395387182,
                        9.478151237872837
                    ],
                    [
                        0.8749487560100455,
                        9.478146767630342
                    ],
                    [
                        0.8948050104516403,
                        9.485115936465784
                    ],
                    [
                        0.919448096660842,
                        9.490505572582556
                    ],
                    [
                        0.938229377296067,
                        9.483489678706457
                    ],
                    [
                        0.9740529748764715,
                        9.483441785350507
                    ],
                    [
                        0.9768592258724706,
                        9.485011227467108
                    ],
                    [
                        0.9850033594675023,
                        9.479406298618795
                    ],
                    [
                        0.9855353098943698,
                        9.479580335807876
                    ],
                    [
                        0.9874856423635148,
                        9.480101937255405
                    ],
                    [
                        0.9919208173795035,
                        9.482892353125953
                    ],
                    [
                        0.9926303195584518,
                        9.48324093408051
                    ],
                    [
                        1.008591599740665,
                        9.48828715084002
                    ],
                    [
                        1.02049074760562,
                        9.500332727872657
                    ],
                    [
                        1.028667270349755,
                        9.510986781162634
                    ],
                    [
                        1.035768068002665,
                        9.514299378989563
                    ],
                    [
                        1.048891658748168,
                        9.512357548470376
                    ],
                    [
                        1.049232659951942,
                        9.505361984237997
                    ],
                    [
                        1.052764725843427,
                        9.496963067257727
                    ],
                    [
                        1.052941476293363,
                        9.496613068762604
                    ],
                    [
                        1.051325526018951,
                        9.48629884623037
                    ],
                    [
                        1.055574742645273,
                        9.481570897571313
                    ],
                    [
                        1.068347927546376,
                        9.480150795688063
                    ],
                    [
                        1.076438403735229,
                        9.481886533941182
                    ],
                    [
                        1.076970117160259,
                        9.481710801212339
                    ],
                    [
                        1.089553766470059,
                        9.47661869024084
                    ],
                    [
                        1.098957953806439,
                        9.477476264485848
                    ],
                    [
                        1.100199944120992,
                        9.477474041606
                    ],
                    [
                        1.105168973587807,
                        9.477814835603667
                    ],
                    [
                        1.117070645849454,
                        9.474124700176976
                    ],
                    [
                        1.125587948972984,
                        9.478129768081374
                    ],
                    [
                        1.133391476538694,
                        9.47916424628683
                    ],
                    [
                        1.13693513919221,
                        9.477759003274489
                    ],
                    [
                        1.156583639627766,
                        9.485414366949557
                    ],
                    [
                        1.166180944063218,
                        9.497982342545622
                    ],
                    [
                        1.166359677471791,
                        9.498681272326959
                    ],
                    [
                        1.166537674054504,
                        9.49903057261415
                    ],
                    [
                        1.167968041128409,
                        9.504797002527969
                    ],
                    [
                        1.175251423023185,
                        9.511601966558876
                    ],
                    [
                        1.17560755875511,
                        9.512300674025354
                    ],
                    [
                        1.176141379407012,
                        9.513173906912344
                    ],
                    [
                        1.186282477713936,
                        9.528018804941002
                    ],
                    [
                        1.189843210608872,
                        9.533783905334612
                    ],
                    [
                        1.1976697295119025,
                        9.548859188575051
                    ]
                ]
            },
            "properties": {
                "id": "4cda2f38-2909-44ac-a867-2bb158869588",
                "name": "Kabou - Kara",
                "start": {
                    "name": "Kabou",
                    "id": "d2c31a52-4cab-42bb-bb10-e11c201083d7",
                    "networkProviders": [
                        {
                            "id": "7d12eb6e-73dd-4d46-82df-4a84e7d22dbb",
                            "name": "Yas"
                        }
                    ],
                    "status": "operational",
                    "location": {
                        "type": "Point",
                        "coordinates": [
                            0.8118649393839528,
                            9.457434688435978
                        ]
                    },
                    "transmissionMediumOwner": {
                        "id": "e3efec38-70c3-488b-bdda-593bd8527a08",
                        "name": "Togocom"
                    }
                },
                "end": {
                    "name": "Kara",
                    "id": "4067d296-742b-4c53-8c8e-e5c922dacf6d",
                    "networkProviders": [
                        {
                            "id": "7d12eb6e-73dd-4d46-82df-4a84e7d22dbb",
                            "name": "Yas"
                        }
                    ],
                    "status": "operational",
                    "location": {
                        "type": "Point",
                        "coordinates": [
                            1.1976697295119025,
                            9.548859188575051
                        ]
                    },
                    "transmissionMediumOwner": {
                        "id": "e3efec38-70c3-488b-bdda-593bd8527a08",
                        "name": "Togocom"
                    }
                },
                "status": "operational",
                "networkProviders": [
                    {
                        "id": "7d12eb6e-73dd-4d46-82df-4a84e7d22dbb",
                        "name": "Yas"
                    }
                ],
                "transmissionMediumOwner": {
                    "id": "e3efec38-70c3-488b-bdda-593bd8527a08",
                    "name": "Togocom"
                },
                "network": {
                    "id": "74cb3dbf-03be-4c46-8a28-674a29c46ffd",
                    "name": "Togocom",
                    "links": [
                        {
                            "rel": "describedby",
                            "href": "https://standard.ofds.info/en/0__4__0/network-schema.json"
                        }
                    ]
                },
                "featureType": "span"
            }
        },
        {
            "type": "Feature",
            "geometry": {
                "type": "LineString",
                "coordinates": [
                    [
                        1.0458808703865343,
                        9.955740778034833
                    ],
                    [
                        1.04423752199192,
                        9.958320186043363
                    ],
                    [
                        1.037043979673842,
                        9.963242868204407
                    ],
                    [
                        1.027994327664219,
                        9.969270251434551
                    ],
                    [
                        1.027617896017725,
                        9.96970966309685
                    ],
                    [
                        1.01551935626333,
                        9.980514674877295
                    ],
                    [
                        1.009338129419759,
                        9.98712874718024
                    ],
                    [
                        1.001490188603151,
                        9.99783226769009
                    ],
                    [
                        0.9967029934537197,
                        10.00214718281484
                    ],
                    [
                        0.9841095951315415,
                        10.01231561595682
                    ],
                    [
                        0.9760374786616532,
                        10.01869898127968
                    ],
                    [
                        0.9657839457430484,
                        10.0248077262853
                    ],
                    [
                        0.9546327092192919,
                        10.03366591898858
                    ],
                    [
                        0.9468236933171359,
                        10.03770917365406
                    ],
                    [
                        0.940671745993833,
                        10.04133555531754
                    ],
                    [
                        0.9325464919307391,
                        10.05053835540625
                    ],
                    [
                        0.9230418703641874,
                        10.06017425364048
                    ],
                    [
                        0.9157688994172952,
                        10.06786235874497
                    ],
                    [
                        0.9005464548784681,
                        10.08605332426493
                    ],
                    [
                        0.8913046824289483,
                        10.09617486619922
                    ],
                    [
                        0.88330920240417,
                        10.1082902213158
                    ],
                    [
                        0.8832340219456913,
                        10.10843121119532
                    ],
                    [
                        0.8711122127367332,
                        10.11926153451895
                    ],
                    [
                        0.8689522095094326,
                        10.12208518061769
                    ],
                    [
                        0.8613821131391353,
                        10.13738486994443
                    ],
                    [
                        0.8576746966398563,
                        10.14223848357867
                    ],
                    [
                        0.8545235683183594,
                        10.14706071939034
                    ],
                    [
                        0.8515100081635807,
                        10.14952123528778
                    ],
                    [
                        0.8514358575436365,
                        10.14973592857201
                    ],
                    [
                        0.827485122350573,
                        10.16045003407143
                    ],
                    [
                        0.8209077417169897,
                        10.16386312555466
                    ],
                    [
                        0.8206895956612104,
                        10.16414710187276
                    ],
                    [
                        0.8152492744085982,
                        10.16814004109619
                    ],
                    [
                        0.8101169754370474,
                        10.17970661413008
                    ],
                    [
                        0.8071814146820877,
                        10.18396176919248
                    ],
                    [
                        0.7990621511015239,
                        10.18921969493124
                    ],
                    [
                        0.7944984913169906,
                        10.19175629322173
                    ],
                    [
                        0.7851256398946549,
                        10.20082791656239
                    ],
                    [
                        0.7851222580725326,
                        10.20104315760491
                    ],
                    [
                        0.7800091561976341,
                        10.20435709027164
                    ],
                    [
                        0.7673416050302517,
                        10.2070424481973
                    ],
                    [
                        0.7520694326158672,
                        10.20653878609223
                    ],
                    [
                        0.7412994346559088,
                        10.20966934182025
                    ],
                    [
                        0.7411541311060166,
                        10.20966940589771
                    ],
                    [
                        0.7305222490231733,
                        10.21634956728496
                    ],
                    [
                        0.7233525748655434,
                        10.22109740475649
                    ],
                    [
                        0.7029069366802987,
                        10.22906432609593
                    ],
                    [
                        0.7026143368922,
                        10.2293501302952
                    ],
                    [
                        0.6912751619475777,
                        10.23358559284071
                    ],
                    [
                        0.6722453588079769,
                        10.23662075450919
                    ],
                    [
                        0.6593941796805769,
                        10.24062104004838
                    ],
                    [
                        0.6591722157090141,
                        10.24076701107745
                    ],
                    [
                        0.6447143301223757,
                        10.24413797373787
                    ],
                    [
                        0.6342741735240609,
                        10.24866401958576
                    ],
                    [
                        0.6230311799352184,
                        10.25248743014305
                    ],
                    [
                        0.6165936013765716,
                        10.25219842588593
                    ],
                    [
                        0.6065401032843298,
                        10.25190986904117
                    ],
                    [
                        0.5893519813523262,
                        10.25597066776228
                    ],
                    [
                        0.5727998039161863,
                        10.26133629661382
                    ],
                    [
                        0.553829431243893,
                        10.27132315678342
                    ],
                    [
                        0.547517108184099,
                        10.27398351987799
                    ],
                    [
                        0.5285545125235203,
                        10.27968101024167
                    ],
                    [
                        0.5069229822787635,
                        10.27714006358655
                    ],
                    [
                        0.4970568090269611,
                        10.27547888331152
                    ],
                    [
                        0.4930040544074021,
                        10.27576574859601
                    ],
                    [
                        0.4927108413570225,
                        10.27590974593122
                    ],
                    [
                        0.4921285012159937,
                        10.27605369869897
                    ],
                    [
                        0.4916204662474599,
                        10.27612562747624
                    ],
                    [
                        0.4810414021692266,
                        10.2822117348548
                    ],
                    [
                        0.4769818817815419,
                        10.28528117338533
                    ],
                    [
                        0.4711591219896127,
                        10.28906710085187
                    ],
                    [
                        0.4674901620283278,
                        10.28876655508485
                    ]
                ]
            },
            "properties": {
                "id": "3d6ca73a-5a57-4924-94da-f452be692f00",
                "name": "Kante - Sadori",
                "start": {
                    "name": "Kante",
                    "id": "47dab33e-2734-4403-92f1-97014a4ee9c5",
                    "networkProviders": [
                        {
                            "id": "7d12eb6e-73dd-4d46-82df-4a84e7d22dbb",
                            "name": "Yas"
                        }
                    ],
                    "status": "operational",
                    "location": {
                        "type": "Point",
                        "coordinates": [
                            1.045934557580854,
                            9.95565651034124
                        ]
                    },
                    "transmissionMediumOwner": {
                        "id": "e3efec38-70c3-488b-bdda-593bd8527a08",
                        "name": "Togocom"
                    }
                },
                "end": {
                    "name": "Sadori",
                    "id": "b6234f69-6b74-4b32-a1f3-808d193961e1",
                    "networkProviders": [
                        {
                            "id": "7d12eb6e-73dd-4d46-82df-4a84e7d22dbb",
                            "name": "Yas"
                        }
                    ],
                    "status": "operational",
                    "location": {
                        "type": "Point",
                        "coordinates": [
                            0.4674901620283278,
                            10.28876655508485
                        ]
                    },
                    "transmissionMediumOwner": {
                        "id": "e3efec38-70c3-488b-bdda-593bd8527a08",
                        "name": "Togocom"
                    }
                },
                "status": "operational",
                "networkProviders": [
                    {
                        "id": "7d12eb6e-73dd-4d46-82df-4a84e7d22dbb",
                        "name": "Yas"
                    }
                ],
                "transmissionMediumOwner": {
                    "id": "e3efec38-70c3-488b-bdda-593bd8527a08",
                    "name": "Togocom"
                },
                "network": {
                    "id": "74cb3dbf-03be-4c46-8a28-674a29c46ffd",
                    "name": "Togocom",
                    "links": [
                        {
                            "rel": "describedby",
                            "href": "https://standard.ofds.info/en/0__4__0/network-schema.json"
                        }
                    ]
                },
                "featureType": "span"
            }
        },
        {
            "type": "Feature",
            "geometry": {
                "type": "LineString",
                "coordinates": [
                    [
                        0.4674901620283278,
                        10.28876655508485
                    ],
                    [
                        0.4688520058673662,
                        10.29241317130248
                    ],
                    [
                        0.4646101380237067,
                        10.29688194651503
                    ],
                    [
                        0.4629165623585996,
                        10.30521581681361
                    ],
                    [
                        0.4631310194783023,
                        10.30536030680011
                    ],
                    [
                        0.4655061951740058,
                        10.31095001440442
                    ],
                    [
                        0.4673185674542579,
                        10.32185462796172
                    ],
                    [
                        0.4674617440833506,
                        10.32185469249279
                    ],
                    [
                        0.4700672406425355,
                        10.33242752406321
                    ],
                    [
                        0.469582359979035,
                        10.33992873826494
                    ],
                    [
                        0.4688679037608479,
                        10.34599113118638
                    ],
                    [
                        0.4690399066447237,
                        10.34961897807303
                    ],
                    [
                        0.4700304161882496,
                        10.35540928868018
                    ],
                    [
                        0.4712649936762103,
                        10.35756491777232
                    ],
                    [
                        0.47521750521803174,
                        10.358754080694563
                    ]
                ]
            },
            "properties": {
                "id": "8f4cc4c3-b497-4c3b-b0eb-09dc8ef08dfc",
                "name": "Sadori - Mango",
                "start": {
                    "name": "Sadori",
                    "id": "b6234f69-6b74-4b32-a1f3-808d193961e1",
                    "networkProviders": [
                        {
                            "id": "7d12eb6e-73dd-4d46-82df-4a84e7d22dbb",
                            "name": "Yas"
                        }
                    ],
                    "status": "operational",
                    "location": {
                        "type": "Point",
                        "coordinates": [
                            0.4674901620283278,
                            10.28876655508485
                        ]
                    },
                    "transmissionMediumOwner": {
                        "id": "e3efec38-70c3-488b-bdda-593bd8527a08",
                        "name": "Togocom"
                    }
                },
                "end": {
                    "name": "Mango",
                    "id": "e559c067-1ef0-47d7-8208-db77338e8c63",
                    "networkProviders": [
                        {
                            "id": "7d12eb6e-73dd-4d46-82df-4a84e7d22dbb",
                            "name": "Yas"
                        }
                    ],
                    "status": "operational",
                    "location": {
                        "type": "Point",
                        "coordinates": [
                            0.475313254622356,
                            10.35878288810986
                        ]
                    },
                    "transmissionMediumOwner": {
                        "id": "e3efec38-70c3-488b-bdda-593bd8527a08",
                        "name": "Togocom"
                    }
                },
                "status": "operational",
                "networkProviders": [
                    {
                        "id": "7d12eb6e-73dd-4d46-82df-4a84e7d22dbb",
                        "name": "Yas"
                    }
                ],
                "transmissionMediumOwner": {
                    "id": "e3efec38-70c3-488b-bdda-593bd8527a08",
                    "name": "Togocom"
                },
                "network": {
                    "id": "74cb3dbf-03be-4c46-8a28-674a29c46ffd",
                    "name": "Togocom",
                    "links": [
                        {
                            "rel": "describedby",
                            "href": "https://standard.ofds.info/en/0__4__0/network-schema.json"
                        }
                    ]
                },
                "featureType": "span"
            }
        },
        {
            "type": "Feature",
            "geometry": {
                "type": "LineString",
                "coordinates": [
                    [
                        0.475313254622356,
                        10.35878288810986
                    ],
                    [
                        0.4749997425220154,
                        10.37652138085983
                    ],
                    [
                        0.4768244855703774,
                        10.38763970089494
                    ],
                    [
                        0.4822961688830385,
                        10.42859569602422
                    ],
                    [
                        0.4822000629856982,
                        10.45713604910751
                    ],
                    [
                        0.4929702727366614,
                        10.47282742438288
                    ],
                    [
                        0.4929726655602606,
                        10.47324180631334
                    ],
                    [
                        0.4927988601234179,
                        10.48717915547853
                    ],
                    [
                        0.4912528183663412,
                        10.51292516657062
                    ],
                    [
                        0.4916094720355391,
                        10.5163708623751
                    ],
                    [
                        0.4973014588430069,
                        10.53642351201272
                    ],
                    [
                        0.4974739013342333,
                        10.53684090203136
                    ],
                    [
                        0.4977337116280922,
                        10.53759261325004
                    ],
                    [
                        0.4986875129657631,
                        10.55020159556401
                    ],
                    [
                        0.4986059910740659,
                        10.5506245285176
                    ],
                    [
                        0.4943313346330691,
                        10.56116835021206
                    ],
                    [
                        0.476573231317774,
                        10.57163248658842
                    ],
                    [
                        0.4764914164313883,
                        10.57196526165503
                    ],
                    [
                        0.4764102270234716,
                        10.57238139209118
                    ],
                    [
                        0.4668866087618828,
                        10.5788909426018
                    ],
                    [
                        0.4552760192007987,
                        10.57997489174162
                    ],
                    [
                        0.4490734648307426,
                        10.58249093380587
                    ],
                    [
                        0.4462078991824536,
                        10.59177978314369
                    ],
                    [
                        0.434781745083932,
                        10.60061730524581
                    ],
                    [
                        0.4247769366810505,
                        10.60579818381974
                    ],
                    [
                        0.4124867583047043,
                        10.60545552291451
                    ],
                    [
                        0.401637701538784,
                        10.60009680565314
                    ],
                    [
                        0.3987415701003361,
                        10.60603440338502
                    ],
                    [
                        0.3951872018068259,
                        10.61177933815275
                    ],
                    [
                        0.394928391822762,
                        10.61267408517634
                    ],
                    [
                        0.3942460236436407,
                        10.61413971165771
                    ],
                    [
                        0.3936528000987138,
                        10.6149546989615
                    ],
                    [
                        0.3812565481959052,
                        10.63188962509822
                    ],
                    [
                        0.3712031568577889,
                        10.65537229041761
                    ],
                    [
                        0.3679947602656464,
                        10.669437930858
                    ],
                    [
                        0.3632065552907315,
                        10.69130855195731
                    ],
                    [
                        0.3596728837642815,
                        10.71781882949676
                    ],
                    [
                        0.3623216393350193,
                        10.7252088351687
                    ],
                    [
                        0.345255863220153,
                        10.72861360088688
                    ],
                    [
                        0.3283029584017161,
                        10.73659627063253
                    ],
                    [
                        0.3271510648594655,
                        10.73659541999784
                    ],
                    [
                        0.3082660112744073,
                        10.7409724761153
                    ],
                    [
                        0.2939651776905916,
                        10.74497928147246
                    ],
                    [
                        0.2935768368421132,
                        10.75534063584579
                    ],
                    [
                        0.2939520311723176,
                        10.76613656961794
                    ],
                    [
                        0.2863370211561378,
                        10.77283954346212
                    ],
                    [
                        0.2853708193465976,
                        10.77378874788234
                    ],
                    [
                        0.2653375020718274,
                        10.78138558373502
                    ],
                    [
                        0.2574193355745891,
                        10.78443191666031
                    ],
                    [
                        0.2471211754450975,
                        10.78921829613445
                    ],
                    [
                        0.2432886570302517,
                        10.80787440716787
                    ],
                    [
                        0.2429054125521191,
                        10.80899841559091
                    ],
                    [
                        0.2359953121424851,
                        10.82384726061177
                    ],
                    [
                        0.2280897166266826,
                        10.8372732985794
                    ],
                    [
                        0.2215298106261998,
                        10.84391796757184
                    ],
                    [
                        0.220226532564709,
                        10.85817423732296
                    ],
                    [
                        0.2175606663799057,
                        10.86841450501523
                    ],
                    [
                        0.2135415322563339,
                        10.87796660511522
                    ],
                    [
                        0.2016166361169479,
                        10.875933134989227
                    ]
                ]
            },
            "properties": {
                "id": "b62143a3-cdfb-49f0-a156-c8646c0ad81e",
                "name": "Mango - Dapaong",
                "start": {
                    "name": "Mango",
                    "id": "e559c067-1ef0-47d7-8208-db77338e8c63",
                    "networkProviders": [
                        {
                            "id": "7d12eb6e-73dd-4d46-82df-4a84e7d22dbb",
                            "name": "Yas"
                        }
                    ],
                    "status": "operational",
                    "location": {
                        "type": "Point",
                        "coordinates": [
                            0.475313254622356,
                            10.35878288810986
                        ]
                    },
                    "transmissionMediumOwner": {
                        "id": "e3efec38-70c3-488b-bdda-593bd8527a08",
                        "name": "Togocom"
                    }
                },
                "end": {
                    "name": "Dapaong",
                    "id": "af77ec53-22ee-4734-b51c-76144392b4e6",
                    "networkProviders": [
                        {
                            "id": "7d12eb6e-73dd-4d46-82df-4a84e7d22dbb",
                            "name": "Yas"
                        }
                    ],
                    "status": "operational",
                    "location": {
                        "type": "Point",
                        "coordinates": [
                            0.2016166361169479,
                            10.875933134989227
                        ]
                    },
                    "transmissionMediumOwner": {
                        "id": "e3efec38-70c3-488b-bdda-593bd8527a08",
                        "name": "Togocom"
                    }
                },
                "status": "operational",
                "networkProviders": [
                    {
                        "id": "7d12eb6e-73dd-4d46-82df-4a84e7d22dbb",
                        "name": "Yas"
                    }
                ],
                "transmissionMediumOwner": {
                    "id": "e3efec38-70c3-488b-bdda-593bd8527a08",
                    "name": "Togocom"
                },
                "network": {
                    "id": "74cb3dbf-03be-4c46-8a28-674a29c46ffd",
                    "name": "Togocom",
                    "links": [
                        {
                            "rel": "describedby",
                            "href": "https://standard.ofds.info/en/0__4__0/network-schema.json"
                        }
                    ]
                },
                "featureType": "span"
            }
        }
    ]
}