{
    "type": "FeatureCollection",
    "features": [
        {
            "type": "Feature",
            "geometry": {
                "type": "LineString",
                "coordinates": [
                    [
                        26.27171835138916,
                        47.6670182068117
                    ],
                    [
                        26.33592245245345,
                        47.65400341489521
                    ],
                    [
                        26.44393645589266,
                        47.67922313148699
                    ],
                    [
                        26.663175583232036,
                        47.744289205067254
                    ]
                ]
            },
            "properties": {
                "id": "17dcd6c9-50a9-46a8-814d-e84d59ad7b51",
                "name": "Suceava - Botoşani",
                "start": {
                    "name": "Suceava",
                    "id": "54a1bad5-fd46-4c9b-9445-e36ed8f2250d",
                    "networkProviders": [
                        {
                            "id": "f7e0f5f0-ef80-4c1e-8668-8bae435fe1a8",
                            "name": "directONE"
                        }
                    ],
                    "status": "operational",
                    "location": {
                        "type": "Point",
                        "coordinates": [
                            26.27171835138916,
                            47.6670182068117
                        ]
                    },
                    "transmissionMediumOwner": {
                        "id": "da0ebd8c-a970-4537-a157-0a3b555fc725",
                        "name": "directONE"
                    }
                },
                "end": {
                    "name": "Botoşani",
                    "id": "bbb6fc85-fc07-4b8d-9c0b-923930d2f170",
                    "networkProviders": [
                        {
                            "id": "f7e0f5f0-ef80-4c1e-8668-8bae435fe1a8",
                            "name": "directONE"
                        }
                    ],
                    "status": "operational",
                    "location": {
                        "type": "Point",
                        "coordinates": [
                            26.66327142374897,
                            47.74431764874062
                        ]
                    },
                    "transmissionMediumOwner": {
                        "id": "da0ebd8c-a970-4537-a157-0a3b555fc725",
                        "name": "directONE"
                    }
                },
                "status": "operational",
                "networkProviders": [
                    {
                        "id": "f7e0f5f0-ef80-4c1e-8668-8bae435fe1a8",
                        "name": "directONE"
                    }
                ],
                "transmissionMediumOwner": {
                    "id": "da0ebd8c-a970-4537-a157-0a3b555fc725",
                    "name": "directONE"
                },
                "network": {
                    "id": "fe99cf2d-3872-401e-9937-71dabec23742",
                    "name": "directONE",
                    "links": [
                        {
                            "rel": "describedby",
                            "href": "https://standard.ofds.info/en/0__4__0/network-schema.json"
                        }
                    ]
                },
                "featureType": "span"
            }
        },
        {
            "type": "Feature",
            "geometry": {
                "type": "LineString",
                "coordinates": [
                    [
                        26.92659064085972,
                        46.92167314172817
                    ],
                    [
                        26.92614814682493,
                        46.93351068563398
                    ],
                    [
                        26.99795780307428,
                        46.94728674087997
                    ],
                    [
                        27.0124027008671,
                        46.95605795421415
                    ],
                    [
                        27.08684298047099,
                        47.01271049184258
                    ],
                    [
                        27.13551116076143,
                        47.03455923575984
                    ],
                    [
                        27.15756102923179,
                        47.06189123632213
                    ],
                    [
                        27.151487111633,
                        47.07239087018501
                    ],
                    [
                        27.15378787377094,
                        47.10467092554836
                    ],
                    [
                        27.17397522847154,
                        47.12196909374926
                    ],
                    [
                        27.19146042707816,
                        47.11566481802004
                    ],
                    [
                        27.19581890624951,
                        47.10217760283138
                    ],
                    [
                        27.20329351475741,
                        47.09740262862191
                    ],
                    [
                        27.20220304299291,
                        47.08920687346062
                    ],
                    [
                        27.2279889667086,
                        47.09977234792383
                    ],
                    [
                        27.24735893555066,
                        47.10164299997153
                    ],
                    [
                        27.29275908345993,
                        47.11934841319127
                    ],
                    [
                        27.35040686795654,
                        47.15449704244506
                    ],
                    [
                        27.38453350528451,
                        47.16238951534034
                    ],
                    [
                        27.39571563523189,
                        47.17017077950307
                    ],
                    [
                        27.40586149854128,
                        47.17218000406919
                    ],
                    [
                        27.44083123022568,
                        47.15840556321367
                    ],
                    [
                        27.45729767148498,
                        47.15698583899395
                    ],
                    [
                        27.59459234957617,
                        47.16246643730891
                    ]
                ]
            },
            "properties": {
                "id": "a2456b55-f43c-4abb-a943-1e03b33f199e",
                "name": "Roman - Iași",
                "start": {
                    "name": "Roman",
                    "id": "b6b9bbeb-5c3e-4c5c-a4b9-c682e842a91e",
                    "networkProviders": [
                        {
                            "id": "f7e0f5f0-ef80-4c1e-8668-8bae435fe1a8",
                            "name": "directONE"
                        }
                    ],
                    "status": "operational",
                    "location": {
                        "type": "Point",
                        "coordinates": [
                            26.92659064085972,
                            46.92167314172817
                        ]
                    },
                    "transmissionMediumOwner": {
                        "id": "da0ebd8c-a970-4537-a157-0a3b555fc725",
                        "name": "directONE"
                    }
                },
                "end": {
                    "name": "Iași",
                    "id": "61d4acd1-69a8-4ac0-8b39-3ef683cb0d0d",
                    "networkProviders": [
                        {
                            "id": "f7e0f5f0-ef80-4c1e-8668-8bae435fe1a8",
                            "name": "directONE"
                        }
                    ],
                    "status": "operational",
                    "location": {
                        "type": "Point",
                        "coordinates": [
                            27.594692153852957,
                            47.16247042134645
                        ]
                    },
                    "transmissionMediumOwner": {
                        "id": "da0ebd8c-a970-4537-a157-0a3b555fc725",
                        "name": "directONE"
                    }
                },
                "status": "operational",
                "networkProviders": [
                    {
                        "id": "f7e0f5f0-ef80-4c1e-8668-8bae435fe1a8",
                        "name": "directONE"
                    }
                ],
                "transmissionMediumOwner": {
                    "id": "da0ebd8c-a970-4537-a157-0a3b555fc725",
                    "name": "directONE"
                },
                "network": {
                    "id": "fe99cf2d-3872-401e-9937-71dabec23742",
                    "name": "directONE",
                    "links": [
                        {
                            "rel": "describedby",
                            "href": "https://standard.ofds.info/en/0__4__0/network-schema.json"
                        }
                    ]
                },
                "featureType": "span"
            }
        },
        {
            "type": "Feature",
            "geometry": {
                "type": "LineString",
                "coordinates": [
                    [
                        27.748612564852397,
                        46.61961121021879
                    ],
                    [
                        27.76368752067859,
                        46.55604596937529
                    ],
                    [
                        27.77542454240989,
                        46.48160133561402
                    ],
                    [
                        27.78033372944584,
                        46.37033350415884
                    ],
                    [
                        27.76990419925294,
                        46.28993248202509
                    ],
                    [
                        27.55344980425503,
                        46.23223473534174
                    ],
                    [
                        27.29205554084193,
                        46.19825473716073
                    ],
                    [
                        27.16162903539599,
                        46.12208186869773
                    ]
                ]
            },
            "properties": {
                "id": "d736fdaa-7321-40b2-8fbc-776f7d12c2e6",
                "name": "Vasuli - Șișcani",
                "start": {
                    "name": "Vasuli",
                    "id": "4fc8740a-de1c-41dc-9805-79032dc85292",
                    "networkProviders": [
                        {
                            "id": "f7e0f5f0-ef80-4c1e-8668-8bae435fe1a8",
                            "name": "directONE"
                        }
                    ],
                    "status": "operational",
                    "location": {
                        "type": "Point",
                        "coordinates": [
                            27.74858951515386,
                            46.61970840185609
                        ]
                    },
                    "transmissionMediumOwner": {
                        "id": "da0ebd8c-a970-4537-a157-0a3b555fc725",
                        "name": "directONE"
                    }
                },
                "end": {
                    "name": "Șișcani",
                    "id": "4a0e3acf-697d-4940-a3c9-b673699594d1",
                    "networkProviders": [
                        {
                            "id": "f7e0f5f0-ef80-4c1e-8668-8bae435fe1a8",
                            "name": "directONE"
                        }
                    ],
                    "status": "operational",
                    "location": {
                        "type": "Point",
                        "coordinates": [
                            27.16162903539599,
                            46.12208186869773
                        ]
                    },
                    "transmissionMediumOwner": {
                        "id": "da0ebd8c-a970-4537-a157-0a3b555fc725",
                        "name": "directONE"
                    }
                },
                "status": "operational",
                "networkProviders": [
                    {
                        "id": "f7e0f5f0-ef80-4c1e-8668-8bae435fe1a8",
                        "name": "directONE"
                    }
                ],
                "transmissionMediumOwner": {
                    "id": "da0ebd8c-a970-4537-a157-0a3b555fc725",
                    "name": "directONE"
                },
                "network": {
                    "id": "fe99cf2d-3872-401e-9937-71dabec23742",
                    "name": "directONE",
                    "links": [
                        {
                            "rel": "describedby",
                            "href": "https://standard.ofds.info/en/0__4__0/network-schema.json"
                        }
                    ]
                },
                "featureType": "span"
            }
        },
        {
            "type": "Feature",
            "geometry": {
                "type": "LineString",
                "coordinates": [
                    [
                        27.16162903539599,
                        46.12208186869773
                    ],
                    [
                        27.11474718478106,
                        46.26295806915784
                    ],
                    [
                        27.03605203368936,
                        46.35352446108716
                    ],
                    [
                        26.98164011611923,
                        46.45514955825783
                    ],
                    [
                        27.00857670888057,
                        46.5312703287947
                    ],
                    [
                        26.96399990399083,
                        46.57682868384725
                    ],
                    [
                        26.91322626805077,
                        46.57602532465784
                    ]
                ]
            },
            "properties": {
                "id": "581c2716-db06-4fe3-a9a2-6a8b58ada126",
                "name": "Șișcani - Bacău",
                "start": {
                    "name": "Șișcani",
                    "id": "4a0e3acf-697d-4940-a3c9-b673699594d1",
                    "networkProviders": [
                        {
                            "id": "f7e0f5f0-ef80-4c1e-8668-8bae435fe1a8",
                            "name": "directONE"
                        }
                    ],
                    "status": "operational",
                    "location": {
                        "type": "Point",
                        "coordinates": [
                            27.16162903539599,
                            46.12208186869773
                        ]
                    },
                    "transmissionMediumOwner": {
                        "id": "da0ebd8c-a970-4537-a157-0a3b555fc725",
                        "name": "directONE"
                    }
                },
                "end": {
                    "name": "Bacău",
                    "id": "d89fce8a-b9d8-425b-b576-3d056194e625",
                    "networkProviders": [
                        {
                            "id": "f7e0f5f0-ef80-4c1e-8668-8bae435fe1a8",
                            "name": "directONE"
                        }
                    ],
                    "status": "operational",
                    "location": {
                        "type": "Point",
                        "coordinates": [
                            26.91322626805077,
                            46.57602532465784
                        ]
                    },
                    "transmissionMediumOwner": {
                        "id": "da0ebd8c-a970-4537-a157-0a3b555fc725",
                        "name": "directONE"
                    }
                },
                "status": "operational",
                "networkProviders": [
                    {
                        "id": "f7e0f5f0-ef80-4c1e-8668-8bae435fe1a8",
                        "name": "directONE"
                    }
                ],
                "transmissionMediumOwner": {
                    "id": "da0ebd8c-a970-4537-a157-0a3b555fc725",
                    "name": "directONE"
                },
                "network": {
                    "id": "fe99cf2d-3872-401e-9937-71dabec23742",
                    "name": "directONE",
                    "links": [
                        {
                            "rel": "describedby",
                            "href": "https://standard.ofds.info/en/0__4__0/network-schema.json"
                        }
                    ]
                },
                "featureType": "span"
            }
        },
        {
            "type": "Feature",
            "geometry": {
                "type": "LineString",
                "coordinates": [
                    [
                        27.161555227120882,
                        46.12201457569122
                    ],
                    [
                        27.14008490996714,
                        46.10243950514671
                    ],
                    [
                        27.02208218212062,
                        46.10428269963508
                    ],
                    [
                        27.01324793574251,
                        46.07383536050887
                    ],
                    [
                        27.10995987708142,
                        46.02417287664999
                    ],
                    [
                        27.16043679133853,
                        45.92897189235466
                    ],
                    [
                        27.20412994875846,
                        45.87066666232529
                    ],
                    [
                        27.210428190019403,
                        45.84575208429883
                    ]
                ]
            },
            "properties": {
                "id": "f3cee575-df69-45a0-adb7-1e9000903e04",
                "name": "Șișcani - Tișița",
                "start": {
                    "name": "Șișcani",
                    "id": "4a0e3acf-697d-4940-a3c9-b673699594d1",
                    "networkProviders": [
                        {
                            "id": "f7e0f5f0-ef80-4c1e-8668-8bae435fe1a8",
                            "name": "directONE"
                        }
                    ],
                    "status": "operational",
                    "location": {
                        "type": "Point",
                        "coordinates": [
                            27.16162903539599,
                            46.12208186869773
                        ]
                    },
                    "transmissionMediumOwner": {
                        "id": "da0ebd8c-a970-4537-a157-0a3b555fc725",
                        "name": "directONE"
                    }
                },
                "end": {
                    "name": "Tișița",
                    "id": "c92f675f-c3a9-447c-a199-e5f4a41718be",
                    "networkProviders": [
                        {
                            "id": "f7e0f5f0-ef80-4c1e-8668-8bae435fe1a8",
                            "name": "directONE"
                        }
                    ],
                    "status": "operational",
                    "location": {
                        "type": "Point",
                        "coordinates": [
                            27.210428190019403,
                            45.84575208429883
                        ]
                    },
                    "transmissionMediumOwner": {
                        "id": "da0ebd8c-a970-4537-a157-0a3b555fc725",
                        "name": "directONE"
                    }
                },
                "status": "operational",
                "networkProviders": [
                    {
                        "id": "f7e0f5f0-ef80-4c1e-8668-8bae435fe1a8",
                        "name": "directONE"
                    }
                ],
                "transmissionMediumOwner": {
                    "id": "da0ebd8c-a970-4537-a157-0a3b555fc725",
                    "name": "directONE"
                },
                "network": {
                    "id": "fe99cf2d-3872-401e-9937-71dabec23742",
                    "name": "directONE",
                    "links": [
                        {
                            "rel": "describedby",
                            "href": "https://standard.ofds.info/en/0__4__0/network-schema.json"
                        }
                    ]
                },
                "featureType": "span"
            }
        },
        {
            "type": "Feature",
            "geometry": {
                "type": "LineString",
                "coordinates": [
                    [
                        27.210428190019403,
                        45.84575208429883
                    ],
                    [
                        27.25249148553842,
                        45.8460423628585
                    ],
                    [
                        27.33997333627836,
                        45.87604031182771
                    ],
                    [
                        27.41187881690637,
                        45.83753969797055
                    ],
                    [
                        27.46151470838971,
                        45.8033393813347
                    ],
                    [
                        27.48271893918461,
                        45.78344708860557
                    ],
                    [
                        27.54972967097047,
                        45.78142244573611
                    ],
                    [
                        27.5672672930701,
                        45.75652249764134
                    ],
                    [
                        27.58617968384075,
                        45.70874414371874
                    ],
                    [
                        27.61110048602715,
                        45.64987533164398
                    ],
                    [
                        27.63691939130506,
                        45.59178880673495
                    ],
                    [
                        27.64798472924451,
                        45.56797624139358
                    ],
                    [
                        27.72035515559951,
                        45.56652320807265
                    ],
                    [
                        27.76258430049395,
                        45.52769714951167
                    ],
                    [
                        27.83515794868237,
                        45.51063655221013
                    ],
                    [
                        27.88733633567865,
                        45.50905773574099
                    ],
                    [
                        27.93213659342998,
                        45.48522760920629
                    ],
                    [
                        27.99374742784635,
                        45.45562582942667
                    ],
                    [
                        28.024332403304005,
                        45.43435933082332
                    ]
                ]
            },
            "properties": {
                "id": "09467901-d427-44d5-b1af-eec736e886d7",
                "name": "Tișița - Galați",
                "start": {
                    "name": "Tișița",
                    "id": "c92f675f-c3a9-447c-a199-e5f4a41718be",
                    "networkProviders": [
                        {
                            "id": "f7e0f5f0-ef80-4c1e-8668-8bae435fe1a8",
                            "name": "directONE"
                        }
                    ],
                    "status": "operational",
                    "location": {
                        "type": "Point",
                        "coordinates": [
                            27.210428190019403,
                            45.84575208429883
                        ]
                    },
                    "transmissionMediumOwner": {
                        "id": "da0ebd8c-a970-4537-a157-0a3b555fc725",
                        "name": "directONE"
                    }
                },
                "end": {
                    "name": "Galați",
                    "id": "3a53ed2a-11ac-49de-8dcc-85b7f112a2dd",
                    "networkProviders": [
                        {
                            "id": "f7e0f5f0-ef80-4c1e-8668-8bae435fe1a8",
                            "name": "directONE"
                        }
                    ],
                    "status": "operational",
                    "location": {
                        "type": "Point",
                        "coordinates": [
                            28.02441444581091,
                            45.43430228461575
                        ]
                    },
                    "transmissionMediumOwner": {
                        "id": "da0ebd8c-a970-4537-a157-0a3b555fc725",
                        "name": "directONE"
                    }
                },
                "status": "operational",
                "networkProviders": [
                    {
                        "id": "f7e0f5f0-ef80-4c1e-8668-8bae435fe1a8",
                        "name": "directONE"
                    }
                ],
                "transmissionMediumOwner": {
                    "id": "da0ebd8c-a970-4537-a157-0a3b555fc725",
                    "name": "directONE"
                },
                "network": {
                    "id": "fe99cf2d-3872-401e-9937-71dabec23742",
                    "name": "directONE",
                    "links": [
                        {
                            "rel": "describedby",
                            "href": "https://standard.ofds.info/en/0__4__0/network-schema.json"
                        }
                    ]
                },
                "featureType": "span"
            }
        },
        {
            "type": "Feature",
            "geometry": {
                "type": "LineString",
                "coordinates": [
                    [
                        28.02441444581091,
                        45.43430228461575
                    ],
                    [
                        27.9880125256666,
                        45.34239067730284
                    ],
                    [
                        27.961976901284824,
                        45.27568680329872
                    ]
                ]
            },
            "properties": {
                "id": "012e33da-5843-4a9a-a849-7b580ef78814",
                "name": "Galați - Brăila",
                "start": {
                    "name": "Galați",
                    "id": "3a53ed2a-11ac-49de-8dcc-85b7f112a2dd",
                    "networkProviders": [
                        {
                            "id": "f7e0f5f0-ef80-4c1e-8668-8bae435fe1a8",
                            "name": "directONE"
                        }
                    ],
                    "status": "operational",
                    "location": {
                        "type": "Point",
                        "coordinates": [
                            28.02441444581091,
                            45.43430228461575
                        ]
                    },
                    "transmissionMediumOwner": {
                        "id": "da0ebd8c-a970-4537-a157-0a3b555fc725",
                        "name": "directONE"
                    }
                },
                "end": {
                    "name": "Brăila",
                    "id": "f413f59f-fe65-4364-86e2-a4b10d1395d1",
                    "networkProviders": [
                        {
                            "id": "f7e0f5f0-ef80-4c1e-8668-8bae435fe1a8",
                            "name": "directONE"
                        }
                    ],
                    "status": "operational",
                    "location": {
                        "type": "Point",
                        "coordinates": [
                            27.96194057018878,
                            45.27559372218734
                        ]
                    },
                    "transmissionMediumOwner": {
                        "id": "da0ebd8c-a970-4537-a157-0a3b555fc725",
                        "name": "directONE"
                    }
                },
                "status": "operational",
                "networkProviders": [
                    {
                        "id": "f7e0f5f0-ef80-4c1e-8668-8bae435fe1a8",
                        "name": "directONE"
                    }
                ],
                "transmissionMediumOwner": {
                    "id": "da0ebd8c-a970-4537-a157-0a3b555fc725",
                    "name": "directONE"
                },
                "network": {
                    "id": "fe99cf2d-3872-401e-9937-71dabec23742",
                    "name": "directONE",
                    "links": [
                        {
                            "rel": "describedby",
                            "href": "https://standard.ofds.info/en/0__4__0/network-schema.json"
                        }
                    ]
                },
                "featureType": "span"
            }
        },
        {
            "type": "Feature",
            "geometry": {
                "type": "LineString",
                "coordinates": [
                    [
                        27.96194057018878,
                        45.27559372218734
                    ],
                    [
                        27.91195880404873,
                        45.21723309340212
                    ],
                    [
                        27.89377648519768,
                        45.19823104153523
                    ],
                    [
                        27.89921110411978,
                        45.14636351956821
                    ],
                    [
                        27.95906354305155,
                        45.14905633566238
                    ],
                    [
                        27.99996540842382,
                        45.16549290629698
                    ],
                    [
                        28.03338672679706,
                        45.13799711676231
                    ],
                    [
                        28.08431341786133,
                        45.15654667468173
                    ],
                    [
                        28.09085930613852,
                        44.97518219243996
                    ],
                    [
                        28.07150181094041,
                        44.8632139473731
                    ],
                    [
                        28.11719878673544,
                        44.92833228988958
                    ],
                    [
                        28.16835433047067,
                        44.89479238675442
                    ],
                    [
                        28.17746661548153,
                        44.87312083155485
                    ],
                    [
                        28.25072692991758,
                        44.96282837541116
                    ],
                    [
                        28.28857990911574,
                        45.04067530946515
                    ],
                    [
                        28.24812192366025,
                        45.15961853710087
                    ],
                    [
                        28.15768924070894,
                        45.25065731316138
                    ],
                    [
                        28.133341512330166,
                        45.24962399628126
                    ]
                ]
            },
            "properties": {
                "id": "534ae4f2-c218-4147-a592-03926491cab8",
                "name": "Brăila - Măcin",
                "start": {
                    "name": "Brăila",
                    "id": "f413f59f-fe65-4364-86e2-a4b10d1395d1",
                    "networkProviders": [
                        {
                            "id": "f7e0f5f0-ef80-4c1e-8668-8bae435fe1a8",
                            "name": "directONE"
                        }
                    ],
                    "status": "operational",
                    "location": {
                        "type": "Point",
                        "coordinates": [
                            27.96194057018878,
                            45.27559372218734
                        ]
                    },
                    "transmissionMediumOwner": {
                        "id": "da0ebd8c-a970-4537-a157-0a3b555fc725",
                        "name": "directONE"
                    }
                },
                "end": {
                    "name": "Măcin",
                    "id": "a1b06f12-03e1-45d3-840f-1b613d2264d3",
                    "networkProviders": [
                        {
                            "id": "f7e0f5f0-ef80-4c1e-8668-8bae435fe1a8",
                            "name": "directONE"
                        }
                    ],
                    "status": "operational",
                    "location": {
                        "type": "Point",
                        "coordinates": [
                            28.13324172039058,
                            45.24961976111426
                        ]
                    },
                    "transmissionMediumOwner": {
                        "id": "da0ebd8c-a970-4537-a157-0a3b555fc725",
                        "name": "directONE"
                    }
                },
                "status": "operational",
                "networkProviders": [
                    {
                        "id": "f7e0f5f0-ef80-4c1e-8668-8bae435fe1a8",
                        "name": "directONE"
                    }
                ],
                "transmissionMediumOwner": {
                    "id": "da0ebd8c-a970-4537-a157-0a3b555fc725",
                    "name": "directONE"
                },
                "network": {
                    "id": "fe99cf2d-3872-401e-9937-71dabec23742",
                    "name": "directONE",
                    "links": [
                        {
                            "rel": "describedby",
                            "href": "https://standard.ofds.info/en/0__4__0/network-schema.json"
                        }
                    ]
                },
                "featureType": "span"
            }
        },
        {
            "type": "Feature",
            "geometry": {
                "type": "LineString",
                "coordinates": [
                    [
                        28.13324172039058,
                        45.24961976111426
                    ],
                    [
                        28.182370299423,
                        45.25837747950725
                    ],
                    [
                        28.43666507144146,
                        45.22131820023363
                    ],
                    [
                        28.50897382945253,
                        45.1955539276691
                    ],
                    [
                        28.56603278421477,
                        45.19847912524641
                    ],
                    [
                        28.70459413934048,
                        45.14550344394463
                    ],
                    [
                        28.802858269733022,
                        45.17881557414698
                    ]
                ]
            },
            "properties": {
                "id": "1425b599-4d19-4cc3-b7cc-e246e6a3ee64",
                "name": "Măcin - Tulcea",
                "start": {
                    "name": "Măcin",
                    "id": "a1b06f12-03e1-45d3-840f-1b613d2264d3",
                    "networkProviders": [
                        {
                            "id": "f7e0f5f0-ef80-4c1e-8668-8bae435fe1a8",
                            "name": "directONE"
                        }
                    ],
                    "status": "operational",
                    "location": {
                        "type": "Point",
                        "coordinates": [
                            28.13324172039058,
                            45.24961976111426
                        ]
                    },
                    "transmissionMediumOwner": {
                        "id": "da0ebd8c-a970-4537-a157-0a3b555fc725",
                        "name": "directONE"
                    }
                },
                "end": {
                    "name": "Tulcea",
                    "id": "74b1688b-9829-40c1-bf85-2072af804bc6",
                    "networkProviders": [
                        {
                            "id": "f7e0f5f0-ef80-4c1e-8668-8bae435fe1a8",
                            "name": "directONE"
                        }
                    ],
                    "status": "operational",
                    "location": {
                        "type": "Point",
                        "coordinates": [
                            28.8029528748765,
                            45.17884764585865
                        ]
                    },
                    "transmissionMediumOwner": {
                        "id": "da0ebd8c-a970-4537-a157-0a3b555fc725",
                        "name": "directONE"
                    }
                },
                "status": "operational",
                "networkProviders": [
                    {
                        "id": "f7e0f5f0-ef80-4c1e-8668-8bae435fe1a8",
                        "name": "directONE"
                    }
                ],
                "transmissionMediumOwner": {
                    "id": "da0ebd8c-a970-4537-a157-0a3b555fc725",
                    "name": "directONE"
                },
                "network": {
                    "id": "fe99cf2d-3872-401e-9937-71dabec23742",
                    "name": "directONE",
                    "links": [
                        {
                            "rel": "describedby",
                            "href": "https://standard.ofds.info/en/0__4__0/network-schema.json"
                        }
                    ]
                },
                "featureType": "span"
            }
        },
        {
            "type": "Feature",
            "geometry": {
                "type": "LineString",
                "coordinates": [
                    [
                        28.8029528748765,
                        45.17884764585865
                    ],
                    [
                        28.74034945915882,
                        45.09813281373919
                    ],
                    [
                        28.73395249216257,
                        45.02060876418398
                    ],
                    [
                        28.715986792856004,
                        44.892727800558504
                    ]
                ]
            },
            "properties": {
                "id": "ffb28199-dce4-4e86-8a57-b025a5719c33",
                "name": "Tulcea - Babadag",
                "start": {
                    "name": "Tulcea",
                    "id": "74b1688b-9829-40c1-bf85-2072af804bc6",
                    "networkProviders": [
                        {
                            "id": "f7e0f5f0-ef80-4c1e-8668-8bae435fe1a8",
                            "name": "directONE"
                        }
                    ],
                    "status": "operational",
                    "location": {
                        "type": "Point",
                        "coordinates": [
                            28.8029528748765,
                            45.17884764585865
                        ]
                    },
                    "transmissionMediumOwner": {
                        "id": "da0ebd8c-a970-4537-a157-0a3b555fc725",
                        "name": "directONE"
                    }
                },
                "end": {
                    "name": "Babadag",
                    "id": "ac09a676-715c-428d-bf93-0c96b01529cd",
                    "networkProviders": [
                        {
                            "id": "f7e0f5f0-ef80-4c1e-8668-8bae435fe1a8",
                            "name": "directONE"
                        }
                    ],
                    "status": "operational",
                    "location": {
                        "type": "Point",
                        "coordinates": [
                            28.71597289705534,
                            44.89262888938622
                        ]
                    },
                    "transmissionMediumOwner": {
                        "id": "da0ebd8c-a970-4537-a157-0a3b555fc725",
                        "name": "directONE"
                    }
                },
                "status": "operational",
                "networkProviders": [
                    {
                        "id": "f7e0f5f0-ef80-4c1e-8668-8bae435fe1a8",
                        "name": "directONE"
                    }
                ],
                "transmissionMediumOwner": {
                    "id": "da0ebd8c-a970-4537-a157-0a3b555fc725",
                    "name": "directONE"
                },
                "network": {
                    "id": "fe99cf2d-3872-401e-9937-71dabec23742",
                    "name": "directONE",
                    "links": [
                        {
                            "rel": "describedby",
                            "href": "https://standard.ofds.info/en/0__4__0/network-schema.json"
                        }
                    ]
                },
                "featureType": "span"
            }
        },
        {
            "type": "Feature",
            "geometry": {
                "type": "LineString",
                "coordinates": [
                    [
                        28.71597289705534,
                        44.89262888938622
                    ],
                    [
                        28.70765195759107,
                        44.8436679328914
                    ],
                    [
                        28.72177495618339,
                        44.78941191877472
                    ],
                    [
                        28.71995858999296,
                        44.74465463805517
                    ],
                    [
                        28.71717192142644,
                        44.67488998023749
                    ],
                    [
                        28.75738254539075,
                        44.62526128024449
                    ],
                    [
                        28.75466641883992,
                        44.55814922440499
                    ],
                    [
                        28.74938857684639,
                        44.49470558577531
                    ],
                    [
                        28.69384036724811,
                        44.43853268568819
                    ],
                    [
                        28.68892230569071,
                        44.43633206909488
                    ],
                    [
                        28.64107965250869,
                        44.38696077990323
                    ],
                    [
                        28.64060139363465,
                        44.32798867787671
                    ],
                    [
                        28.57322178580338,
                        44.27960123095924
                    ],
                    [
                        28.645026283405276,
                        44.182169992816966
                    ]
                ]
            },
            "properties": {
                "id": "d41c6359-cdb5-43c5-aaf1-e32f00cdf77f",
                "name": "Babadag - Constanta",
                "start": {
                    "name": "Babadag",
                    "id": "ac09a676-715c-428d-bf93-0c96b01529cd",
                    "networkProviders": [
                        {
                            "id": "f7e0f5f0-ef80-4c1e-8668-8bae435fe1a8",
                            "name": "directONE"
                        }
                    ],
                    "status": "operational",
                    "location": {
                        "type": "Point",
                        "coordinates": [
                            28.71597289705534,
                            44.89262888938622
                        ]
                    },
                    "transmissionMediumOwner": {
                        "id": "da0ebd8c-a970-4537-a157-0a3b555fc725",
                        "name": "directONE"
                    }
                },
                "end": {
                    "name": "Constanta",
                    "id": "8ece1e1b-c5d7-4824-8afe-58ffffd25169",
                    "networkProviders": [
                        {
                            "id": "f7e0f5f0-ef80-4c1e-8668-8bae435fe1a8",
                            "name": "directONE"
                        }
                    ],
                    "status": "operational",
                    "location": {
                        "type": "Point",
                        "coordinates": [
                            28.64508553911062,
                            44.18208958898529
                        ]
                    },
                    "transmissionMediumOwner": {
                        "id": "da0ebd8c-a970-4537-a157-0a3b555fc725",
                        "name": "directONE"
                    }
                },
                "status": "operational",
                "networkProviders": [
                    {
                        "id": "f7e0f5f0-ef80-4c1e-8668-8bae435fe1a8",
                        "name": "directONE"
                    }
                ],
                "transmissionMediumOwner": {
                    "id": "da0ebd8c-a970-4537-a157-0a3b555fc725",
                    "name": "directONE"
                },
                "network": {
                    "id": "fe99cf2d-3872-401e-9937-71dabec23742",
                    "name": "directONE",
                    "links": [
                        {
                            "rel": "describedby",
                            "href": "https://standard.ofds.info/en/0__4__0/network-schema.json"
                        }
                    ]
                },
                "featureType": "span"
            }
        },
        {
            "type": "Feature",
            "geometry": {
                "type": "LineString",
                "coordinates": [
                    [
                        26.913195903209008,
                        46.57612054052914
                    ],
                    [
                        26.86222948449065,
                        46.73593734454406
                    ],
                    [
                        26.87333416323761,
                        46.86012602559512
                    ],
                    [
                        26.926525268536768,
                        46.92159759264696
                    ]
                ]
            },
            "properties": {
                "id": "c9e515be-a1cf-4007-adf1-133ba615d5e6",
                "name": "Bacău - Roman",
                "start": {
                    "name": "Bacău",
                    "id": "d89fce8a-b9d8-425b-b576-3d056194e625",
                    "networkProviders": [
                        {
                            "id": "f7e0f5f0-ef80-4c1e-8668-8bae435fe1a8",
                            "name": "directONE"
                        }
                    ],
                    "status": "operational",
                    "location": {
                        "type": "Point",
                        "coordinates": [
                            26.91322626805077,
                            46.57602532465784
                        ]
                    },
                    "transmissionMediumOwner": {
                        "id": "da0ebd8c-a970-4537-a157-0a3b555fc725",
                        "name": "directONE"
                    }
                },
                "end": {
                    "name": "Roman",
                    "id": "b6b9bbeb-5c3e-4c5c-a4b9-c682e842a91e",
                    "networkProviders": [
                        {
                            "id": "f7e0f5f0-ef80-4c1e-8668-8bae435fe1a8",
                            "name": "directONE"
                        }
                    ],
                    "status": "operational",
                    "location": {
                        "type": "Point",
                        "coordinates": [
                            26.92659064085972,
                            46.92167314172817
                        ]
                    },
                    "transmissionMediumOwner": {
                        "id": "da0ebd8c-a970-4537-a157-0a3b555fc725",
                        "name": "directONE"
                    }
                },
                "status": "operational",
                "networkProviders": [
                    {
                        "id": "f7e0f5f0-ef80-4c1e-8668-8bae435fe1a8",
                        "name": "directONE"
                    }
                ],
                "transmissionMediumOwner": {
                    "id": "da0ebd8c-a970-4537-a157-0a3b555fc725",
                    "name": "directONE"
                },
                "network": {
                    "id": "fe99cf2d-3872-401e-9937-71dabec23742",
                    "name": "directONE",
                    "links": [
                        {
                            "rel": "describedby",
                            "href": "https://standard.ofds.info/en/0__4__0/network-schema.json"
                        }
                    ]
                },
                "featureType": "span"
            }
        },
        {
            "type": "Feature",
            "geometry": {
                "type": "LineString",
                "coordinates": [
                    [
                        27.594692153852957,
                        47.16247042134645
                    ],
                    [
                        27.30871657479173,
                        47.21222636243668
                    ],
                    [
                        27.06236593110918,
                        47.21972294025449
                    ],
                    [
                        26.95805440171756,
                        47.18132062981644
                    ],
                    [
                        26.81781964667853,
                        47.21520934374436
                    ],
                    [
                        26.75287934164719,
                        47.19836373009818
                    ],
                    [
                        26.6971076949964,
                        47.23749808232387
                    ],
                    [
                        26.52207343261652,
                        47.2164657010662
                    ],
                    [
                        26.360597029981193,
                        47.20559422585719
                    ]
                ]
            },
            "properties": {
                "id": "6291287e-f910-4f78-b91d-73caadc6e254",
                "name": "Iași - Targu Neamt",
                "start": {
                    "name": "Iași",
                    "id": "61d4acd1-69a8-4ac0-8b39-3ef683cb0d0d",
                    "networkProviders": [
                        {
                            "id": "f7e0f5f0-ef80-4c1e-8668-8bae435fe1a8",
                            "name": "directONE"
                        }
                    ],
                    "status": "operational",
                    "location": {
                        "type": "Point",
                        "coordinates": [
                            27.594692153852957,
                            47.16247042134645
                        ]
                    },
                    "transmissionMediumOwner": {
                        "id": "da0ebd8c-a970-4537-a157-0a3b555fc725",
                        "name": "directONE"
                    }
                },
                "end": {
                    "name": "Targu Neamt",
                    "id": "56ccd2fc-cca2-4026-af92-eb45d2c1aa9f",
                    "networkProviders": [
                        {
                            "id": "f7e0f5f0-ef80-4c1e-8668-8bae435fe1a8",
                            "name": "directONE"
                        }
                    ],
                    "status": "operational",
                    "location": {
                        "type": "Point",
                        "coordinates": [
                            26.36049735963969,
                            47.205587515504284
                        ]
                    },
                    "transmissionMediumOwner": {
                        "id": "da0ebd8c-a970-4537-a157-0a3b555fc725",
                        "name": "directONE"
                    }
                },
                "status": "operational",
                "networkProviders": [
                    {
                        "id": "f7e0f5f0-ef80-4c1e-8668-8bae435fe1a8",
                        "name": "directONE"
                    }
                ],
                "transmissionMediumOwner": {
                    "id": "da0ebd8c-a970-4537-a157-0a3b555fc725",
                    "name": "directONE"
                },
                "network": {
                    "id": "fe99cf2d-3872-401e-9937-71dabec23742",
                    "name": "directONE",
                    "links": [
                        {
                            "rel": "describedby",
                            "href": "https://standard.ofds.info/en/0__4__0/network-schema.json"
                        }
                    ]
                },
                "featureType": "span"
            }
        },
        {
            "type": "Feature",
            "geometry": {
                "type": "LineString",
                "coordinates": [
                    [
                        26.36049735963969,
                        47.205587515504284
                    ],
                    [
                        26.43746461179733,
                        47.27764202763315
                    ],
                    [
                        26.35614028004698,
                        47.38183043253209
                    ],
                    [
                        26.3854272133286,
                        47.44432747352054
                    ],
                    [
                        26.50271308512848,
                        47.46130106993383
                    ],
                    [
                        26.56974574502629,
                        47.48611659847742
                    ],
                    [
                        26.64651753201573,
                        47.52735986790972
                    ],
                    [
                        26.70409005693835,
                        47.59321631597336
                    ],
                    [
                        26.69139900037749,
                        47.66054098909694
                    ],
                    [
                        26.66327142374897,
                        47.74431764874062
                    ]
                ]
            },
            "properties": {
                "id": "47d1cb9d-55d3-436a-9470-c5c09824503c",
                "name": "Targu Neamt - Botoşani",
                "start": {
                    "name": "Targu Neamt",
                    "id": "56ccd2fc-cca2-4026-af92-eb45d2c1aa9f",
                    "networkProviders": [
                        {
                            "id": "f7e0f5f0-ef80-4c1e-8668-8bae435fe1a8",
                            "name": "directONE"
                        }
                    ],
                    "status": "operational",
                    "location": {
                        "type": "Point",
                        "coordinates": [
                            26.36049735963969,
                            47.205587515504284
                        ]
                    },
                    "transmissionMediumOwner": {
                        "id": "da0ebd8c-a970-4537-a157-0a3b555fc725",
                        "name": "directONE"
                    }
                },
                "end": {
                    "name": "Botoşani",
                    "id": "bbb6fc85-fc07-4b8d-9c0b-923930d2f170",
                    "networkProviders": [
                        {
                            "id": "f7e0f5f0-ef80-4c1e-8668-8bae435fe1a8",
                            "name": "directONE"
                        }
                    ],
                    "status": "operational",
                    "location": {
                        "type": "Point",
                        "coordinates": [
                            26.66327142374897,
                            47.74431764874062
                        ]
                    },
                    "transmissionMediumOwner": {
                        "id": "da0ebd8c-a970-4537-a157-0a3b555fc725",
                        "name": "directONE"
                    }
                },
                "status": "operational",
                "networkProviders": [
                    {
                        "id": "f7e0f5f0-ef80-4c1e-8668-8bae435fe1a8",
                        "name": "directONE"
                    }
                ],
                "transmissionMediumOwner": {
                    "id": "da0ebd8c-a970-4537-a157-0a3b555fc725",
                    "name": "directONE"
                },
                "network": {
                    "id": "fe99cf2d-3872-401e-9937-71dabec23742",
                    "name": "directONE",
                    "links": [
                        {
                            "rel": "describedby",
                            "href": "https://standard.ofds.info/en/0__4__0/network-schema.json"
                        }
                    ]
                },
                "featureType": "span"
            }
        },
        {
            "type": "Feature",
            "geometry": {
                "type": "LineString",
                "coordinates": [
                    [
                        26.271646067138246,
                        47.666949232303615
                    ],
                    [
                        26.23341971744126,
                        47.6304731862399
                    ],
                    [
                        26.19820072771,
                        47.69587278756869
                    ],
                    [
                        26.18524089186482,
                        47.73692301347462
                    ],
                    [
                        26.10216648467203,
                        47.75077180015582
                    ],
                    [
                        26.05095246090964,
                        47.75672391911144
                    ],
                    [
                        26.0509110939862,
                        47.75837193151177
                    ],
                    [
                        25.94934121186695,
                        47.82632422526806
                    ],
                    [
                        25.92133542936761,
                        47.78796177888739
                    ],
                    [
                        25.92660641518327,
                        47.6942708051181
                    ],
                    [
                        25.92447769687832,
                        47.60417186656735
                    ],
                    [
                        25.9164143717591,
                        47.55184207191811
                    ],
                    [
                        25.871348607709,
                        47.53339813896243
                    ],
                    [
                        25.78454591324162,
                        47.54700504666034
                    ],
                    [
                        25.69656633543113,
                        47.53475188293807
                    ],
                    [
                        25.61574139011175,
                        47.48791634975628
                    ],
                    [
                        25.568883975014657,
                        47.52311685866135
                    ]
                ]
            },
            "properties": {
                "id": "91f9bbbd-e902-4af2-91e3-c21febcc9446",
                "name": "Suceava - Câmpulung Moldovenesc",
                "start": {
                    "name": "Suceava",
                    "id": "54a1bad5-fd46-4c9b-9445-e36ed8f2250d",
                    "networkProviders": [
                        {
                            "id": "f7e0f5f0-ef80-4c1e-8668-8bae435fe1a8",
                            "name": "directONE"
                        }
                    ],
                    "status": "operational",
                    "location": {
                        "type": "Point",
                        "coordinates": [
                            26.27171835138916,
                            47.6670182068117
                        ]
                    },
                    "transmissionMediumOwner": {
                        "id": "da0ebd8c-a970-4537-a157-0a3b555fc725",
                        "name": "directONE"
                    }
                },
                "end": {
                    "name": "Câmpulung Moldovenesc",
                    "id": "faa66a3f-61a9-4539-8c12-24224b867e54",
                    "networkProviders": [
                        {
                            "id": "f7e0f5f0-ef80-4c1e-8668-8bae435fe1a8",
                            "name": "directONE"
                        }
                    ],
                    "status": "operational",
                    "location": {
                        "type": "Point",
                        "coordinates": [
                            25.56880411688721,
                            47.52317685016367
                        ]
                    },
                    "transmissionMediumOwner": {
                        "id": "da0ebd8c-a970-4537-a157-0a3b555fc725",
                        "name": "directONE"
                    }
                },
                "status": "operational",
                "networkProviders": [
                    {
                        "id": "f7e0f5f0-ef80-4c1e-8668-8bae435fe1a8",
                        "name": "directONE"
                    }
                ],
                "transmissionMediumOwner": {
                    "id": "da0ebd8c-a970-4537-a157-0a3b555fc725",
                    "name": "directONE"
                },
                "network": {
                    "id": "fe99cf2d-3872-401e-9937-71dabec23742",
                    "name": "directONE",
                    "links": [
                        {
                            "rel": "describedby",
                            "href": "https://standard.ofds.info/en/0__4__0/network-schema.json"
                        }
                    ]
                },
                "featureType": "span"
            }
        },
        {
            "type": "Feature",
            "geometry": {
                "type": "LineString",
                "coordinates": [
                    [
                        25.56880411688721,
                        47.52317685016367
                    ],
                    [
                        25.4447251046868,
                        47.55560823473819
                    ],
                    [
                        25.41272955559761,
                        47.44759924486424
                    ],
                    [
                        25.36388443696991,
                        47.351281431036185
                    ]
                ]
            },
            "properties": {
                "id": "a3ac7a55-10e5-4993-b623-4a196337b3bf",
                "name": "Câmpulung Moldovenesc - Vastra Dornei",
                "start": {
                    "name": "Câmpulung Moldovenesc",
                    "id": "faa66a3f-61a9-4539-8c12-24224b867e54",
                    "networkProviders": [
                        {
                            "id": "f7e0f5f0-ef80-4c1e-8668-8bae435fe1a8",
                            "name": "directONE"
                        }
                    ],
                    "status": "operational",
                    "location": {
                        "type": "Point",
                        "coordinates": [
                            25.56880411688721,
                            47.52317685016367
                        ]
                    },
                    "transmissionMediumOwner": {
                        "id": "da0ebd8c-a970-4537-a157-0a3b555fc725",
                        "name": "directONE"
                    }
                },
                "end": {
                    "name": "Vastra Dornei",
                    "id": "b654f16e-0038-428c-877b-85108577939b",
                    "networkProviders": [
                        {
                            "id": "f7e0f5f0-ef80-4c1e-8668-8bae435fe1a8",
                            "name": "directONE"
                        }
                    ],
                    "status": "operational",
                    "location": {
                        "type": "Point",
                        "coordinates": [
                            25.36383924534311,
                            47.3511923175522
                        ]
                    },
                    "transmissionMediumOwner": {
                        "id": "da0ebd8c-a970-4537-a157-0a3b555fc725",
                        "name": "directONE"
                    }
                },
                "status": "operational",
                "networkProviders": [
                    {
                        "id": "f7e0f5f0-ef80-4c1e-8668-8bae435fe1a8",
                        "name": "directONE"
                    }
                ],
                "transmissionMediumOwner": {
                    "id": "da0ebd8c-a970-4537-a157-0a3b555fc725",
                    "name": "directONE"
                },
                "network": {
                    "id": "fe99cf2d-3872-401e-9937-71dabec23742",
                    "name": "directONE",
                    "links": [
                        {
                            "rel": "describedby",
                            "href": "https://standard.ofds.info/en/0__4__0/network-schema.json"
                        }
                    ]
                },
                "featureType": "span"
            }
        },
        {
            "type": "Feature",
            "geometry": {
                "type": "LineString",
                "coordinates": [
                    [
                        25.36383924534311,
                        47.3511923175522
                    ],
                    [
                        25.440266245705,
                        47.37640423539732
                    ],
                    [
                        25.51351464450239,
                        47.41886090117372
                    ],
                    [
                        25.55915658432712,
                        47.42790798045158
                    ],
                    [
                        25.64602126837659,
                        47.35680962299862
                    ],
                    [
                        25.69880996489098,
                        47.28361738939807
                    ],
                    [
                        25.77475352377714,
                        47.24035978473449
                    ],
                    [
                        25.82093783851743,
                        47.22783758652741
                    ],
                    [
                        25.93886418670743,
                        47.13088174847588
                    ],
                    [
                        26.0097029572228,
                        47.08575233041662
                    ],
                    [
                        26.06816374472405,
                        47.0568102336877
                    ],
                    [
                        26.14878299693667,
                        46.99526424078299
                    ],
                    [
                        26.16383876248037,
                        46.94635597292687
                    ],
                    [
                        26.238818339739,
                        46.95490284638838
                    ],
                    [
                        26.297032039638,
                        46.96334534846014
                    ],
                    [
                        26.372510057692352,
                        46.93746606766217
                    ]
                ]
            },
            "properties": {
                "id": "39d98a67-3f32-4eca-9931-c0971e202d3c",
                "name": "Vastra Dornei - Piatra Neamț",
                "start": {
                    "name": "Vastra Dornei",
                    "id": "b654f16e-0038-428c-877b-85108577939b",
                    "networkProviders": [
                        {
                            "id": "f7e0f5f0-ef80-4c1e-8668-8bae435fe1a8",
                            "name": "directONE"
                        }
                    ],
                    "status": "operational",
                    "location": {
                        "type": "Point",
                        "coordinates": [
                            25.36383924534311,
                            47.3511923175522
                        ]
                    },
                    "transmissionMediumOwner": {
                        "id": "da0ebd8c-a970-4537-a157-0a3b555fc725",
                        "name": "directONE"
                    }
                },
                "end": {
                    "name": "Piatra Neamț",
                    "id": "9105f53a-8668-4e8a-81fc-1c088191ff2b",
                    "networkProviders": [
                        {
                            "id": "f7e0f5f0-ef80-4c1e-8668-8bae435fe1a8",
                            "name": "directONE"
                        }
                    ],
                    "status": "operational",
                    "location": {
                        "type": "Point",
                        "coordinates": [
                            26.37260454627846,
                            46.93743367019447
                        ]
                    },
                    "transmissionMediumOwner": {
                        "id": "da0ebd8c-a970-4537-a157-0a3b555fc725",
                        "name": "directONE"
                    }
                },
                "status": "operational",
                "networkProviders": [
                    {
                        "id": "f7e0f5f0-ef80-4c1e-8668-8bae435fe1a8",
                        "name": "directONE"
                    }
                ],
                "transmissionMediumOwner": {
                    "id": "da0ebd8c-a970-4537-a157-0a3b555fc725",
                    "name": "directONE"
                },
                "network": {
                    "id": "fe99cf2d-3872-401e-9937-71dabec23742",
                    "name": "directONE",
                    "links": [
                        {
                            "rel": "describedby",
                            "href": "https://standard.ofds.info/en/0__4__0/network-schema.json"
                        }
                    ]
                },
                "featureType": "span"
            }
        },
        {
            "type": "Feature",
            "geometry": {
                "type": "LineString",
                "coordinates": [
                    [
                        26.37260454627846,
                        46.93743367019447
                    ],
                    [
                        26.48642735858899,
                        46.88534587630105
                    ],
                    [
                        26.54914847359131,
                        46.84640505365648
                    ],
                    [
                        26.56904849815647,
                        46.76624277209714
                    ],
                    [
                        26.65795139521317,
                        46.70453458896991
                    ],
                    [
                        26.73231585804215,
                        46.65250252236341
                    ],
                    [
                        26.91322626805077,
                        46.57602532465784
                    ]
                ]
            },
            "properties": {
                "id": "b1d01f63-fb35-4953-b539-1ec6498f0125",
                "name": "Piatra Neamț - Bacău",
                "start": {
                    "name": "Piatra Neamț",
                    "id": "9105f53a-8668-4e8a-81fc-1c088191ff2b",
                    "networkProviders": [
                        {
                            "id": "f7e0f5f0-ef80-4c1e-8668-8bae435fe1a8",
                            "name": "directONE"
                        }
                    ],
                    "status": "operational",
                    "location": {
                        "type": "Point",
                        "coordinates": [
                            26.37260454627846,
                            46.93743367019447
                        ]
                    },
                    "transmissionMediumOwner": {
                        "id": "da0ebd8c-a970-4537-a157-0a3b555fc725",
                        "name": "directONE"
                    }
                },
                "end": {
                    "name": "Bacău",
                    "id": "d89fce8a-b9d8-425b-b576-3d056194e625",
                    "networkProviders": [
                        {
                            "id": "f7e0f5f0-ef80-4c1e-8668-8bae435fe1a8",
                            "name": "directONE"
                        }
                    ],
                    "status": "operational",
                    "location": {
                        "type": "Point",
                        "coordinates": [
                            26.91322626805077,
                            46.57602532465784
                        ]
                    },
                    "transmissionMediumOwner": {
                        "id": "da0ebd8c-a970-4537-a157-0a3b555fc725",
                        "name": "directONE"
                    }
                },
                "status": "operational",
                "networkProviders": [
                    {
                        "id": "f7e0f5f0-ef80-4c1e-8668-8bae435fe1a8",
                        "name": "directONE"
                    }
                ],
                "transmissionMediumOwner": {
                    "id": "da0ebd8c-a970-4537-a157-0a3b555fc725",
                    "name": "directONE"
                },
                "network": {
                    "id": "fe99cf2d-3872-401e-9937-71dabec23742",
                    "name": "directONE",
                    "links": [
                        {
                            "rel": "describedby",
                            "href": "https://standard.ofds.info/en/0__4__0/network-schema.json"
                        }
                    ]
                },
                "featureType": "span"
            }
        },
        {
            "type": "Feature",
            "geometry": {
                "type": "LineString",
                "coordinates": [
                    [
                        26.91322626805077,
                        46.57602532465784
                    ],
                    [
                        26.83770672564326,
                        46.5628967823519
                    ],
                    [
                        26.76360917746534,
                        46.57426561416903
                    ],
                    [
                        26.73254847380068,
                        46.58563196749598
                    ],
                    [
                        26.69688500592645,
                        46.5644117959179
                    ],
                    [
                        26.6946441379922,
                        46.5367580179425
                    ],
                    [
                        26.6900865726207,
                        46.49938235198093
                    ],
                    [
                        26.63313706375315,
                        46.497708175171
                    ],
                    [
                        26.58336432993799,
                        46.4992583009857
                    ],
                    [
                        26.49075692631802,
                        46.463761016538825
                    ]
                ]
            },
            "properties": {
                "id": "ae4becb9-c695-4dce-b8ed-4ba0b0985e92",
                "name": "Bacău - Moinești",
                "start": {
                    "name": "Bacău",
                    "id": "d89fce8a-b9d8-425b-b576-3d056194e625",
                    "networkProviders": [
                        {
                            "id": "f7e0f5f0-ef80-4c1e-8668-8bae435fe1a8",
                            "name": "directONE"
                        }
                    ],
                    "status": "operational",
                    "location": {
                        "type": "Point",
                        "coordinates": [
                            26.91322626805077,
                            46.57602532465784
                        ]
                    },
                    "transmissionMediumOwner": {
                        "id": "da0ebd8c-a970-4537-a157-0a3b555fc725",
                        "name": "directONE"
                    }
                },
                "end": {
                    "name": "Moinești",
                    "id": "3c6705c8-9f15-4a5f-9ecf-0b0c69b015ea",
                    "networkProviders": [
                        {
                            "id": "f7e0f5f0-ef80-4c1e-8668-8bae435fe1a8",
                            "name": "directONE"
                        }
                    ],
                    "status": "operational",
                    "location": {
                        "type": "Point",
                        "coordinates": [
                            26.49075692631802,
                            46.463761016538825
                        ]
                    },
                    "transmissionMediumOwner": {
                        "id": "da0ebd8c-a970-4537-a157-0a3b555fc725",
                        "name": "directONE"
                    }
                },
                "status": "operational",
                "networkProviders": [
                    {
                        "id": "f7e0f5f0-ef80-4c1e-8668-8bae435fe1a8",
                        "name": "directONE"
                    }
                ],
                "transmissionMediumOwner": {
                    "id": "da0ebd8c-a970-4537-a157-0a3b555fc725",
                    "name": "directONE"
                },
                "network": {
                    "id": "fe99cf2d-3872-401e-9937-71dabec23742",
                    "name": "directONE",
                    "links": [
                        {
                            "rel": "describedby",
                            "href": "https://standard.ofds.info/en/0__4__0/network-schema.json"
                        }
                    ]
                },
                "featureType": "span"
            }
        },
        {
            "type": "Feature",
            "geometry": {
                "type": "LineString",
                "coordinates": [
                    [
                        26.490855972564415,
                        46.46374803133385
                    ],
                    [
                        26.5020729587529,
                        46.46227745702907
                    ],
                    [
                        26.48046166525164,
                        46.42604725592111
                    ],
                    [
                        26.43009240046443,
                        46.39794967446605
                    ],
                    [
                        26.33169113474381,
                        46.42035722607416
                    ],
                    [
                        26.28375539812293,
                        46.43151510858403
                    ],
                    [
                        26.24769131102725,
                        46.4525384349842
                    ],
                    [
                        26.21641309203224,
                        46.47194326940976
                    ],
                    [
                        26.16359669761358,
                        46.49442790716182
                    ],
                    [
                        26.08913958419673,
                        46.5281262864154
                    ],
                    [
                        26.03353699222425,
                        46.57178379727974
                    ],
                    [
                        26.00102311868724,
                        46.52887713279301
                    ],
                    [
                        25.96971461283215,
                        46.43554551880877
                    ],
                    [
                        25.88958974131524,
                        46.42337341477197
                    ],
                    [
                        25.803952338506434,
                        46.36573235931717
                    ]
                ]
            },
            "properties": {
                "id": "f03a8665-6bea-478a-b738-06145fd80af6",
                "name": "Moinești - Miercurea Ciuc",
                "start": {
                    "name": "Moinești",
                    "id": "3c6705c8-9f15-4a5f-9ecf-0b0c69b015ea",
                    "networkProviders": [
                        {
                            "id": "f7e0f5f0-ef80-4c1e-8668-8bae435fe1a8",
                            "name": "directONE"
                        }
                    ],
                    "status": "operational",
                    "location": {
                        "type": "Point",
                        "coordinates": [
                            26.49075692631802,
                            46.463761016538825
                        ]
                    },
                    "transmissionMediumOwner": {
                        "id": "da0ebd8c-a970-4537-a157-0a3b555fc725",
                        "name": "directONE"
                    }
                },
                "end": {
                    "name": "Miercurea Ciuc",
                    "id": "b98d78f3-6f73-4d0b-8255-681f3138fc85",
                    "networkProviders": [
                        {
                            "id": "f7e0f5f0-ef80-4c1e-8668-8bae435fe1a8",
                            "name": "directONE"
                        }
                    ],
                    "status": "operational",
                    "location": {
                        "type": "Point",
                        "coordinates": [
                            25.80386939326362,
                            46.36567653030807
                        ]
                    },
                    "transmissionMediumOwner": {
                        "id": "da0ebd8c-a970-4537-a157-0a3b555fc725",
                        "name": "directONE"
                    }
                },
                "status": "operational",
                "networkProviders": [
                    {
                        "id": "f7e0f5f0-ef80-4c1e-8668-8bae435fe1a8",
                        "name": "directONE"
                    }
                ],
                "transmissionMediumOwner": {
                    "id": "da0ebd8c-a970-4537-a157-0a3b555fc725",
                    "name": "directONE"
                },
                "network": {
                    "id": "fe99cf2d-3872-401e-9937-71dabec23742",
                    "name": "directONE",
                    "links": [
                        {
                            "rel": "describedby",
                            "href": "https://standard.ofds.info/en/0__4__0/network-schema.json"
                        }
                    ]
                },
                "featureType": "span"
            }
        },
        {
            "type": "Feature",
            "geometry": {
                "type": "LineString",
                "coordinates": [
                    [
                        25.80386939326362,
                        46.36567653030807
                    ],
                    [
                        25.8731067465392,
                        46.32580840594115
                    ],
                    [
                        25.93753032289487,
                        46.28745493798811
                    ],
                    [
                        25.92854493426489,
                        46.15858820243391
                    ],
                    [
                        25.89432233084878,
                        46.09926967158627
                    ],
                    [
                        25.88609732888187,
                        46.04367035568759
                    ],
                    [
                        25.86642989522587,
                        45.97669574443834
                    ],
                    [
                        25.81278811896139,
                        45.86907182956645
                    ],
                    [
                        25.804878195271513,
                        45.861510721588324
                    ]
                ]
            },
            "properties": {
                "id": "da58d635-74e3-439e-b0d5-591f78da0e37",
                "name": "Miercurea Ciuc - Sfântu Gheorghe",
                "start": {
                    "name": "Miercurea Ciuc",
                    "id": "b98d78f3-6f73-4d0b-8255-681f3138fc85",
                    "networkProviders": [
                        {
                            "id": "f7e0f5f0-ef80-4c1e-8668-8bae435fe1a8",
                            "name": "directONE"
                        }
                    ],
                    "status": "operational",
                    "location": {
                        "type": "Point",
                        "coordinates": [
                            25.80386939326362,
                            46.36567653030807
                        ]
                    },
                    "transmissionMediumOwner": {
                        "id": "da0ebd8c-a970-4537-a157-0a3b555fc725",
                        "name": "directONE"
                    }
                },
                "end": {
                    "name": "Sfântu Gheorghe",
                    "id": "ecff9168-3805-43e2-b122-7abdc4e80e7b",
                    "networkProviders": [
                        {
                            "id": "f7e0f5f0-ef80-4c1e-8668-8bae435fe1a8",
                            "name": "directONE"
                        }
                    ],
                    "status": "operational",
                    "location": {
                        "type": "Point",
                        "coordinates": [
                            25.80480597032249,
                            45.86144168165068
                        ]
                    },
                    "transmissionMediumOwner": {
                        "id": "da0ebd8c-a970-4537-a157-0a3b555fc725",
                        "name": "directONE"
                    }
                },
                "status": "operational",
                "networkProviders": [
                    {
                        "id": "f7e0f5f0-ef80-4c1e-8668-8bae435fe1a8",
                        "name": "directONE"
                    }
                ],
                "transmissionMediumOwner": {
                    "id": "da0ebd8c-a970-4537-a157-0a3b555fc725",
                    "name": "directONE"
                },
                "network": {
                    "id": "fe99cf2d-3872-401e-9937-71dabec23742",
                    "name": "directONE",
                    "links": [
                        {
                            "rel": "describedby",
                            "href": "https://standard.ofds.info/en/0__4__0/network-schema.json"
                        }
                    ]
                },
                "featureType": "span"
            }
        },
        {
            "type": "Feature",
            "geometry": {
                "type": "LineString",
                "coordinates": [
                    [
                        25.36383924534311,
                        47.3511923175522
                    ],
                    [
                        25.10184128782394,
                        47.3659793876829
                    ],
                    [
                        24.98514255658205,
                        47.36362051722019
                    ],
                    [
                        24.84698010954552,
                        47.31691897470613
                    ],
                    [
                        24.77800286310907,
                        47.29981800096165
                    ],
                    [
                        24.82167092614498,
                        47.24147016572392
                    ],
                    [
                        24.58273369921331,
                        47.21448438071479
                    ],
                    [
                        24.48874268097468,
                        47.13893842674011
                    ]
                ]
            },
            "properties": {
                "id": "1c673cc5-357b-4e6a-bc36-e2a353f6bf98",
                "name": "Vastra Dornei - Bistrița",
                "start": {
                    "name": "Vastra Dornei",
                    "id": "b654f16e-0038-428c-877b-85108577939b",
                    "networkProviders": [
                        {
                            "id": "f7e0f5f0-ef80-4c1e-8668-8bae435fe1a8",
                            "name": "directONE"
                        }
                    ],
                    "status": "operational",
                    "location": {
                        "type": "Point",
                        "coordinates": [
                            25.36383924534311,
                            47.3511923175522
                        ]
                    },
                    "transmissionMediumOwner": {
                        "id": "da0ebd8c-a970-4537-a157-0a3b555fc725",
                        "name": "directONE"
                    }
                },
                "end": {
                    "name": "Bistrița",
                    "id": "a2e0464d-1954-46cb-8859-6432a1255e9d",
                    "networkProviders": [
                        {
                            "id": "f7e0f5f0-ef80-4c1e-8668-8bae435fe1a8",
                            "name": "directONE"
                        }
                    ],
                    "status": "operational",
                    "location": {
                        "type": "Point",
                        "coordinates": [
                            24.48874268097468,
                            47.13893842674011
                        ]
                    },
                    "transmissionMediumOwner": {
                        "id": "da0ebd8c-a970-4537-a157-0a3b555fc725",
                        "name": "directONE"
                    }
                },
                "status": "operational",
                "networkProviders": [
                    {
                        "id": "f7e0f5f0-ef80-4c1e-8668-8bae435fe1a8",
                        "name": "directONE"
                    }
                ],
                "transmissionMediumOwner": {
                    "id": "da0ebd8c-a970-4537-a157-0a3b555fc725",
                    "name": "directONE"
                },
                "network": {
                    "id": "fe99cf2d-3872-401e-9937-71dabec23742",
                    "name": "directONE",
                    "links": [
                        {
                            "rel": "describedby",
                            "href": "https://standard.ofds.info/en/0__4__0/network-schema.json"
                        }
                    ]
                },
                "featureType": "span"
            }
        },
        {
            "type": "Feature",
            "geometry": {
                "type": "LineString",
                "coordinates": [
                    [
                        24.488644039906557,
                        47.13892271004511
                    ],
                    [
                        24.43495544274334,
                        47.13036838958835
                    ],
                    [
                        24.3069529037372,
                        47.22344613381361
                    ],
                    [
                        24.2390310290071,
                        47.20931837395962
                    ],
                    [
                        24.04985781478596,
                        47.24462227645684
                    ],
                    [
                        23.898998889525576,
                        47.17854035695908
                    ]
                ]
            },
            "properties": {
                "id": "636e93af-7d08-4aff-954d-c14b78ff6ab5",
                "name": "Bistrița - Dej",
                "start": {
                    "name": "Bistrița",
                    "id": "a2e0464d-1954-46cb-8859-6432a1255e9d",
                    "networkProviders": [
                        {
                            "id": "f7e0f5f0-ef80-4c1e-8668-8bae435fe1a8",
                            "name": "directONE"
                        }
                    ],
                    "status": "operational",
                    "location": {
                        "type": "Point",
                        "coordinates": [
                            24.48874268097468,
                            47.13893842674011
                        ]
                    },
                    "transmissionMediumOwner": {
                        "id": "da0ebd8c-a970-4537-a157-0a3b555fc725",
                        "name": "directONE"
                    }
                },
                "end": {
                    "name": "Dej",
                    "id": "2e07deaf-16df-4d99-b393-375cef80fec0",
                    "networkProviders": [
                        {
                            "id": "f7e0f5f0-ef80-4c1e-8668-8bae435fe1a8",
                            "name": "directONE"
                        }
                    ],
                    "status": "operational",
                    "location": {
                        "type": "Point",
                        "coordinates": [
                            23.89890736394171,
                            47.17850026528897
                        ]
                    },
                    "transmissionMediumOwner": {
                        "id": "da0ebd8c-a970-4537-a157-0a3b555fc725",
                        "name": "directONE"
                    }
                },
                "status": "operational",
                "networkProviders": [
                    {
                        "id": "f7e0f5f0-ef80-4c1e-8668-8bae435fe1a8",
                        "name": "directONE"
                    }
                ],
                "transmissionMediumOwner": {
                    "id": "da0ebd8c-a970-4537-a157-0a3b555fc725",
                    "name": "directONE"
                },
                "network": {
                    "id": "fe99cf2d-3872-401e-9937-71dabec23742",
                    "name": "directONE",
                    "links": [
                        {
                            "rel": "describedby",
                            "href": "https://standard.ofds.info/en/0__4__0/network-schema.json"
                        }
                    ]
                },
                "featureType": "span"
            }
        },
        {
            "type": "Feature",
            "geometry": {
                "type": "LineString",
                "coordinates": [
                    [
                        23.89890736394171,
                        47.17850026528897
                    ],
                    [
                        23.94228057935029,
                        47.36573238548342
                    ],
                    [
                        23.99402080285633,
                        47.42011082508205
                    ],
                    [
                        23.9053967653072,
                        47.44552084889711
                    ],
                    [
                        23.88533475997584,
                        47.54781561856475
                    ],
                    [
                        23.75618213470984,
                        47.62502751304375
                    ],
                    [
                        23.58382070795144,
                        47.66178102155552
                    ]
                ]
            },
            "properties": {
                "id": "ca975a2a-17fe-4c47-a046-4417cb12af84",
                "name": "Dej - Baia Mare",
                "start": {
                    "name": "Dej",
                    "id": "2e07deaf-16df-4d99-b393-375cef80fec0",
                    "networkProviders": [
                        {
                            "id": "f7e0f5f0-ef80-4c1e-8668-8bae435fe1a8",
                            "name": "directONE"
                        }
                    ],
                    "status": "operational",
                    "location": {
                        "type": "Point",
                        "coordinates": [
                            23.89890736394171,
                            47.17850026528897
                        ]
                    },
                    "transmissionMediumOwner": {
                        "id": "da0ebd8c-a970-4537-a157-0a3b555fc725",
                        "name": "directONE"
                    }
                },
                "end": {
                    "name": "Baia Mare",
                    "id": "0b6aad39-1fc0-4269-8f71-e767fef19b1b",
                    "networkProviders": [
                        {
                            "id": "f7e0f5f0-ef80-4c1e-8668-8bae435fe1a8",
                            "name": "directONE"
                        }
                    ],
                    "status": "operational",
                    "location": {
                        "type": "Point",
                        "coordinates": [
                            23.58382070795144,
                            47.66178102155552
                        ]
                    },
                    "transmissionMediumOwner": {
                        "id": "da0ebd8c-a970-4537-a157-0a3b555fc725",
                        "name": "directONE"
                    }
                },
                "status": "operational",
                "networkProviders": [
                    {
                        "id": "f7e0f5f0-ef80-4c1e-8668-8bae435fe1a8",
                        "name": "directONE"
                    }
                ],
                "transmissionMediumOwner": {
                    "id": "da0ebd8c-a970-4537-a157-0a3b555fc725",
                    "name": "directONE"
                },
                "network": {
                    "id": "fe99cf2d-3872-401e-9937-71dabec23742",
                    "name": "directONE",
                    "links": [
                        {
                            "rel": "describedby",
                            "href": "https://standard.ofds.info/en/0__4__0/network-schema.json"
                        }
                    ]
                },
                "featureType": "span"
            }
        },
        {
            "type": "Feature",
            "geometry": {
                "type": "LineString",
                "coordinates": [
                    [
                        23.583727071371303,
                        47.661815800220396
                    ],
                    [
                        23.31798077437887,
                        47.76051976177056
                    ],
                    [
                        23.1702274892351,
                        47.81795479880318
                    ],
                    [
                        22.903232780409617,
                        47.81415782551621
                    ]
                ]
            },
            "properties": {
                "id": "8db889f9-e005-4e4f-ba2f-44069caa93c2",
                "name": "Baia Mare - Satu Mare",
                "start": {
                    "name": "Baia Mare",
                    "id": "0b6aad39-1fc0-4269-8f71-e767fef19b1b",
                    "networkProviders": [
                        {
                            "id": "f7e0f5f0-ef80-4c1e-8668-8bae435fe1a8",
                            "name": "directONE"
                        }
                    ],
                    "status": "operational",
                    "location": {
                        "type": "Point",
                        "coordinates": [
                            23.58382070795144,
                            47.66178102155552
                        ]
                    },
                    "transmissionMediumOwner": {
                        "id": "da0ebd8c-a970-4537-a157-0a3b555fc725",
                        "name": "directONE"
                    }
                },
                "end": {
                    "name": "Satu Mare",
                    "id": "6c90328a-650d-4c99-a48b-a97d1a231868",
                    "networkProviders": [
                        {
                            "id": "f7e0f5f0-ef80-4c1e-8668-8bae435fe1a8",
                            "name": "directONE"
                        }
                    ],
                    "status": "operational",
                    "location": {
                        "type": "Point",
                        "coordinates": [
                            22.9031328502249,
                            47.81415640439351
                        ]
                    },
                    "transmissionMediumOwner": {
                        "id": "da0ebd8c-a970-4537-a157-0a3b555fc725",
                        "name": "directONE"
                    }
                },
                "status": "operational",
                "networkProviders": [
                    {
                        "id": "f7e0f5f0-ef80-4c1e-8668-8bae435fe1a8",
                        "name": "directONE"
                    }
                ],
                "transmissionMediumOwner": {
                    "id": "da0ebd8c-a970-4537-a157-0a3b555fc725",
                    "name": "directONE"
                },
                "network": {
                    "id": "fe99cf2d-3872-401e-9937-71dabec23742",
                    "name": "directONE",
                    "links": [
                        {
                            "rel": "describedby",
                            "href": "https://standard.ofds.info/en/0__4__0/network-schema.json"
                        }
                    ]
                },
                "featureType": "span"
            }
        },
        {
            "type": "Feature",
            "geometry": {
                "type": "LineString",
                "coordinates": [
                    [
                        22.81554182748648,
                        47.80688419972773
                    ],
                    [
                        22.6887782509645,
                        47.76651983324331
                    ],
                    [
                        22.75285161355389,
                        47.66805367669078
                    ],
                    [
                        22.84234186551318,
                        47.5929641516267
                    ],
                    [
                        22.88230154943203,
                        47.44064811372112
                    ],
                    [
                        22.95117588824315,
                        47.32448024724984
                    ],
                    [
                        22.7671137708142,
                        47.27978561305122
                    ],
                    [
                        22.52076067117182,
                        47.32889527673219
                    ],
                    [
                        22.33191410967834,
                        47.34371962578159
                    ]
                ]
            },
            "properties": {
                "id": "87718e35-0b26-474c-b72a-ed8cdc4b1814",
                "name": "default-node - Marghita",
                "start": {
                    "name": "default-node",
                    "id": "6df7ad1e-5d37-4c88-9750-59e599d8ff24",
                    "networkProviders": [
                        {
                            "id": "f7e0f5f0-ef80-4c1e-8668-8bae435fe1a8",
                            "name": "directONE"
                        }
                    ],
                    "status": "operational",
                    "location": {
                        "type": "Point",
                        "coordinates": [
                            22.81554182748648,
                            47.80688419972773
                        ]
                    },
                    "transmissionMediumOwner": {
                        "id": "da0ebd8c-a970-4537-a157-0a3b555fc725",
                        "name": "directONE"
                    }
                },
                "end": {
                    "name": "Marghita",
                    "id": "40b16d8e-a4be-45af-9aed-3f048557f5a2",
                    "networkProviders": [
                        {
                            "id": "f7e0f5f0-ef80-4c1e-8668-8bae435fe1a8",
                            "name": "directONE"
                        }
                    ],
                    "status": "operational",
                    "location": {
                        "type": "Point",
                        "coordinates": [
                            22.33191410967834,
                            47.34371962578159
                        ]
                    },
                    "transmissionMediumOwner": {
                        "id": "da0ebd8c-a970-4537-a157-0a3b555fc725",
                        "name": "directONE"
                    }
                },
                "status": "operational",
                "networkProviders": [
                    {
                        "id": "f7e0f5f0-ef80-4c1e-8668-8bae435fe1a8",
                        "name": "directONE"
                    }
                ],
                "transmissionMediumOwner": {
                    "id": "da0ebd8c-a970-4537-a157-0a3b555fc725",
                    "name": "directONE"
                },
                "network": {
                    "id": "fe99cf2d-3872-401e-9937-71dabec23742",
                    "name": "directONE",
                    "links": [
                        {
                            "rel": "describedby",
                            "href": "https://standard.ofds.info/en/0__4__0/network-schema.json"
                        }
                    ]
                },
                "featureType": "span"
            }
        },
        {
            "type": "Feature",
            "geometry": {
                "type": "LineString",
                "coordinates": [
                    [
                        22.331875205739593,
                        47.34381171312055
                    ],
                    [
                        22.30259936689716,
                        47.4131089149392
                    ],
                    [
                        22.27373888944504,
                        47.42745432782114
                    ],
                    [
                        22.12299193001489,
                        47.33959614133155
                    ],
                    [
                        21.99823859774145,
                        47.18789537523023
                    ],
                    [
                        21.933622524883997,
                        47.04865887134849
                    ]
                ]
            },
            "properties": {
                "id": "499a4310-8478-4edc-8a29-a7f354886cfd",
                "name": "Marghita - Oradea",
                "start": {
                    "name": "Marghita",
                    "id": "40b16d8e-a4be-45af-9aed-3f048557f5a2",
                    "networkProviders": [
                        {
                            "id": "f7e0f5f0-ef80-4c1e-8668-8bae435fe1a8",
                            "name": "directONE"
                        }
                    ],
                    "status": "operational",
                    "location": {
                        "type": "Point",
                        "coordinates": [
                            22.33191410967834,
                            47.34371962578159
                        ]
                    },
                    "transmissionMediumOwner": {
                        "id": "da0ebd8c-a970-4537-a157-0a3b555fc725",
                        "name": "directONE"
                    }
                },
                "end": {
                    "name": "Oradea",
                    "id": "8d6662a2-245b-4dde-b9c1-5e9045f39e73",
                    "networkProviders": [
                        {
                            "id": "f7e0f5f0-ef80-4c1e-8668-8bae435fe1a8",
                            "name": "directONE"
                        }
                    ],
                    "status": "operational",
                    "location": {
                        "type": "Point",
                        "coordinates": [
                            21.933580479124103,
                            47.048568269980265
                        ]
                    },
                    "transmissionMediumOwner": {
                        "id": "da0ebd8c-a970-4537-a157-0a3b555fc725",
                        "name": "directONE"
                    }
                },
                "status": "operational",
                "networkProviders": [
                    {
                        "id": "f7e0f5f0-ef80-4c1e-8668-8bae435fe1a8",
                        "name": "directONE"
                    }
                ],
                "transmissionMediumOwner": {
                    "id": "da0ebd8c-a970-4537-a157-0a3b555fc725",
                    "name": "directONE"
                },
                "network": {
                    "id": "fe99cf2d-3872-401e-9937-71dabec23742",
                    "name": "directONE",
                    "links": [
                        {
                            "rel": "describedby",
                            "href": "https://standard.ofds.info/en/0__4__0/network-schema.json"
                        }
                    ]
                },
                "featureType": "span"
            }
        },
        {
            "type": "Feature",
            "geometry": {
                "type": "LineString",
                "coordinates": [
                    [
                        23.89890736394171,
                        47.17850026528897
                    ],
                    [
                        23.69175550922207,
                        47.20970257363241
                    ],
                    [
                        23.65746284858952,
                        47.08796016486309
                    ],
                    [
                        23.65304289989614,
                        46.93324933339382
                    ],
                    [
                        23.625247938153095,
                        46.7911875136418
                    ]
                ]
            },
            "properties": {
                "id": "69e6bf34-9699-405c-a8d9-bcbf0a341826",
                "name": "Dej - Cluj-Napoca",
                "start": {
                    "name": "Dej",
                    "id": "2e07deaf-16df-4d99-b393-375cef80fec0",
                    "networkProviders": [
                        {
                            "id": "f7e0f5f0-ef80-4c1e-8668-8bae435fe1a8",
                            "name": "directONE"
                        }
                    ],
                    "status": "operational",
                    "location": {
                        "type": "Point",
                        "coordinates": [
                            23.89890736394171,
                            47.17850026528897
                        ]
                    },
                    "transmissionMediumOwner": {
                        "id": "da0ebd8c-a970-4537-a157-0a3b555fc725",
                        "name": "directONE"
                    }
                },
                "end": {
                    "name": "Cluj-Napoca",
                    "id": "b8e7724c-6dd0-482d-a820-ee2bad746033",
                    "networkProviders": [
                        {
                            "id": "f7e0f5f0-ef80-4c1e-8668-8bae435fe1a8",
                            "name": "directONE"
                        }
                    ],
                    "status": "operational",
                    "location": {
                        "type": "Point",
                        "coordinates": [
                            23.62522873968449,
                            46.791089389046
                        ]
                    },
                    "transmissionMediumOwner": {
                        "id": "da0ebd8c-a970-4537-a157-0a3b555fc725",
                        "name": "directONE"
                    }
                },
                "status": "operational",
                "networkProviders": [
                    {
                        "id": "f7e0f5f0-ef80-4c1e-8668-8bae435fe1a8",
                        "name": "directONE"
                    }
                ],
                "transmissionMediumOwner": {
                    "id": "da0ebd8c-a970-4537-a157-0a3b555fc725",
                    "name": "directONE"
                },
                "network": {
                    "id": "fe99cf2d-3872-401e-9937-71dabec23742",
                    "name": "directONE",
                    "links": [
                        {
                            "rel": "describedby",
                            "href": "https://standard.ofds.info/en/0__4__0/network-schema.json"
                        }
                    ]
                },
                "featureType": "span"
            }
        },
        {
            "type": "Feature",
            "geometry": {
                "type": "LineString",
                "coordinates": [
                    [
                        21.214016181842542,
                        45.800478153882466
                    ],
                    [
                        21.0999250639987,
                        45.9113134714139
                    ],
                    [
                        20.93611974190925,
                        45.95177950836055
                    ],
                    [
                        20.78048071527819,
                        46.00459483911112
                    ],
                    [
                        20.63224532382661,
                        46.07285941333418
                    ]
                ]
            },
            "properties": {
                "id": "8fe715c4-d1aa-42bd-b6b9-86bfa769fcad",
                "name": "Timișoara - Sânnicolau Mare",
                "start": {
                    "name": "Timișoara",
                    "id": "c4d46179-57cb-4a47-b9a5-e8fb1820e890",
                    "networkProviders": [
                        {
                            "id": "f7e0f5f0-ef80-4c1e-8668-8bae435fe1a8",
                            "name": "directONE"
                        }
                    ],
                    "status": "operational",
                    "location": {
                        "type": "Point",
                        "coordinates": [
                            21.21408786508004,
                            45.80040851625826
                        ]
                    },
                    "transmissionMediumOwner": {
                        "id": "da0ebd8c-a970-4537-a157-0a3b555fc725",
                        "name": "directONE"
                    }
                },
                "end": {
                    "name": "Sânnicolau Mare",
                    "id": "7c6aa35f-6aa3-43a5-833c-3aa543234a5a",
                    "networkProviders": [
                        {
                            "id": "f7e0f5f0-ef80-4c1e-8668-8bae435fe1a8",
                            "name": "directONE"
                        }
                    ],
                    "status": "operational",
                    "location": {
                        "type": "Point",
                        "coordinates": [
                            20.6321545972079,
                            46.07290119427418
                        ]
                    },
                    "transmissionMediumOwner": {
                        "id": "da0ebd8c-a970-4537-a157-0a3b555fc725",
                        "name": "directONE"
                    }
                },
                "status": "operational",
                "networkProviders": [
                    {
                        "id": "f7e0f5f0-ef80-4c1e-8668-8bae435fe1a8",
                        "name": "directONE"
                    }
                ],
                "transmissionMediumOwner": {
                    "id": "da0ebd8c-a970-4537-a157-0a3b555fc725",
                    "name": "directONE"
                },
                "network": {
                    "id": "fe99cf2d-3872-401e-9937-71dabec23742",
                    "name": "directONE",
                    "links": [
                        {
                            "rel": "describedby",
                            "href": "https://standard.ofds.info/en/0__4__0/network-schema.json"
                        }
                    ]
                },
                "featureType": "span"
            }
        },
        {
            "type": "Feature",
            "geometry": {
                "type": "LineString",
                "coordinates": [
                    [
                        20.6321545972079,
                        46.07290119427418
                    ],
                    [
                        20.747134382554655,
                        46.17685057680293
                    ]
                ]
            },
            "properties": {
                "id": "ba5e5552-131a-4c6c-8d76-3c914ab63a2a",
                "name": "Sânnicolau Mare - Nădlac",
                "start": {
                    "name": "Sânnicolau Mare",
                    "id": "7c6aa35f-6aa3-43a5-833c-3aa543234a5a",
                    "networkProviders": [
                        {
                            "id": "f7e0f5f0-ef80-4c1e-8668-8bae435fe1a8",
                            "name": "directONE"
                        }
                    ],
                    "status": "operational",
                    "location": {
                        "type": "Point",
                        "coordinates": [
                            20.6321545972079,
                            46.07290119427418
                        ]
                    },
                    "transmissionMediumOwner": {
                        "id": "da0ebd8c-a970-4537-a157-0a3b555fc725",
                        "name": "directONE"
                    }
                },
                "end": {
                    "name": "Nădlac",
                    "id": "e3325e86-d408-41ee-86d1-6ab7aa066504",
                    "networkProviders": [
                        {
                            "id": "f7e0f5f0-ef80-4c1e-8668-8bae435fe1a8",
                            "name": "directONE"
                        }
                    ],
                    "status": "operational",
                    "location": {
                        "type": "Point",
                        "coordinates": [
                            20.747212583757282,
                            46.17691280240974
                        ]
                    },
                    "transmissionMediumOwner": {
                        "id": "da0ebd8c-a970-4537-a157-0a3b555fc725",
                        "name": "directONE"
                    }
                },
                "status": "operational",
                "networkProviders": [
                    {
                        "id": "f7e0f5f0-ef80-4c1e-8668-8bae435fe1a8",
                        "name": "directONE"
                    }
                ],
                "transmissionMediumOwner": {
                    "id": "da0ebd8c-a970-4537-a157-0a3b555fc725",
                    "name": "directONE"
                },
                "network": {
                    "id": "fe99cf2d-3872-401e-9937-71dabec23742",
                    "name": "directONE",
                    "links": [
                        {
                            "rel": "describedby",
                            "href": "https://standard.ofds.info/en/0__4__0/network-schema.json"
                        }
                    ]
                },
                "featureType": "span"
            }
        },
        {
            "type": "Feature",
            "geometry": {
                "type": "LineString",
                "coordinates": [
                    [
                        20.6321545972079,
                        46.07290119427418
                    ],
                    [
                        20.83609582279671,
                        46.09742549535661
                    ],
                    [
                        21.01974490936066,
                        46.12927521767087
                    ],
                    [
                        21.20136222979926,
                        46.1452606899702
                    ],
                    [
                        21.32318669566955,
                        46.179632512062305
                    ]
                ]
            },
            "properties": {
                "id": "caca71d2-0829-4382-b8a2-7b448f15990b",
                "name": "Sânnicolau Mare - Arad",
                "start": {
                    "name": "Sânnicolau Mare",
                    "id": "7c6aa35f-6aa3-43a5-833c-3aa543234a5a",
                    "networkProviders": [
                        {
                            "id": "f7e0f5f0-ef80-4c1e-8668-8bae435fe1a8",
                            "name": "directONE"
                        }
                    ],
                    "status": "operational",
                    "location": {
                        "type": "Point",
                        "coordinates": [
                            20.6321545972079,
                            46.07290119427418
                        ]
                    },
                    "transmissionMediumOwner": {
                        "id": "da0ebd8c-a970-4537-a157-0a3b555fc725",
                        "name": "directONE"
                    }
                },
                "end": {
                    "name": "Arad",
                    "id": "97410af8-1e14-46a5-b0cd-e228d0eade3c",
                    "networkProviders": [
                        {
                            "id": "f7e0f5f0-ef80-4c1e-8668-8bae435fe1a8",
                            "name": "directONE"
                        }
                    ],
                    "status": "operational",
                    "location": {
                        "type": "Point",
                        "coordinates": [
                            21.32328286442689,
                            46.1796596453265
                        ]
                    },
                    "transmissionMediumOwner": {
                        "id": "da0ebd8c-a970-4537-a157-0a3b555fc725",
                        "name": "directONE"
                    }
                },
                "status": "operational",
                "networkProviders": [
                    {
                        "id": "f7e0f5f0-ef80-4c1e-8668-8bae435fe1a8",
                        "name": "directONE"
                    }
                ],
                "transmissionMediumOwner": {
                    "id": "da0ebd8c-a970-4537-a157-0a3b555fc725",
                    "name": "directONE"
                },
                "network": {
                    "id": "fe99cf2d-3872-401e-9937-71dabec23742",
                    "name": "directONE",
                    "links": [
                        {
                            "rel": "describedby",
                            "href": "https://standard.ofds.info/en/0__4__0/network-schema.json"
                        }
                    ]
                },
                "featureType": "span"
            }
        },
        {
            "type": "Feature",
            "geometry": {
                "type": "LineString",
                "coordinates": [
                    [
                        21.32328286442689,
                        46.1796596453265
                    ],
                    [
                        21.685201215581245,
                        46.113934491002496
                    ]
                ]
            },
            "properties": {
                "id": "82ec18a7-843d-4ce0-932c-f6d017277846",
                "name": "Arad - Lipova",
                "start": {
                    "name": "Arad",
                    "id": "97410af8-1e14-46a5-b0cd-e228d0eade3c",
                    "networkProviders": [
                        {
                            "id": "f7e0f5f0-ef80-4c1e-8668-8bae435fe1a8",
                            "name": "directONE"
                        }
                    ],
                    "status": "operational",
                    "location": {
                        "type": "Point",
                        "coordinates": [
                            21.32328286442689,
                            46.1796596453265
                        ]
                    },
                    "transmissionMediumOwner": {
                        "id": "da0ebd8c-a970-4537-a157-0a3b555fc725",
                        "name": "directONE"
                    }
                },
                "end": {
                    "name": "Lipova",
                    "id": "54b4bba6-5be6-4897-9ada-84f3160877db",
                    "networkProviders": [
                        {
                            "id": "f7e0f5f0-ef80-4c1e-8668-8bae435fe1a8",
                            "name": "directONE"
                        }
                    ],
                    "status": "operational",
                    "location": {
                        "type": "Point",
                        "coordinates": [
                            21.6852988412262,
                            46.11391317395967
                        ]
                    },
                    "transmissionMediumOwner": {
                        "id": "da0ebd8c-a970-4537-a157-0a3b555fc725",
                        "name": "directONE"
                    }
                },
                "status": "operational",
                "networkProviders": [
                    {
                        "id": "f7e0f5f0-ef80-4c1e-8668-8bae435fe1a8",
                        "name": "directONE"
                    }
                ],
                "transmissionMediumOwner": {
                    "id": "da0ebd8c-a970-4537-a157-0a3b555fc725",
                    "name": "directONE"
                },
                "network": {
                    "id": "fe99cf2d-3872-401e-9937-71dabec23742",
                    "name": "directONE",
                    "links": [
                        {
                            "rel": "describedby",
                            "href": "https://standard.ofds.info/en/0__4__0/network-schema.json"
                        }
                    ]
                },
                "featureType": "span"
            }
        },
        {
            "type": "Feature",
            "geometry": {
                "type": "LineString",
                "coordinates": [
                    [
                        21.6852988412262,
                        46.11391317395967
                    ],
                    [
                        21.83798966566209,
                        46.14260448556405
                    ],
                    [
                        21.93524497571939,
                        46.15348572864085
                    ],
                    [
                        22.07067176222722,
                        46.14117786016489
                    ],
                    [
                        22.12731607488376,
                        46.10956096203378
                    ],
                    [
                        22.21785747584933,
                        46.04836073991559
                    ],
                    [
                        22.42056054913299,
                        46.03544707650655
                    ],
                    [
                        22.56870095172207,
                        45.97945465776862
                    ],
                    [
                        22.72700562352409,
                        45.96716145334573
                    ],
                    [
                        22.87634661378718,
                        45.9129272971303
                    ]
                ]
            },
            "properties": {
                "id": "cb05e349-1097-4155-9bf5-64c34756a511",
                "name": "Lipova - Deva",
                "start": {
                    "name": "Lipova",
                    "id": "54b4bba6-5be6-4897-9ada-84f3160877db",
                    "networkProviders": [
                        {
                            "id": "f7e0f5f0-ef80-4c1e-8668-8bae435fe1a8",
                            "name": "directONE"
                        }
                    ],
                    "status": "operational",
                    "location": {
                        "type": "Point",
                        "coordinates": [
                            21.6852988412262,
                            46.11391317395967
                        ]
                    },
                    "transmissionMediumOwner": {
                        "id": "da0ebd8c-a970-4537-a157-0a3b555fc725",
                        "name": "directONE"
                    }
                },
                "end": {
                    "name": "Deva",
                    "id": "81d92ac8-b6c6-4f8e-9523-647e3a6b4c01",
                    "networkProviders": [
                        {
                            "id": "f7e0f5f0-ef80-4c1e-8668-8bae435fe1a8",
                            "name": "directONE"
                        }
                    ],
                    "status": "operational",
                    "location": {
                        "type": "Point",
                        "coordinates": [
                            22.87634661378718,
                            45.9129272971303
                        ]
                    },
                    "transmissionMediumOwner": {
                        "id": "da0ebd8c-a970-4537-a157-0a3b555fc725",
                        "name": "directONE"
                    }
                },
                "status": "operational",
                "networkProviders": [
                    {
                        "id": "f7e0f5f0-ef80-4c1e-8668-8bae435fe1a8",
                        "name": "directONE"
                    }
                ],
                "transmissionMediumOwner": {
                    "id": "da0ebd8c-a970-4537-a157-0a3b555fc725",
                    "name": "directONE"
                },
                "network": {
                    "id": "fe99cf2d-3872-401e-9937-71dabec23742",
                    "name": "directONE",
                    "links": [
                        {
                            "rel": "describedby",
                            "href": "https://standard.ofds.info/en/0__4__0/network-schema.json"
                        }
                    ]
                },
                "featureType": "span"
            }
        },
        {
            "type": "Feature",
            "geometry": {
                "type": "LineString",
                "coordinates": [
                    [
                        22.876342200284615,
                        45.91302708030883
                    ],
                    [
                        22.87170859522263,
                        46.01778647133639
                    ],
                    [
                        22.85225170636286,
                        46.08824191068827
                    ],
                    [
                        22.79526872287313,
                        46.17907500499469
                    ],
                    [
                        22.79163127134756,
                        46.21933809355552
                    ],
                    [
                        22.88410783500754,
                        46.23234129354004
                    ],
                    [
                        22.93951023556795,
                        46.2625401104541
                    ],
                    [
                        23.01944107431032,
                        46.32179420588763
                    ],
                    [
                        23.08439930116952,
                        46.36558038199193
                    ]
                ]
            },
            "properties": {
                "id": "be45656f-8f43-40dc-9541-003fc4d25f3f",
                "name": "Deva - Câmpeni",
                "start": {
                    "name": "Deva",
                    "id": "81d92ac8-b6c6-4f8e-9523-647e3a6b4c01",
                    "networkProviders": [
                        {
                            "id": "f7e0f5f0-ef80-4c1e-8668-8bae435fe1a8",
                            "name": "directONE"
                        }
                    ],
                    "status": "operational",
                    "location": {
                        "type": "Point",
                        "coordinates": [
                            22.87634661378718,
                            45.9129272971303
                        ]
                    },
                    "transmissionMediumOwner": {
                        "id": "da0ebd8c-a970-4537-a157-0a3b555fc725",
                        "name": "directONE"
                    }
                },
                "end": {
                    "name": "Câmpeni",
                    "id": "423e6e7d-0774-480b-94d0-3c7f474d95a1",
                    "networkProviders": [
                        {
                            "id": "f7e0f5f0-ef80-4c1e-8668-8bae435fe1a8",
                            "name": "directONE"
                        }
                    ],
                    "status": "operational",
                    "location": {
                        "type": "Point",
                        "coordinates": [
                            23.08439930116952,
                            46.36558038199193
                        ]
                    },
                    "transmissionMediumOwner": {
                        "id": "da0ebd8c-a970-4537-a157-0a3b555fc725",
                        "name": "directONE"
                    }
                },
                "status": "operational",
                "networkProviders": [
                    {
                        "id": "f7e0f5f0-ef80-4c1e-8668-8bae435fe1a8",
                        "name": "directONE"
                    }
                ],
                "transmissionMediumOwner": {
                    "id": "da0ebd8c-a970-4537-a157-0a3b555fc725",
                    "name": "directONE"
                },
                "network": {
                    "id": "fe99cf2d-3872-401e-9937-71dabec23742",
                    "name": "directONE",
                    "links": [
                        {
                            "rel": "describedby",
                            "href": "https://standard.ofds.info/en/0__4__0/network-schema.json"
                        }
                    ]
                },
                "featureType": "span"
            }
        },
        {
            "type": "Feature",
            "geometry": {
                "type": "LineString",
                "coordinates": [
                    [
                        23.084453543816945,
                        46.36549644722412
                    ],
                    [
                        23.13406371646792,
                        46.28872994485167
                    ],
                    [
                        23.23593332924025,
                        46.18657348118727
                    ],
                    [
                        23.31556735077129,
                        46.13657520985706
                    ],
                    [
                        23.55187899312058,
                        46.0763687016609
                    ],
                    [
                        23.580389922434563,
                        46.07551618730421
                    ]
                ]
            },
            "properties": {
                "id": "f6e1b631-331d-4528-94e7-bd38b9217fa0",
                "name": "Câmpeni - Alba Ilulia",
                "start": {
                    "name": "Câmpeni",
                    "id": "423e6e7d-0774-480b-94d0-3c7f474d95a1",
                    "networkProviders": [
                        {
                            "id": "f7e0f5f0-ef80-4c1e-8668-8bae435fe1a8",
                            "name": "directONE"
                        }
                    ],
                    "status": "operational",
                    "location": {
                        "type": "Point",
                        "coordinates": [
                            23.08439930116952,
                            46.36558038199193
                        ]
                    },
                    "transmissionMediumOwner": {
                        "id": "da0ebd8c-a970-4537-a157-0a3b555fc725",
                        "name": "directONE"
                    }
                },
                "end": {
                    "name": "Alba Ilulia",
                    "id": "b70ff801-7763-453a-827f-843d31939a4c",
                    "networkProviders": [
                        {
                            "id": "f7e0f5f0-ef80-4c1e-8668-8bae435fe1a8",
                            "name": "directONE"
                        }
                    ],
                    "status": "operational",
                    "location": {
                        "type": "Point",
                        "coordinates": [
                            23.580489775754273,
                            46.075513201558365
                        ]
                    },
                    "transmissionMediumOwner": {
                        "id": "da0ebd8c-a970-4537-a157-0a3b555fc725",
                        "name": "directONE"
                    }
                },
                "status": "operational",
                "networkProviders": [
                    {
                        "id": "f7e0f5f0-ef80-4c1e-8668-8bae435fe1a8",
                        "name": "directONE"
                    }
                ],
                "transmissionMediumOwner": {
                    "id": "da0ebd8c-a970-4537-a157-0a3b555fc725",
                    "name": "directONE"
                },
                "network": {
                    "id": "fe99cf2d-3872-401e-9937-71dabec23742",
                    "name": "directONE",
                    "links": [
                        {
                            "rel": "describedby",
                            "href": "https://standard.ofds.info/en/0__4__0/network-schema.json"
                        }
                    ]
                },
                "featureType": "span"
            }
        },
        {
            "type": "Feature",
            "geometry": {
                "type": "LineString",
                "coordinates": [
                    [
                        23.580489775754273,
                        46.075513201558365
                    ],
                    [
                        23.5754220173194,
                        45.99023643914062
                    ],
                    [
                        23.80286844813548,
                        45.91678498576774
                    ],
                    [
                        23.88839658119083,
                        45.90383200321681
                    ],
                    [
                        23.91873585759004,
                        45.92022930387962
                    ],
                    [
                        23.93590958852932,
                        45.85251652557696
                    ],
                    [
                        24.13428938001007,
                        45.799355639929296
                    ]
                ]
            },
            "properties": {
                "id": "06ed2fcf-5031-48e9-a0b9-a48b90a3707a",
                "name": "Alba Ilulia - Sibiu",
                "start": {
                    "name": "Alba Ilulia",
                    "id": "b70ff801-7763-453a-827f-843d31939a4c",
                    "networkProviders": [
                        {
                            "id": "f7e0f5f0-ef80-4c1e-8668-8bae435fe1a8",
                            "name": "directONE"
                        }
                    ],
                    "status": "operational",
                    "location": {
                        "type": "Point",
                        "coordinates": [
                            23.580489775754273,
                            46.075513201558365
                        ]
                    },
                    "transmissionMediumOwner": {
                        "id": "da0ebd8c-a970-4537-a157-0a3b555fc725",
                        "name": "directONE"
                    }
                },
                "end": {
                    "name": "Sibiu",
                    "id": "ae54b77e-bc23-4d9a-8958-52eec7e8fc8d",
                    "networkProviders": [
                        {
                            "id": "f7e0f5f0-ef80-4c1e-8668-8bae435fe1a8",
                            "name": "directONE"
                        }
                    ],
                    "status": "operational",
                    "location": {
                        "type": "Point",
                        "coordinates": [
                            24.13438586856746,
                            45.79932978337845
                        ]
                    },
                    "transmissionMediumOwner": {
                        "id": "da0ebd8c-a970-4537-a157-0a3b555fc725",
                        "name": "directONE"
                    }
                },
                "status": "operational",
                "networkProviders": [
                    {
                        "id": "f7e0f5f0-ef80-4c1e-8668-8bae435fe1a8",
                        "name": "directONE"
                    }
                ],
                "transmissionMediumOwner": {
                    "id": "da0ebd8c-a970-4537-a157-0a3b555fc725",
                    "name": "directONE"
                },
                "network": {
                    "id": "fe99cf2d-3872-401e-9937-71dabec23742",
                    "name": "directONE",
                    "links": [
                        {
                            "rel": "describedby",
                            "href": "https://standard.ofds.info/en/0__4__0/network-schema.json"
                        }
                    ]
                },
                "featureType": "span"
            }
        },
        {
            "type": "Feature",
            "geometry": {
                "type": "LineString",
                "coordinates": [
                    [
                        24.13438586856746,
                        45.79932978337845
                    ],
                    [
                        24.2385291688746,
                        45.69648036832028
                    ]
                ]
            },
            "properties": {
                "id": "29e16fb0-ed76-4cbb-b8fb-a3009f5a543f",
                "name": "Sibiu - Sibiu South Branch",
                "start": {
                    "name": "Sibiu",
                    "id": "ae54b77e-bc23-4d9a-8958-52eec7e8fc8d",
                    "networkProviders": [
                        {
                            "id": "f7e0f5f0-ef80-4c1e-8668-8bae435fe1a8",
                            "name": "directONE"
                        }
                    ],
                    "status": "operational",
                    "location": {
                        "type": "Point",
                        "coordinates": [
                            24.13438586856746,
                            45.79932978337845
                        ]
                    },
                    "transmissionMediumOwner": {
                        "id": "da0ebd8c-a970-4537-a157-0a3b555fc725",
                        "name": "directONE"
                    }
                },
                "end": {
                    "name": "Sibiu South Branch",
                    "id": "5e518e76-e3ac-4b40-a955-9f353a951de1",
                    "networkProviders": [
                        {
                            "id": "f7e0f5f0-ef80-4c1e-8668-8bae435fe1a8",
                            "name": "directONE"
                        }
                    ],
                    "status": "operational",
                    "location": {
                        "type": "Point",
                        "coordinates": [
                            24.23858080838676,
                            45.69639487329324
                        ]
                    },
                    "transmissionMediumOwner": {
                        "id": "da0ebd8c-a970-4537-a157-0a3b555fc725",
                        "name": "directONE"
                    }
                },
                "status": "operational",
                "networkProviders": [
                    {
                        "id": "f7e0f5f0-ef80-4c1e-8668-8bae435fe1a8",
                        "name": "directONE"
                    }
                ],
                "transmissionMediumOwner": {
                    "id": "da0ebd8c-a970-4537-a157-0a3b555fc725",
                    "name": "directONE"
                },
                "network": {
                    "id": "fe99cf2d-3872-401e-9937-71dabec23742",
                    "name": "directONE",
                    "links": [
                        {
                            "rel": "describedby",
                            "href": "https://standard.ofds.info/en/0__4__0/network-schema.json"
                        }
                    ]
                },
                "featureType": "span"
            }
        },
        {
            "type": "Feature",
            "geometry": {
                "type": "LineString",
                "coordinates": [
                    [
                        24.23858080838676,
                        45.69639487329324
                    ],
                    [
                        24.34258320343704,
                        45.67099656212223
                    ],
                    [
                        24.44696604185877,
                        45.74473561660561
                    ],
                    [
                        24.55327696720185,
                        45.78754333517526
                    ],
                    [
                        24.62625276983172,
                        45.76736400372918
                    ],
                    [
                        24.72091868599082,
                        45.77558601315974
                    ],
                    [
                        24.73671535278984,
                        45.84450526363066
                    ],
                    [
                        24.7411475074782,
                        45.84771980311771
                    ],
                    [
                        24.79987525555854,
                        45.85832262035792
                    ],
                    [
                        24.85427376515132,
                        45.86569529000706
                    ],
                    [
                        24.9683626937118,
                        45.86172046846464
                    ]
                ]
            },
            "properties": {
                "id": "63a7af51-e095-4729-aaf1-ba211719e02a",
                "name": "Sibiu South Branch - Făgăraș",
                "start": {
                    "name": "Sibiu South Branch",
                    "id": "5e518e76-e3ac-4b40-a955-9f353a951de1",
                    "networkProviders": [
                        {
                            "id": "f7e0f5f0-ef80-4c1e-8668-8bae435fe1a8",
                            "name": "directONE"
                        }
                    ],
                    "status": "operational",
                    "location": {
                        "type": "Point",
                        "coordinates": [
                            24.23858080838676,
                            45.69639487329324
                        ]
                    },
                    "transmissionMediumOwner": {
                        "id": "da0ebd8c-a970-4537-a157-0a3b555fc725",
                        "name": "directONE"
                    }
                },
                "end": {
                    "name": "Făgăraș",
                    "id": "f1981c8d-90b5-4fcd-9410-c1d5b4570454",
                    "networkProviders": [
                        {
                            "id": "f7e0f5f0-ef80-4c1e-8668-8bae435fe1a8",
                            "name": "directONE"
                        }
                    ],
                    "status": "operational",
                    "location": {
                        "type": "Point",
                        "coordinates": [
                            24.96846252284788,
                            45.86171699044968
                        ]
                    },
                    "transmissionMediumOwner": {
                        "id": "da0ebd8c-a970-4537-a157-0a3b555fc725",
                        "name": "directONE"
                    }
                },
                "status": "operational",
                "networkProviders": [
                    {
                        "id": "f7e0f5f0-ef80-4c1e-8668-8bae435fe1a8",
                        "name": "directONE"
                    }
                ],
                "transmissionMediumOwner": {
                    "id": "da0ebd8c-a970-4537-a157-0a3b555fc725",
                    "name": "directONE"
                },
                "network": {
                    "id": "fe99cf2d-3872-401e-9937-71dabec23742",
                    "name": "directONE",
                    "links": [
                        {
                            "rel": "describedby",
                            "href": "https://standard.ofds.info/en/0__4__0/network-schema.json"
                        }
                    ]
                },
                "featureType": "span"
            }
        },
        {
            "type": "Feature",
            "geometry": {
                "type": "LineString",
                "coordinates": [
                    [
                        24.23858080838676,
                        45.69639487329324
                    ],
                    [
                        24.25580471327073,
                        45.61634807745287
                    ],
                    [
                        24.27700124737066,
                        45.54573376564455
                    ],
                    [
                        24.29233412838201,
                        45.48213329155529
                    ],
                    [
                        24.28445996546085,
                        45.3605139042226
                    ],
                    [
                        24.3092175034426,
                        45.30522156179423
                    ],
                    [
                        24.38808436674825,
                        45.19916377721272
                    ],
                    [
                        24.36508762237545,
                        45.10174680430846
                    ]
                ]
            },
            "properties": {
                "id": "7d5735f1-399f-412c-8603-f02aeeb0e019",
                "name": "Sibiu South Branch - Râmnicu Vâlcea",
                "start": {
                    "name": "Sibiu South Branch",
                    "id": "5e518e76-e3ac-4b40-a955-9f353a951de1",
                    "networkProviders": [
                        {
                            "id": "f7e0f5f0-ef80-4c1e-8668-8bae435fe1a8",
                            "name": "directONE"
                        }
                    ],
                    "status": "operational",
                    "location": {
                        "type": "Point",
                        "coordinates": [
                            24.23858080838676,
                            45.69639487329324
                        ]
                    },
                    "transmissionMediumOwner": {
                        "id": "da0ebd8c-a970-4537-a157-0a3b555fc725",
                        "name": "directONE"
                    }
                },
                "end": {
                    "name": "Râmnicu Vâlcea",
                    "id": "f6120e13-7346-416b-9fe3-8586fb8d1b79",
                    "networkProviders": [
                        {
                            "id": "f7e0f5f0-ef80-4c1e-8668-8bae435fe1a8",
                            "name": "directONE"
                        }
                    ],
                    "status": "operational",
                    "location": {
                        "type": "Point",
                        "coordinates": [
                            24.36508762237545,
                            45.10174680430846
                        ]
                    },
                    "transmissionMediumOwner": {
                        "id": "da0ebd8c-a970-4537-a157-0a3b555fc725",
                        "name": "directONE"
                    }
                },
                "status": "operational",
                "networkProviders": [
                    {
                        "id": "f7e0f5f0-ef80-4c1e-8668-8bae435fe1a8",
                        "name": "directONE"
                    }
                ],
                "transmissionMediumOwner": {
                    "id": "da0ebd8c-a970-4537-a157-0a3b555fc725",
                    "name": "directONE"
                },
                "network": {
                    "id": "fe99cf2d-3872-401e-9937-71dabec23742",
                    "name": "directONE",
                    "links": [
                        {
                            "rel": "describedby",
                            "href": "https://standard.ofds.info/en/0__4__0/network-schema.json"
                        }
                    ]
                },
                "featureType": "span"
            }
        },
        {
            "type": "Feature",
            "geometry": {
                "type": "LineString",
                "coordinates": [
                    [
                        24.365032675519647,
                        45.101663291626906
                    ],
                    [
                        24.34551991048266,
                        45.07200621100016
                    ]
                ]
            },
            "properties": {
                "id": "4a82cbee-4b90-4836-b261-228eb11d0357",
                "name": "Râmnicu Vâlcea - Râmnicu Vâlcea South Branch",
                "start": {
                    "name": "Râmnicu Vâlcea",
                    "id": "f6120e13-7346-416b-9fe3-8586fb8d1b79",
                    "networkProviders": [
                        {
                            "id": "f7e0f5f0-ef80-4c1e-8668-8bae435fe1a8",
                            "name": "directONE"
                        }
                    ],
                    "status": "operational",
                    "location": {
                        "type": "Point",
                        "coordinates": [
                            24.36508762237545,
                            45.10174680430846
                        ]
                    },
                    "transmissionMediumOwner": {
                        "id": "da0ebd8c-a970-4537-a157-0a3b555fc725",
                        "name": "directONE"
                    }
                },
                "end": {
                    "name": "Râmnicu Vâlcea South Branch",
                    "id": "9fac6cdc-f0be-4499-833b-86fd95a75983",
                    "networkProviders": [
                        {
                            "id": "f7e0f5f0-ef80-4c1e-8668-8bae435fe1a8",
                            "name": "directONE"
                        }
                    ],
                    "status": "operational",
                    "location": {
                        "type": "Point",
                        "coordinates": [
                            24.34514219613809,
                            45.07124234335762
                        ]
                    },
                    "transmissionMediumOwner": {
                        "id": "da0ebd8c-a970-4537-a157-0a3b555fc725",
                        "name": "directONE"
                    }
                },
                "status": "operational",
                "networkProviders": [
                    {
                        "id": "f7e0f5f0-ef80-4c1e-8668-8bae435fe1a8",
                        "name": "directONE"
                    }
                ],
                "transmissionMediumOwner": {
                    "id": "da0ebd8c-a970-4537-a157-0a3b555fc725",
                    "name": "directONE"
                },
                "network": {
                    "id": "fe99cf2d-3872-401e-9937-71dabec23742",
                    "name": "directONE",
                    "links": [
                        {
                            "rel": "describedby",
                            "href": "https://standard.ofds.info/en/0__4__0/network-schema.json"
                        }
                    ]
                },
                "featureType": "span"
            }
        },
        {
            "type": "Feature",
            "geometry": {
                "type": "LineString",
                "coordinates": [
                    [
                        24.34504249367819,
                        45.07123628678983
                    ],
                    [
                        24.32859682592509,
                        45.07023727130215
                    ],
                    [
                        24.290864863373095,
                        45.027593896229014
                    ]
                ]
            },
            "properties": {
                "id": "28beed73-a9d1-4497-9427-14cdba78d15c",
                "name": "Râmnicu Vâlcea South Branch - Stupărei",
                "start": {
                    "name": "Râmnicu Vâlcea South Branch",
                    "id": "9fac6cdc-f0be-4499-833b-86fd95a75983",
                    "networkProviders": [
                        {
                            "id": "f7e0f5f0-ef80-4c1e-8668-8bae435fe1a8",
                            "name": "directONE"
                        }
                    ],
                    "status": "operational",
                    "location": {
                        "type": "Point",
                        "coordinates": [
                            24.34514219613809,
                            45.07124234335762
                        ]
                    },
                    "transmissionMediumOwner": {
                        "id": "da0ebd8c-a970-4537-a157-0a3b555fc725",
                        "name": "directONE"
                    }
                },
                "end": {
                    "name": "Stupărei",
                    "id": "f073e95a-4166-4095-83a6-71450fa0a7af",
                    "networkProviders": [
                        {
                            "id": "f7e0f5f0-ef80-4c1e-8668-8bae435fe1a8",
                            "name": "directONE"
                        }
                    ],
                    "status": "operational",
                    "location": {
                        "type": "Point",
                        "coordinates": [
                            24.2907986722412,
                            45.02751908927297
                        ]
                    },
                    "transmissionMediumOwner": {
                        "id": "da0ebd8c-a970-4537-a157-0a3b555fc725",
                        "name": "directONE"
                    }
                },
                "status": "operational",
                "networkProviders": [
                    {
                        "id": "f7e0f5f0-ef80-4c1e-8668-8bae435fe1a8",
                        "name": "directONE"
                    }
                ],
                "transmissionMediumOwner": {
                    "id": "da0ebd8c-a970-4537-a157-0a3b555fc725",
                    "name": "directONE"
                },
                "network": {
                    "id": "fe99cf2d-3872-401e-9937-71dabec23742",
                    "name": "directONE",
                    "links": [
                        {
                            "rel": "describedby",
                            "href": "https://standard.ofds.info/en/0__4__0/network-schema.json"
                        }
                    ]
                },
                "featureType": "span"
            }
        },
        {
            "type": "Feature",
            "geometry": {
                "type": "LineString",
                "coordinates": [
                    [
                        24.2907986722412,
                        45.02751908927297
                    ],
                    [
                        24.27941389316463,
                        44.99369335956934
                    ],
                    [
                        24.27491225630263,
                        44.94367435767243
                    ],
                    [
                        24.26394067731662,
                        44.88454719881771
                    ],
                    [
                        24.26787318610896,
                        44.82756190181799
                    ],
                    [
                        24.26638946405301,
                        44.7602287846168
                    ],
                    [
                        24.261306614733915,
                        44.66088121899643
                    ]
                ]
            },
            "properties": {
                "id": "dddd35ab-cb92-497c-bf7f-a6aff9eea204",
                "name": "Stupărei - Drăgășani",
                "start": {
                    "name": "Stupărei",
                    "id": "f073e95a-4166-4095-83a6-71450fa0a7af",
                    "networkProviders": [
                        {
                            "id": "f7e0f5f0-ef80-4c1e-8668-8bae435fe1a8",
                            "name": "directONE"
                        }
                    ],
                    "status": "operational",
                    "location": {
                        "type": "Point",
                        "coordinates": [
                            24.2907986722412,
                            45.02751908927297
                        ]
                    },
                    "transmissionMediumOwner": {
                        "id": "da0ebd8c-a970-4537-a157-0a3b555fc725",
                        "name": "directONE"
                    }
                },
                "end": {
                    "name": "Drăgășani",
                    "id": "d689c0d6-363b-4149-9528-95bc9b5aed47",
                    "networkProviders": [
                        {
                            "id": "f7e0f5f0-ef80-4c1e-8668-8bae435fe1a8",
                            "name": "directONE"
                        }
                    ],
                    "status": "operational",
                    "location": {
                        "type": "Point",
                        "coordinates": [
                            24.261306614733915,
                            44.66088121899643
                        ]
                    },
                    "transmissionMediumOwner": {
                        "id": "da0ebd8c-a970-4537-a157-0a3b555fc725",
                        "name": "directONE"
                    }
                },
                "status": "operational",
                "networkProviders": [
                    {
                        "id": "f7e0f5f0-ef80-4c1e-8668-8bae435fe1a8",
                        "name": "directONE"
                    }
                ],
                "transmissionMediumOwner": {
                    "id": "da0ebd8c-a970-4537-a157-0a3b555fc725",
                    "name": "directONE"
                },
                "network": {
                    "id": "fe99cf2d-3872-401e-9937-71dabec23742",
                    "name": "directONE",
                    "links": [
                        {
                            "rel": "describedby",
                            "href": "https://standard.ofds.info/en/0__4__0/network-schema.json"
                        }
                    ]
                },
                "featureType": "span"
            }
        },
        {
            "type": "Feature",
            "geometry": {
                "type": "LineString",
                "coordinates": [
                    [
                        24.261313999802788,
                        44.6607815818016
                    ],
                    [
                        24.27298762666708,
                        44.5032844136708
                    ],
                    [
                        24.27430959583488,
                        44.40891653141784
                    ],
                    [
                        24.01159193581391,
                        44.42109400539324
                    ],
                    [
                        23.93442817665905,
                        44.37498366307438
                    ],
                    [
                        23.80143862454416,
                        44.32063379306455
                    ]
                ]
            },
            "properties": {
                "id": "ffbdff98-cbad-4310-8e93-937bb622f021",
                "name": "Drăgășani - Craiova",
                "start": {
                    "name": "Drăgășani",
                    "id": "d689c0d6-363b-4149-9528-95bc9b5aed47",
                    "networkProviders": [
                        {
                            "id": "f7e0f5f0-ef80-4c1e-8668-8bae435fe1a8",
                            "name": "directONE"
                        }
                    ],
                    "status": "operational",
                    "location": {
                        "type": "Point",
                        "coordinates": [
                            24.261306614733915,
                            44.66088121899643
                        ]
                    },
                    "transmissionMediumOwner": {
                        "id": "da0ebd8c-a970-4537-a157-0a3b555fc725",
                        "name": "directONE"
                    }
                },
                "end": {
                    "name": "Craiova",
                    "id": "f1c54f6e-6176-4528-a2cf-97e761de2a0d",
                    "networkProviders": [
                        {
                            "id": "f7e0f5f0-ef80-4c1e-8668-8bae435fe1a8",
                            "name": "directONE"
                        }
                    ],
                    "status": "operational",
                    "location": {
                        "type": "Point",
                        "coordinates": [
                            23.80134607693911,
                            44.32059597091819
                        ]
                    },
                    "transmissionMediumOwner": {
                        "id": "da0ebd8c-a970-4537-a157-0a3b555fc725",
                        "name": "directONE"
                    }
                },
                "status": "operational",
                "networkProviders": [
                    {
                        "id": "f7e0f5f0-ef80-4c1e-8668-8bae435fe1a8",
                        "name": "directONE"
                    }
                ],
                "transmissionMediumOwner": {
                    "id": "da0ebd8c-a970-4537-a157-0a3b555fc725",
                    "name": "directONE"
                },
                "network": {
                    "id": "fe99cf2d-3872-401e-9937-71dabec23742",
                    "name": "directONE",
                    "links": [
                        {
                            "rel": "describedby",
                            "href": "https://standard.ofds.info/en/0__4__0/network-schema.json"
                        }
                    ]
                },
                "featureType": "span"
            }
        },
        {
            "type": "Feature",
            "geometry": {
                "type": "LineString",
                "coordinates": [
                    [
                        23.80134607693911,
                        44.32059597091819
                    ],
                    [
                        23.82133904947196,
                        44.40044790403412
                    ],
                    [
                        23.81460794658169,
                        44.48416096386121
                    ],
                    [
                        23.67726166443673,
                        44.67259114574139
                    ],
                    [
                        23.57291081893388,
                        44.85030603678445
                    ],
                    [
                        23.51426894692277,
                        44.954430263748634
                    ]
                ]
            },
            "properties": {
                "id": "601f7850-9cbb-44e5-b682-fcf63bf3ef67",
                "name": "Craiova - Târgu Cărbunești",
                "start": {
                    "name": "Craiova",
                    "id": "f1c54f6e-6176-4528-a2cf-97e761de2a0d",
                    "networkProviders": [
                        {
                            "id": "f7e0f5f0-ef80-4c1e-8668-8bae435fe1a8",
                            "name": "directONE"
                        }
                    ],
                    "status": "operational",
                    "location": {
                        "type": "Point",
                        "coordinates": [
                            23.80134607693911,
                            44.32059597091819
                        ]
                    },
                    "transmissionMediumOwner": {
                        "id": "da0ebd8c-a970-4537-a157-0a3b555fc725",
                        "name": "directONE"
                    }
                },
                "end": {
                    "name": "Târgu Cărbunești",
                    "id": "e2487b4f-3c5e-4e7d-abaf-c89feaa3bced",
                    "networkProviders": [
                        {
                            "id": "f7e0f5f0-ef80-4c1e-8668-8bae435fe1a8",
                            "name": "directONE"
                        }
                    ],
                    "status": "operational",
                    "location": {
                        "type": "Point",
                        "coordinates": [
                            23.514219916217343,
                            44.95451732243426
                        ]
                    },
                    "transmissionMediumOwner": {
                        "id": "da0ebd8c-a970-4537-a157-0a3b555fc725",
                        "name": "directONE"
                    }
                },
                "status": "operational",
                "networkProviders": [
                    {
                        "id": "f7e0f5f0-ef80-4c1e-8668-8bae435fe1a8",
                        "name": "directONE"
                    }
                ],
                "transmissionMediumOwner": {
                    "id": "da0ebd8c-a970-4537-a157-0a3b555fc725",
                    "name": "directONE"
                },
                "network": {
                    "id": "fe99cf2d-3872-401e-9937-71dabec23742",
                    "name": "directONE",
                    "links": [
                        {
                            "rel": "describedby",
                            "href": "https://standard.ofds.info/en/0__4__0/network-schema.json"
                        }
                    ]
                },
                "featureType": "span"
            }
        },
        {
            "type": "Feature",
            "geometry": {
                "type": "LineString",
                "coordinates": [
                    [
                        23.514219916217343,
                        44.95451732243426
                    ],
                    [
                        23.37354602920523,
                        44.98813359269818
                    ],
                    [
                        23.33163257408188,
                        45.0258284107501
                    ],
                    [
                        23.27201033936455,
                        45.041316527655034
                    ]
                ]
            },
            "properties": {
                "id": "88afb5bb-1ebd-445c-bc6c-620ddc100bdc",
                "name": "Târgu Cărbunești - Târgu Jiu",
                "start": {
                    "name": "Târgu Cărbunești",
                    "id": "e2487b4f-3c5e-4e7d-abaf-c89feaa3bced",
                    "networkProviders": [
                        {
                            "id": "f7e0f5f0-ef80-4c1e-8668-8bae435fe1a8",
                            "name": "directONE"
                        }
                    ],
                    "status": "operational",
                    "location": {
                        "type": "Point",
                        "coordinates": [
                            23.514219916217343,
                            44.95451732243426
                        ]
                    },
                    "transmissionMediumOwner": {
                        "id": "da0ebd8c-a970-4537-a157-0a3b555fc725",
                        "name": "directONE"
                    }
                },
                "end": {
                    "name": "Târgu Jiu",
                    "id": "a5e9bec6-434d-4e70-99c2-ba0bf915fd95",
                    "networkProviders": [
                        {
                            "id": "f7e0f5f0-ef80-4c1e-8668-8bae435fe1a8",
                            "name": "directONE"
                        }
                    ],
                    "status": "operational",
                    "location": {
                        "type": "Point",
                        "coordinates": [
                            23.271913664626535,
                            45.041341640931165
                        ]
                    },
                    "transmissionMediumOwner": {
                        "id": "da0ebd8c-a970-4537-a157-0a3b555fc725",
                        "name": "directONE"
                    }
                },
                "status": "operational",
                "networkProviders": [
                    {
                        "id": "f7e0f5f0-ef80-4c1e-8668-8bae435fe1a8",
                        "name": "directONE"
                    }
                ],
                "transmissionMediumOwner": {
                    "id": "da0ebd8c-a970-4537-a157-0a3b555fc725",
                    "name": "directONE"
                },
                "network": {
                    "id": "fe99cf2d-3872-401e-9937-71dabec23742",
                    "name": "directONE",
                    "links": [
                        {
                            "rel": "describedby",
                            "href": "https://standard.ofds.info/en/0__4__0/network-schema.json"
                        }
                    ]
                },
                "featureType": "span"
            }
        },
        {
            "type": "Feature",
            "geometry": {
                "type": "LineString",
                "coordinates": [
                    [
                        24.88221832792762,
                        44.86828815335562
                    ],
                    [
                        24.98155866844673,
                        44.8094218147661
                    ],
                    [
                        25.07227959354264,
                        44.77399443747372
                    ],
                    [
                        25.1886887706758,
                        44.75776617092196
                    ],
                    [
                        25.16780896864845,
                        44.70355951892316
                    ],
                    [
                        25.18395831139051,
                        44.64398030390802
                    ],
                    [
                        25.18013496306963,
                        44.60403567224262
                    ],
                    [
                        25.13573361097259,
                        44.52987070326505
                    ],
                    [
                        25.14300259950512,
                        44.42705474941957
                    ],
                    [
                        25.244200959186948,
                        44.262609535247265
                    ]
                ]
            },
            "properties": {
                "id": "d6f95d9f-2f4a-4e66-8544-b74e32cc7c84",
                "name": "Pitești - Trivalea-Moşteni",
                "start": {
                    "name": "Pitești",
                    "id": "af49578c-96b5-425e-8e12-b9a92c1fe1ba",
                    "networkProviders": [
                        {
                            "id": "f7e0f5f0-ef80-4c1e-8668-8bae435fe1a8",
                            "name": "directONE"
                        }
                    ],
                    "status": "operational",
                    "location": {
                        "type": "Point",
                        "coordinates": [
                            24.88221832792762,
                            44.86828815335562
                        ]
                    },
                    "transmissionMediumOwner": {
                        "id": "da0ebd8c-a970-4537-a157-0a3b555fc725",
                        "name": "directONE"
                    }
                },
                "end": {
                    "name": "Trivalea-Moşteni",
                    "id": "97820285-674e-426c-955f-6825d74b53dc",
                    "networkProviders": [
                        {
                            "id": "f7e0f5f0-ef80-4c1e-8668-8bae435fe1a8",
                            "name": "directONE"
                        }
                    ],
                    "status": "operational",
                    "location": {
                        "type": "Point",
                        "coordinates": [
                            25.24425330987203,
                            44.26252446648086
                        ]
                    },
                    "transmissionMediumOwner": {
                        "id": "da0ebd8c-a970-4537-a157-0a3b555fc725",
                        "name": "directONE"
                    }
                },
                "status": "operational",
                "networkProviders": [
                    {
                        "id": "f7e0f5f0-ef80-4c1e-8668-8bae435fe1a8",
                        "name": "directONE"
                    }
                ],
                "transmissionMediumOwner": {
                    "id": "da0ebd8c-a970-4537-a157-0a3b555fc725",
                    "name": "directONE"
                },
                "network": {
                    "id": "fe99cf2d-3872-401e-9937-71dabec23742",
                    "name": "directONE",
                    "links": [
                        {
                            "rel": "describedby",
                            "href": "https://standard.ofds.info/en/0__4__0/network-schema.json"
                        }
                    ]
                },
                "featureType": "span"
            }
        },
        {
            "type": "Feature",
            "geometry": {
                "type": "LineString",
                "coordinates": [
                    [
                        25.24425330987203,
                        44.26252446648086
                    ],
                    [
                        25.50432796695665,
                        44.31620703373203
                    ],
                    [
                        25.56190290461856,
                        44.27227778013626
                    ],
                    [
                        25.95976470822502,
                        44.33051196172361
                    ],
                    [
                        26.0054491026643,
                        44.32839039909926
                    ],
                    [
                        26.12077485050126,
                        44.39428943807563
                    ],
                    [
                        26.110522272731377,
                        44.42870689368518
                    ]
                ]
            },
            "properties": {
                "id": "abd49a69-c381-43b1-bb18-8fbdccf0f683",
                "name": "Trivalea-Moşteni - Bucharest",
                "start": {
                    "name": "Trivalea-Moşteni",
                    "id": "97820285-674e-426c-955f-6825d74b53dc",
                    "networkProviders": [
                        {
                            "id": "f7e0f5f0-ef80-4c1e-8668-8bae435fe1a8",
                            "name": "directONE"
                        }
                    ],
                    "status": "operational",
                    "location": {
                        "type": "Point",
                        "coordinates": [
                            25.24425330987203,
                            44.26252446648086
                        ]
                    },
                    "transmissionMediumOwner": {
                        "id": "da0ebd8c-a970-4537-a157-0a3b555fc725",
                        "name": "directONE"
                    }
                },
                "end": {
                    "name": "Bucharest",
                    "id": "77cdaed9-3592-4d18-a03d-05c3cfe588e1",
                    "networkProviders": [
                        {
                            "id": "f7e0f5f0-ef80-4c1e-8668-8bae435fe1a8",
                            "name": "directONE"
                        }
                    ],
                    "status": "operational",
                    "location": {
                        "type": "Point",
                        "coordinates": [
                            26.11049373027663,
                            44.42880270945867
                        ]
                    },
                    "transmissionMediumOwner": {
                        "id": "da0ebd8c-a970-4537-a157-0a3b555fc725",
                        "name": "directONE"
                    }
                },
                "status": "operational",
                "networkProviders": [
                    {
                        "id": "f7e0f5f0-ef80-4c1e-8668-8bae435fe1a8",
                        "name": "directONE"
                    }
                ],
                "transmissionMediumOwner": {
                    "id": "da0ebd8c-a970-4537-a157-0a3b555fc725",
                    "name": "directONE"
                },
                "network": {
                    "id": "fe99cf2d-3872-401e-9937-71dabec23742",
                    "name": "directONE",
                    "links": [
                        {
                            "rel": "describedby",
                            "href": "https://standard.ofds.info/en/0__4__0/network-schema.json"
                        }
                    ]
                },
                "featureType": "span"
            }
        },
        {
            "type": "Feature",
            "geometry": {
                "type": "LineString",
                "coordinates": [
                    [
                        26.11049373027663,
                        44.42880270945867
                    ],
                    [
                        25.96369650772586,
                        44.27089301000195
                    ],
                    [
                        25.92756772324883,
                        44.25080368395827
                    ],
                    [
                        25.7969748381631,
                        43.98507960077227
                    ],
                    [
                        25.55720149397425,
                        43.95616814568086
                    ],
                    [
                        25.34098527326431,
                        43.97160588017116
                    ]
                ]
            },
            "properties": {
                "id": "46d045f2-564a-4977-a857-03b270d2657c",
                "name": "Bucharest - Alexandria",
                "start": {
                    "name": "Bucharest",
                    "id": "77cdaed9-3592-4d18-a03d-05c3cfe588e1",
                    "networkProviders": [
                        {
                            "id": "f7e0f5f0-ef80-4c1e-8668-8bae435fe1a8",
                            "name": "directONE"
                        }
                    ],
                    "status": "operational",
                    "location": {
                        "type": "Point",
                        "coordinates": [
                            26.11049373027663,
                            44.42880270945867
                        ]
                    },
                    "transmissionMediumOwner": {
                        "id": "da0ebd8c-a970-4537-a157-0a3b555fc725",
                        "name": "directONE"
                    }
                },
                "end": {
                    "name": "Alexandria",
                    "id": "83f2a088-d7c8-4687-bde6-7d661f96ca03",
                    "networkProviders": [
                        {
                            "id": "f7e0f5f0-ef80-4c1e-8668-8bae435fe1a8",
                            "name": "directONE"
                        }
                    ],
                    "status": "operational",
                    "location": {
                        "type": "Point",
                        "coordinates": [
                            25.34088562280161,
                            43.97161299516642
                        ]
                    },
                    "transmissionMediumOwner": {
                        "id": "da0ebd8c-a970-4537-a157-0a3b555fc725",
                        "name": "directONE"
                    }
                },
                "status": "operational",
                "networkProviders": [
                    {
                        "id": "f7e0f5f0-ef80-4c1e-8668-8bae435fe1a8",
                        "name": "directONE"
                    }
                ],
                "transmissionMediumOwner": {
                    "id": "da0ebd8c-a970-4537-a157-0a3b555fc725",
                    "name": "directONE"
                },
                "network": {
                    "id": "fe99cf2d-3872-401e-9937-71dabec23742",
                    "name": "directONE",
                    "links": [
                        {
                            "rel": "describedby",
                            "href": "https://standard.ofds.info/en/0__4__0/network-schema.json"
                        }
                    ]
                },
                "featureType": "span"
            }
        },
        {
            "type": "Feature",
            "geometry": {
                "type": "LineString",
                "coordinates": [
                    [
                        25.34088562280161,
                        43.97161299516642
                    ],
                    [
                        25.63936874265751,
                        43.92264722181585
                    ],
                    [
                        25.966734301283108,
                        43.89695114187727
                    ]
                ]
            },
            "properties": {
                "id": "5528f239-7238-4817-88a8-d93a497ca6db",
                "name": "Alexandria - Giurgiu",
                "start": {
                    "name": "Alexandria",
                    "id": "83f2a088-d7c8-4687-bde6-7d661f96ca03",
                    "networkProviders": [
                        {
                            "id": "f7e0f5f0-ef80-4c1e-8668-8bae435fe1a8",
                            "name": "directONE"
                        }
                    ],
                    "status": "operational",
                    "location": {
                        "type": "Point",
                        "coordinates": [
                            25.34088562280161,
                            43.97161299516642
                        ]
                    },
                    "transmissionMediumOwner": {
                        "id": "da0ebd8c-a970-4537-a157-0a3b555fc725",
                        "name": "directONE"
                    }
                },
                "end": {
                    "name": "Giurgiu",
                    "id": "77152128-3d7e-4487-9440-81e9fb20cf52",
                    "networkProviders": [
                        {
                            "id": "f7e0f5f0-ef80-4c1e-8668-8bae435fe1a8",
                            "name": "directONE"
                        }
                    ],
                    "status": "operational",
                    "location": {
                        "type": "Point",
                        "coordinates": [
                            25.966833917150367,
                            43.8969433226757
                        ]
                    },
                    "transmissionMediumOwner": {
                        "id": "da0ebd8c-a970-4537-a157-0a3b555fc725",
                        "name": "directONE"
                    }
                },
                "status": "operational",
                "networkProviders": [
                    {
                        "id": "f7e0f5f0-ef80-4c1e-8668-8bae435fe1a8",
                        "name": "directONE"
                    }
                ],
                "transmissionMediumOwner": {
                    "id": "da0ebd8c-a970-4537-a157-0a3b555fc725",
                    "name": "directONE"
                },
                "network": {
                    "id": "fe99cf2d-3872-401e-9937-71dabec23742",
                    "name": "directONE",
                    "links": [
                        {
                            "rel": "describedby",
                            "href": "https://standard.ofds.info/en/0__4__0/network-schema.json"
                        }
                    ]
                },
                "featureType": "span"
            }
        },
        {
            "type": "Feature",
            "geometry": {
                "type": "LineString",
                "coordinates": [
                    [
                        26.11049373027663,
                        44.42880270945867
                    ],
                    [
                        26.21246384441701,
                        44.52538393594011
                    ],
                    [
                        26.08561879012978,
                        44.71972027324432
                    ],
                    [
                        26.012648292753468,
                        44.917661522562135
                    ]
                ]
            },
            "properties": {
                "id": "369d55e9-1d2b-49c8-84c0-9a5cc18211c9",
                "name": "Bucharest - Ploiești",
                "start": {
                    "name": "Bucharest",
                    "id": "77cdaed9-3592-4d18-a03d-05c3cfe588e1",
                    "networkProviders": [
                        {
                            "id": "f7e0f5f0-ef80-4c1e-8668-8bae435fe1a8",
                            "name": "directONE"
                        }
                    ],
                    "status": "operational",
                    "location": {
                        "type": "Point",
                        "coordinates": [
                            26.11049373027663,
                            44.42880270945867
                        ]
                    },
                    "transmissionMediumOwner": {
                        "id": "da0ebd8c-a970-4537-a157-0a3b555fc725",
                        "name": "directONE"
                    }
                },
                "end": {
                    "name": "Ploiești",
                    "id": "bfb9e727-b3e5-4f60-8773-a2fd4728fe13",
                    "networkProviders": [
                        {
                            "id": "f7e0f5f0-ef80-4c1e-8668-8bae435fe1a8",
                            "name": "directONE"
                        }
                    ],
                    "status": "operational",
                    "location": {
                        "type": "Point",
                        "coordinates": [
                            26.01261374361072,
                            44.9177552412666
                        ]
                    },
                    "transmissionMediumOwner": {
                        "id": "da0ebd8c-a970-4537-a157-0a3b555fc725",
                        "name": "directONE"
                    }
                },
                "status": "operational",
                "networkProviders": [
                    {
                        "id": "f7e0f5f0-ef80-4c1e-8668-8bae435fe1a8",
                        "name": "directONE"
                    }
                ],
                "transmissionMediumOwner": {
                    "id": "da0ebd8c-a970-4537-a157-0a3b555fc725",
                    "name": "directONE"
                },
                "network": {
                    "id": "fe99cf2d-3872-401e-9937-71dabec23742",
                    "name": "directONE",
                    "links": [
                        {
                            "rel": "describedby",
                            "href": "https://standard.ofds.info/en/0__4__0/network-schema.json"
                        }
                    ]
                },
                "featureType": "span"
            }
        },
        {
            "type": "Feature",
            "geometry": {
                "type": "LineString",
                "coordinates": [
                    [
                        25.608092756101986,
                        45.65278856609144
                    ],
                    [
                        25.709729157585294,
                        45.72699814052586
                    ]
                ]
            },
            "properties": {
                "id": "0088856b-bd9e-490b-ac2e-4be0499d6b50",
                "name": "Brașov - Cheia",
                "start": {
                    "name": "Brașov",
                    "id": "4f01a17d-4ea5-4b78-87dc-79a562c5406a",
                    "networkProviders": [
                        {
                            "id": "f7e0f5f0-ef80-4c1e-8668-8bae435fe1a8",
                            "name": "directONE"
                        }
                    ],
                    "status": "operational",
                    "location": {
                        "type": "Point",
                        "coordinates": [
                            25.608092756101986,
                            45.65278856609144
                        ]
                    },
                    "transmissionMediumOwner": {
                        "id": "da0ebd8c-a970-4537-a157-0a3b555fc725",
                        "name": "directONE"
                    }
                },
                "end": {
                    "name": "Cheia",
                    "id": "4ca18330-0a3e-4505-99a8-ae1f61a03f3f",
                    "networkProviders": [
                        {
                            "id": "f7e0f5f0-ef80-4c1e-8668-8bae435fe1a8",
                            "name": "directONE"
                        }
                    ],
                    "status": "operational",
                    "location": {
                        "type": "Point",
                        "coordinates": [
                            25.70980572873912,
                            45.72706238516545
                        ]
                    },
                    "transmissionMediumOwner": {
                        "id": "da0ebd8c-a970-4537-a157-0a3b555fc725",
                        "name": "directONE"
                    }
                },
                "status": "operational",
                "networkProviders": [
                    {
                        "id": "f7e0f5f0-ef80-4c1e-8668-8bae435fe1a8",
                        "name": "directONE"
                    }
                ],
                "transmissionMediumOwner": {
                    "id": "da0ebd8c-a970-4537-a157-0a3b555fc725",
                    "name": "directONE"
                },
                "network": {
                    "id": "fe99cf2d-3872-401e-9937-71dabec23742",
                    "name": "directONE",
                    "links": [
                        {
                            "rel": "describedby",
                            "href": "https://standard.ofds.info/en/0__4__0/network-schema.json"
                        }
                    ]
                },
                "featureType": "span"
            }
        },
        {
            "type": "Feature",
            "geometry": {
                "type": "LineString",
                "coordinates": [
                    [
                        25.709882299892946,
                        45.72712662980505
                    ],
                    [
                        25.76552834311285,
                        45.77381470766326
                    ],
                    [
                        25.80480597032249,
                        45.86144168165068
                    ]
                ]
            },
            "properties": {
                "id": "6a85abb2-f34f-499c-b35f-0a48f416292e",
                "name": "Cheia - Sfântu Gheorghe",
                "start": {
                    "name": "Cheia",
                    "id": "4ca18330-0a3e-4505-99a8-ae1f61a03f3f",
                    "networkProviders": [
                        {
                            "id": "f7e0f5f0-ef80-4c1e-8668-8bae435fe1a8",
                            "name": "directONE"
                        }
                    ],
                    "status": "operational",
                    "location": {
                        "type": "Point",
                        "coordinates": [
                            25.70980572873912,
                            45.72706238516545
                        ]
                    },
                    "transmissionMediumOwner": {
                        "id": "da0ebd8c-a970-4537-a157-0a3b555fc725",
                        "name": "directONE"
                    }
                },
                "end": {
                    "name": "Sfântu Gheorghe",
                    "id": "ecff9168-3805-43e2-b122-7abdc4e80e7b",
                    "networkProviders": [
                        {
                            "id": "f7e0f5f0-ef80-4c1e-8668-8bae435fe1a8",
                            "name": "directONE"
                        }
                    ],
                    "status": "operational",
                    "location": {
                        "type": "Point",
                        "coordinates": [
                            25.80480597032249,
                            45.86144168165068
                        ]
                    },
                    "transmissionMediumOwner": {
                        "id": "da0ebd8c-a970-4537-a157-0a3b555fc725",
                        "name": "directONE"
                    }
                },
                "status": "operational",
                "networkProviders": [
                    {
                        "id": "f7e0f5f0-ef80-4c1e-8668-8bae435fe1a8",
                        "name": "directONE"
                    }
                ],
                "transmissionMediumOwner": {
                    "id": "da0ebd8c-a970-4537-a157-0a3b555fc725",
                    "name": "directONE"
                },
                "network": {
                    "id": "fe99cf2d-3872-401e-9937-71dabec23742",
                    "name": "directONE",
                    "links": [
                        {
                            "rel": "describedby",
                            "href": "https://standard.ofds.info/en/0__4__0/network-schema.json"
                        }
                    ]
                },
                "featureType": "span"
            }
        },
        {
            "type": "Feature",
            "geometry": {
                "type": "LineString",
                "coordinates": [
                    [
                        27.18763977735952,
                        45.694298680131894
                    ],
                    [
                        27.20270511459138,
                        45.72066860955267
                    ],
                    [
                        27.21817925869494,
                        45.75660412589399
                    ],
                    [
                        27.21746244426339,
                        45.75755434578952
                    ],
                    [
                        27.21616300577612,
                        45.75859166829696
                    ],
                    [
                        27.18254368108367,
                        45.77844168333178
                    ],
                    [
                        27.18255069607925,
                        45.77915246537403
                    ],
                    [
                        27.1824433097391,
                        45.7801655780009
                    ],
                    [
                        27.18250479047226,
                        45.78243860823942
                    ],
                    [
                        27.18991667525653,
                        45.80467214816265
                    ],
                    [
                        27.19047668201855,
                        45.80517050525408
                    ],
                    [
                        27.20257758325833,
                        45.8311778407343
                    ],
                    [
                        27.2031374114491,
                        45.83167379837452
                    ],
                    [
                        27.21038222893013,
                        45.845663334743485
                    ]
                ]
            },
            "properties": {
                "id": "77e5fd09-78a6-4686-ae1b-6f1606ec6bb3",
                "name": "Focșani - Tișița",
                "start": {
                    "name": "Focșani",
                    "id": "76d640f0-4a06-437e-9ddd-5058f8850927",
                    "networkProviders": [
                        {
                            "id": "f7e0f5f0-ef80-4c1e-8668-8bae435fe1a8",
                            "name": "directONE"
                        }
                    ],
                    "status": "operational",
                    "location": {
                        "type": "Point",
                        "coordinates": [
                            27.18759022031651,
                            45.69421193692088
                        ]
                    },
                    "transmissionMediumOwner": {
                        "id": "da0ebd8c-a970-4537-a157-0a3b555fc725",
                        "name": "directONE"
                    }
                },
                "end": {
                    "name": "Tișița",
                    "id": "c92f675f-c3a9-447c-a199-e5f4a41718be",
                    "networkProviders": [
                        {
                            "id": "f7e0f5f0-ef80-4c1e-8668-8bae435fe1a8",
                            "name": "directONE"
                        }
                    ],
                    "status": "operational",
                    "location": {
                        "type": "Point",
                        "coordinates": [
                            27.210428190019403,
                            45.84575208429883
                        ]
                    },
                    "transmissionMediumOwner": {
                        "id": "da0ebd8c-a970-4537-a157-0a3b555fc725",
                        "name": "directONE"
                    }
                },
                "status": "operational",
                "networkProviders": [
                    {
                        "id": "f7e0f5f0-ef80-4c1e-8668-8bae435fe1a8",
                        "name": "directONE"
                    }
                ],
                "transmissionMediumOwner": {
                    "id": "da0ebd8c-a970-4537-a157-0a3b555fc725",
                    "name": "directONE"
                },
                "network": {
                    "id": "fe99cf2d-3872-401e-9937-71dabec23742",
                    "name": "directONE",
                    "links": [
                        {
                            "rel": "describedby",
                            "href": "https://standard.ofds.info/en/0__4__0/network-schema.json"
                        }
                    ]
                },
                "featureType": "span"
            }
        },
        {
            "type": "Feature",
            "geometry": {
                "type": "LineString",
                "coordinates": [
                    [
                        25.05805052269718,
                        45.83822060060586
                    ],
                    [
                        24.96846252284788,
                        45.86171699044968
                    ]
                ]
            },
            "properties": {
                "id": "643f6dca-8193-4b1f-9eb4-c6069240054c",
                "name": "default-node - Făgăraș",
                "start": {
                    "name": "default-node",
                    "id": "9e13bbd1-9ce0-484a-827f-30e99c54a082",
                    "networkProviders": [
                        {
                            "id": "f7e0f5f0-ef80-4c1e-8668-8bae435fe1a8",
                            "name": "directONE"
                        }
                    ],
                    "status": "operational",
                    "location": {
                        "type": "Point",
                        "coordinates": [
                            25.05805052269718,
                            45.83822060060586
                        ]
                    },
                    "transmissionMediumOwner": {
                        "id": "da0ebd8c-a970-4537-a157-0a3b555fc725",
                        "name": "directONE"
                    }
                },
                "end": {
                    "name": "Făgăraș",
                    "id": "f1981c8d-90b5-4fcd-9410-c1d5b4570454",
                    "networkProviders": [
                        {
                            "id": "f7e0f5f0-ef80-4c1e-8668-8bae435fe1a8",
                            "name": "directONE"
                        }
                    ],
                    "status": "operational",
                    "location": {
                        "type": "Point",
                        "coordinates": [
                            24.96846252284788,
                            45.86171699044968
                        ]
                    },
                    "transmissionMediumOwner": {
                        "id": "da0ebd8c-a970-4537-a157-0a3b555fc725",
                        "name": "directONE"
                    }
                },
                "status": "operational",
                "networkProviders": [
                    {
                        "id": "f7e0f5f0-ef80-4c1e-8668-8bae435fe1a8",
                        "name": "directONE"
                    }
                ],
                "transmissionMediumOwner": {
                    "id": "da0ebd8c-a970-4537-a157-0a3b555fc725",
                    "name": "directONE"
                },
                "network": {
                    "id": "fe99cf2d-3872-401e-9937-71dabec23742",
                    "name": "directONE",
                    "links": [
                        {
                            "rel": "describedby",
                            "href": "https://standard.ofds.info/en/0__4__0/network-schema.json"
                        }
                    ]
                },
                "featureType": "span"
            }
        },
        {
            "type": "Feature",
            "geometry": {
                "type": "LineString",
                "coordinates": [
                    [
                        24.96846252284788,
                        45.86171699044968
                    ],
                    [
                        25.14151481635778,
                        45.85150336366725
                    ],
                    [
                        25.19556308756273,
                        45.91777423151427
                    ],
                    [
                        25.27700573730914,
                        45.98870671234084
                    ],
                    [
                        25.3475002434685,
                        46.00372115862916
                    ],
                    [
                        25.41573790468467,
                        45.93780165528508
                    ],
                    [
                        25.44111149485371,
                        45.91717834356492
                    ],
                    [
                        25.58523345530993,
                        45.94699429917098
                    ],
                    [
                        25.60189249764548,
                        45.85308651528407
                    ],
                    [
                        25.60808966528459,
                        45.65288841424932
                    ]
                ]
            },
            "properties": {
                "id": "43872247-4ba5-46af-89b6-a57269af3b89",
                "name": "Făgăraș - Brașov",
                "start": {
                    "name": "Făgăraș",
                    "id": "f1981c8d-90b5-4fcd-9410-c1d5b4570454",
                    "networkProviders": [
                        {
                            "id": "f7e0f5f0-ef80-4c1e-8668-8bae435fe1a8",
                            "name": "directONE"
                        }
                    ],
                    "status": "operational",
                    "location": {
                        "type": "Point",
                        "coordinates": [
                            24.96846252284788,
                            45.86171699044968
                        ]
                    },
                    "transmissionMediumOwner": {
                        "id": "da0ebd8c-a970-4537-a157-0a3b555fc725",
                        "name": "directONE"
                    }
                },
                "end": {
                    "name": "Brașov",
                    "id": "4f01a17d-4ea5-4b78-87dc-79a562c5406a",
                    "networkProviders": [
                        {
                            "id": "f7e0f5f0-ef80-4c1e-8668-8bae435fe1a8",
                            "name": "directONE"
                        }
                    ],
                    "status": "operational",
                    "location": {
                        "type": "Point",
                        "coordinates": [
                            25.608092756101986,
                            45.65278856609144
                        ]
                    },
                    "transmissionMediumOwner": {
                        "id": "da0ebd8c-a970-4537-a157-0a3b555fc725",
                        "name": "directONE"
                    }
                },
                "status": "operational",
                "networkProviders": [
                    {
                        "id": "f7e0f5f0-ef80-4c1e-8668-8bae435fe1a8",
                        "name": "directONE"
                    }
                ],
                "transmissionMediumOwner": {
                    "id": "da0ebd8c-a970-4537-a157-0a3b555fc725",
                    "name": "directONE"
                },
                "network": {
                    "id": "fe99cf2d-3872-401e-9937-71dabec23742",
                    "name": "directONE",
                    "links": [
                        {
                            "rel": "describedby",
                            "href": "https://standard.ofds.info/en/0__4__0/network-schema.json"
                        }
                    ]
                },
                "featureType": "span"
            }
        },
        {
            "type": "Feature",
            "geometry": {
                "type": "LineString",
                "coordinates": [
                    [
                        24.34514219613809,
                        45.07124234335762
                    ],
                    [
                        24.39399896590615,
                        45.04215869502688
                    ],
                    [
                        24.47170485389042,
                        45.00751929229148
                    ],
                    [
                        24.56087225974991,
                        44.97633122281376
                    ],
                    [
                        24.59690911048557,
                        44.97233791351072
                    ],
                    [
                        24.6835646883176,
                        44.9139272367641
                    ],
                    [
                        24.71185340874005,
                        44.87285789025091
                    ],
                    [
                        24.88211845952827,
                        44.86829083214837
                    ]
                ]
            },
            "properties": {
                "id": "68a624a0-5aba-4f7d-841a-dcf3309e6371",
                "name": "Râmnicu Vâlcea South Branch - Pitești",
                "start": {
                    "name": "Râmnicu Vâlcea South Branch",
                    "id": "9fac6cdc-f0be-4499-833b-86fd95a75983",
                    "networkProviders": [
                        {
                            "id": "f7e0f5f0-ef80-4c1e-8668-8bae435fe1a8",
                            "name": "directONE"
                        }
                    ],
                    "status": "operational",
                    "location": {
                        "type": "Point",
                        "coordinates": [
                            24.34514219613809,
                            45.07124234335762
                        ]
                    },
                    "transmissionMediumOwner": {
                        "id": "da0ebd8c-a970-4537-a157-0a3b555fc725",
                        "name": "directONE"
                    }
                },
                "end": {
                    "name": "Pitești",
                    "id": "af49578c-96b5-425e-8e12-b9a92c1fe1ba",
                    "networkProviders": [
                        {
                            "id": "f7e0f5f0-ef80-4c1e-8668-8bae435fe1a8",
                            "name": "directONE"
                        }
                    ],
                    "status": "operational",
                    "location": {
                        "type": "Point",
                        "coordinates": [
                            24.88221832792762,
                            44.86828815335562
                        ]
                    },
                    "transmissionMediumOwner": {
                        "id": "da0ebd8c-a970-4537-a157-0a3b555fc725",
                        "name": "directONE"
                    }
                },
                "status": "operational",
                "networkProviders": [
                    {
                        "id": "f7e0f5f0-ef80-4c1e-8668-8bae435fe1a8",
                        "name": "directONE"
                    }
                ],
                "transmissionMediumOwner": {
                    "id": "da0ebd8c-a970-4537-a157-0a3b555fc725",
                    "name": "directONE"
                },
                "network": {
                    "id": "fe99cf2d-3872-401e-9937-71dabec23742",
                    "name": "directONE",
                    "links": [
                        {
                            "rel": "describedby",
                            "href": "https://standard.ofds.info/en/0__4__0/network-schema.json"
                        }
                    ]
                },
                "featureType": "span"
            }
        }
    ]
}