{
    "type": "FeatureCollection",
    "features": [
        {
            "type": "Feature",
            "geometry": {
                "type": "Point",
                "coordinates": [
                    -5.952291345156859,
                    6.151287967777138
                ]
            },
            "properties": {
                "name": "Gagnoa",
                "id": "46354da7-964a-4d9f-aae9-6eb788b9aab8",
                "networkProviders": [
                    {
                        "id": "2d6622c0-d652-4ff8-b1b5-1e5137d57fcd",
                        "name": "ANSUT"
                    }
                ],
                "status": "operational",
                "transmissionMediumOwner": {
                    "id": "bdcb72d1-cb46-48d9-9f9f-200c43cc4fb5",
                    "name": "ANSUT"
                },
                "network": {
                    "id": "326b3180-1be3-4e2e-b6a0-c34c801e1503",
                    "name": "Réseau national haut débit",
                    "links": [
                        {
                            "rel": "describedby",
                            "href": "https://standard.ofds.info/en/0__4__0/network-schema.json"
                        }
                    ]
                },
                "featureType": "node"
            }
        },
        {
            "type": "Feature",
            "geometry": {
                "type": "Point",
                "coordinates": [
                    -6.035926128131601,
                    5.547276975245575
                ]
            },
            "properties": {
                "name": "Dabouyo",
                "id": "7646f86a-ce40-460c-9492-af36b136a4dd",
                "networkProviders": [
                    {
                        "id": "2d6622c0-d652-4ff8-b1b5-1e5137d57fcd",
                        "name": "ANSUT"
                    }
                ],
                "status": "operational",
                "transmissionMediumOwner": {
                    "id": "bdcb72d1-cb46-48d9-9f9f-200c43cc4fb5",
                    "name": "ANSUT"
                },
                "network": {
                    "id": "326b3180-1be3-4e2e-b6a0-c34c801e1503",
                    "name": "Réseau national haut débit",
                    "links": [
                        {
                            "rel": "describedby",
                            "href": "https://standard.ofds.info/en/0__4__0/network-schema.json"
                        }
                    ]
                },
                "featureType": "node"
            }
        },
        {
            "type": "Feature",
            "geometry": {
                "type": "Point",
                "coordinates": [
                    -6.1180225079133495,
                    5.766597324404497
                ]
            },
            "properties": {
                "name": "Niorouhio",
                "id": "4656e0d8-5b64-4dea-a335-d80f83175ff4",
                "networkProviders": [
                    {
                        "id": "2d6622c0-d652-4ff8-b1b5-1e5137d57fcd",
                        "name": "ANSUT"
                    }
                ],
                "status": "operational",
                "transmissionMediumOwner": {
                    "id": "bdcb72d1-cb46-48d9-9f9f-200c43cc4fb5",
                    "name": "ANSUT"
                },
                "network": {
                    "id": "326b3180-1be3-4e2e-b6a0-c34c801e1503",
                    "name": "Réseau national haut débit",
                    "links": [
                        {
                            "rel": "describedby",
                            "href": "https://standard.ofds.info/en/0__4__0/network-schema.json"
                        }
                    ]
                },
                "featureType": "node"
            }
        },
        {
            "type": "Feature",
            "geometry": {
                "type": "Point",
                "coordinates": [
                    -6.072536298662623,
                    5.237290497970082
                ]
            },
            "properties": {
                "name": "Dakpadou",
                "id": "1bdfe5d4-5f99-4ab9-b511-7dfdac04e21a",
                "networkProviders": [
                    {
                        "id": "2d6622c0-d652-4ff8-b1b5-1e5137d57fcd",
                        "name": "ANSUT"
                    }
                ],
                "status": "operational",
                "transmissionMediumOwner": {
                    "id": "bdcb72d1-cb46-48d9-9f9f-200c43cc4fb5",
                    "name": "ANSUT"
                },
                "network": {
                    "id": "326b3180-1be3-4e2e-b6a0-c34c801e1503",
                    "name": "Réseau national haut débit",
                    "links": [
                        {
                            "rel": "describedby",
                            "href": "https://standard.ofds.info/en/0__4__0/network-schema.json"
                        }
                    ]
                },
                "featureType": "node"
            }
        },
        {
            "type": "Feature",
            "geometry": {
                "type": "Point",
                "coordinates": [
                    -6.647616547891461,
                    4.77863769609402
                ]
            },
            "properties": {
                "name": "San Pedro",
                "id": "94b1a0a8-976d-4ca6-b941-a815bfb96465",
                "networkProviders": [
                    {
                        "id": "2d6622c0-d652-4ff8-b1b5-1e5137d57fcd",
                        "name": "ANSUT"
                    }
                ],
                "status": "operational",
                "transmissionMediumOwner": {
                    "id": "bdcb72d1-cb46-48d9-9f9f-200c43cc4fb5",
                    "name": "ANSUT"
                },
                "network": {
                    "id": "326b3180-1be3-4e2e-b6a0-c34c801e1503",
                    "name": "Réseau national haut débit",
                    "links": [
                        {
                            "rel": "describedby",
                            "href": "https://standard.ofds.info/en/0__4__0/network-schema.json"
                        }
                    ]
                },
                "featureType": "node"
            }
        },
        {
            "type": "Feature",
            "geometry": {
                "type": "Point",
                "coordinates": [
                    -6.10059137042954,
                    4.953603521496321
                ]
            },
            "properties": {
                "name": "Sassandra",
                "id": "face40e5-07e5-4d7c-9191-6fd38d2d1538",
                "networkProviders": [
                    {
                        "id": "2d6622c0-d652-4ff8-b1b5-1e5137d57fcd",
                        "name": "ANSUT"
                    }
                ],
                "status": "operational",
                "transmissionMediumOwner": {
                    "id": "bdcb72d1-cb46-48d9-9f9f-200c43cc4fb5",
                    "name": "ANSUT"
                },
                "network": {
                    "id": "326b3180-1be3-4e2e-b6a0-c34c801e1503",
                    "name": "Réseau national haut débit",
                    "links": [
                        {
                            "rel": "describedby",
                            "href": "https://standard.ofds.info/en/0__4__0/network-schema.json"
                        }
                    ]
                },
                "featureType": "node"
            }
        },
        {
            "type": "Feature",
            "geometry": {
                "type": "Point",
                "coordinates": [
                    -6.347318884179447,
                    4.9097544121427
                ]
            },
            "properties": {
                "name": "Moussadougou",
                "id": "1936a4b0-42da-4aae-9bf2-84b141fec270",
                "networkProviders": [
                    {
                        "id": "2d6622c0-d652-4ff8-b1b5-1e5137d57fcd",
                        "name": "ANSUT"
                    }
                ],
                "status": "operational",
                "transmissionMediumOwner": {
                    "id": "bdcb72d1-cb46-48d9-9f9f-200c43cc4fb5",
                    "name": "ANSUT"
                },
                "network": {
                    "id": "326b3180-1be3-4e2e-b6a0-c34c801e1503",
                    "name": "Réseau national haut débit",
                    "links": [
                        {
                            "rel": "describedby",
                            "href": "https://standard.ofds.info/en/0__4__0/network-schema.json"
                        }
                    ]
                },
                "featureType": "node"
            }
        },
        {
            "type": "Feature",
            "geometry": {
                "type": "Point",
                "coordinates": [
                    -7.356564890195889,
                    4.429754520857989
                ]
            },
            "properties": {
                "name": "TAbou",
                "id": "9c36fe42-c215-478c-9f0e-c59cc032e974",
                "networkProviders": [
                    {
                        "id": "2d6622c0-d652-4ff8-b1b5-1e5137d57fcd",
                        "name": "ANSUT"
                    }
                ],
                "status": "operational",
                "transmissionMediumOwner": {
                    "id": "bdcb72d1-cb46-48d9-9f9f-200c43cc4fb5",
                    "name": "ANSUT"
                },
                "network": {
                    "id": "326b3180-1be3-4e2e-b6a0-c34c801e1503",
                    "name": "Réseau national haut débit",
                    "links": [
                        {
                            "rel": "describedby",
                            "href": "https://standard.ofds.info/en/0__4__0/network-schema.json"
                        }
                    ]
                },
                "featureType": "node"
            }
        },
        {
            "type": "Feature",
            "geometry": {
                "type": "Point",
                "coordinates": [
                    -7.015001702653087,
                    4.687228927431285
                ]
            },
            "properties": {
                "name": "Hannie",
                "id": "9f9bb8ad-e489-4ef7-aeb6-7f2bef221e15",
                "networkProviders": [
                    {
                        "id": "2d6622c0-d652-4ff8-b1b5-1e5137d57fcd",
                        "name": "ANSUT"
                    }
                ],
                "status": "operational",
                "transmissionMediumOwner": {
                    "id": "bdcb72d1-cb46-48d9-9f9f-200c43cc4fb5",
                    "name": "ANSUT"
                },
                "network": {
                    "id": "326b3180-1be3-4e2e-b6a0-c34c801e1503",
                    "name": "Réseau national haut débit",
                    "links": [
                        {
                            "rel": "describedby",
                            "href": "https://standard.ofds.info/en/0__4__0/network-schema.json"
                        }
                    ]
                },
                "featureType": "node"
            }
        },
        {
            "type": "Feature",
            "geometry": {
                "type": "Point",
                "coordinates": [
                    -7.471547873853782,
                    4.71499631813887
                ]
            },
            "properties": {
                "name": "Olodio",
                "id": "88ab43cc-0e63-486d-9b2a-c21cbcc1f998",
                "networkProviders": [
                    {
                        "id": "2d6622c0-d652-4ff8-b1b5-1e5137d57fcd",
                        "name": "ANSUT"
                    }
                ],
                "status": "operational",
                "transmissionMediumOwner": {
                    "id": "bdcb72d1-cb46-48d9-9f9f-200c43cc4fb5",
                    "name": "ANSUT"
                },
                "network": {
                    "id": "326b3180-1be3-4e2e-b6a0-c34c801e1503",
                    "name": "Réseau national haut débit",
                    "links": [
                        {
                            "rel": "describedby",
                            "href": "https://standard.ofds.info/en/0__4__0/network-schema.json"
                        }
                    ]
                },
                "featureType": "node"
            }
        },
        {
            "type": "Feature",
            "geometry": {
                "type": "Point",
                "coordinates": [
                    -7.498620076084512,
                    4.926169461626198
                ]
            },
            "properties": {
                "name": "Grabo",
                "id": "1fcebdf8-2286-469e-8727-cc636b17d2f6",
                "networkProviders": [
                    {
                        "id": "2d6622c0-d652-4ff8-b1b5-1e5137d57fcd",
                        "name": "ANSUT"
                    }
                ],
                "status": "operational",
                "transmissionMediumOwner": {
                    "id": "bdcb72d1-cb46-48d9-9f9f-200c43cc4fb5",
                    "name": "ANSUT"
                },
                "network": {
                    "id": "326b3180-1be3-4e2e-b6a0-c34c801e1503",
                    "name": "Réseau national haut débit",
                    "links": [
                        {
                            "rel": "describedby",
                            "href": "https://standard.ofds.info/en/0__4__0/network-schema.json"
                        }
                    ]
                },
                "featureType": "node"
            }
        },
        {
            "type": "Feature",
            "geometry": {
                "type": "Point",
                "coordinates": [
                    -7.37117322132437,
                    5.168878090077172
                ]
            },
            "properties": {
                "name": "Hannie",
                "id": "9e8d5bfa-838d-4b36-8725-5d8f0f078f71",
                "networkProviders": [
                    {
                        "id": "2d6622c0-d652-4ff8-b1b5-1e5137d57fcd",
                        "name": "ANSUT"
                    }
                ],
                "status": "operational",
                "transmissionMediumOwner": {
                    "id": "bdcb72d1-cb46-48d9-9f9f-200c43cc4fb5",
                    "name": "ANSUT"
                },
                "network": {
                    "id": "326b3180-1be3-4e2e-b6a0-c34c801e1503",
                    "name": "Réseau national haut débit",
                    "links": [
                        {
                            "rel": "describedby",
                            "href": "https://standard.ofds.info/en/0__4__0/network-schema.json"
                        }
                    ]
                },
                "featureType": "node"
            }
        },
        {
            "type": "Feature",
            "geometry": {
                "type": "Point",
                "coordinates": [
                    -7.332322734093525,
                    5.516143612605598
                ]
            },
            "properties": {
                "name": "Para",
                "id": "a77c0637-7938-4b8f-bd10-fdaaed27ca3e",
                "networkProviders": [
                    {
                        "id": "2d6622c0-d652-4ff8-b1b5-1e5137d57fcd",
                        "name": "ANSUT"
                    }
                ],
                "status": "operational",
                "transmissionMediumOwner": {
                    "id": "bdcb72d1-cb46-48d9-9f9f-200c43cc4fb5",
                    "name": "ANSUT"
                },
                "network": {
                    "id": "326b3180-1be3-4e2e-b6a0-c34c801e1503",
                    "name": "Réseau national haut débit",
                    "links": [
                        {
                            "rel": "describedby",
                            "href": "https://standard.ofds.info/en/0__4__0/network-schema.json"
                        }
                    ]
                },
                "featureType": "node"
            }
        },
        {
            "type": "Feature",
            "geometry": {
                "type": "Point",
                "coordinates": [
                    -7.455227764080058,
                    5.875269889120736
                ]
            },
            "properties": {
                "name": "Tai",
                "id": "c9638c11-a95c-438d-ba12-5aff8c05a062",
                "networkProviders": [
                    {
                        "id": "2d6622c0-d652-4ff8-b1b5-1e5137d57fcd",
                        "name": "ANSUT"
                    }
                ],
                "status": "operational",
                "transmissionMediumOwner": {
                    "id": "bdcb72d1-cb46-48d9-9f9f-200c43cc4fb5",
                    "name": "ANSUT"
                },
                "network": {
                    "id": "326b3180-1be3-4e2e-b6a0-c34c801e1503",
                    "name": "Réseau national haut débit",
                    "links": [
                        {
                            "rel": "describedby",
                            "href": "https://standard.ofds.info/en/0__4__0/network-schema.json"
                        }
                    ]
                },
                "featureType": "node"
            }
        },
        {
            "type": "Feature",
            "geometry": {
                "type": "Point",
                "coordinates": [
                    -7.490966948988609,
                    6.210242965707525
                ]
            },
            "properties": {
                "name": "Zagne",
                "id": "d1a74fa0-c633-4223-810c-e8ce2e429536",
                "networkProviders": [
                    {
                        "id": "2d6622c0-d652-4ff8-b1b5-1e5137d57fcd",
                        "name": "ANSUT"
                    }
                ],
                "status": "operational",
                "transmissionMediumOwner": {
                    "id": "bdcb72d1-cb46-48d9-9f9f-200c43cc4fb5",
                    "name": "ANSUT"
                },
                "network": {
                    "id": "326b3180-1be3-4e2e-b6a0-c34c801e1503",
                    "name": "Réseau national haut débit",
                    "links": [
                        {
                            "rel": "describedby",
                            "href": "https://standard.ofds.info/en/0__4__0/network-schema.json"
                        }
                    ]
                },
                "featureType": "node"
            }
        },
        {
            "type": "Feature",
            "geometry": {
                "type": "Point",
                "coordinates": [
                    -7.49753111737599,
                    6.546272126231689
                ]
            },
            "properties": {
                "name": "Guiglo",
                "id": "d392afa6-f98a-4eef-a64d-bcd31f5c98eb",
                "networkProviders": [
                    {
                        "id": "2d6622c0-d652-4ff8-b1b5-1e5137d57fcd",
                        "name": "ANSUT"
                    }
                ],
                "status": "operational",
                "transmissionMediumOwner": {
                    "id": "bdcb72d1-cb46-48d9-9f9f-200c43cc4fb5",
                    "name": "ANSUT"
                },
                "network": {
                    "id": "326b3180-1be3-4e2e-b6a0-c34c801e1503",
                    "name": "Réseau national haut débit",
                    "links": [
                        {
                            "rel": "describedby",
                            "href": "https://standard.ofds.info/en/0__4__0/network-schema.json"
                        }
                    ]
                },
                "featureType": "node"
            }
        },
        {
            "type": "Feature",
            "geometry": {
                "type": "Point",
                "coordinates": [
                    -7.355832579393651,
                    6.750666188184682
                ]
            },
            "properties": {
                "name": "Duékoué",
                "id": "d0540863-332c-4742-8d8c-04ddf2108630",
                "networkProviders": [
                    {
                        "id": "2d6622c0-d652-4ff8-b1b5-1e5137d57fcd",
                        "name": "ANSUT"
                    }
                ],
                "status": "operational",
                "transmissionMediumOwner": {
                    "id": "bdcb72d1-cb46-48d9-9f9f-200c43cc4fb5",
                    "name": "ANSUT"
                },
                "network": {
                    "id": "326b3180-1be3-4e2e-b6a0-c34c801e1503",
                    "name": "Réseau national haut débit",
                    "links": [
                        {
                            "rel": "describedby",
                            "href": "https://standard.ofds.info/en/0__4__0/network-schema.json"
                        }
                    ]
                },
                "featureType": "node"
            }
        },
        {
            "type": "Feature",
            "geometry": {
                "type": "Point",
                "coordinates": [
                    -7.834367852950118,
                    6.552945638492673
                ]
            },
            "properties": {
                "name": "Zeaglo",
                "id": "34a382f1-099b-465a-8c49-d09cf9eba6e1",
                "networkProviders": [
                    {
                        "id": "2d6622c0-d652-4ff8-b1b5-1e5137d57fcd",
                        "name": "ANSUT"
                    }
                ],
                "status": "operational",
                "transmissionMediumOwner": {
                    "id": "bdcb72d1-cb46-48d9-9f9f-200c43cc4fb5",
                    "name": "ANSUT"
                },
                "network": {
                    "id": "326b3180-1be3-4e2e-b6a0-c34c801e1503",
                    "name": "Réseau national haut débit",
                    "links": [
                        {
                            "rel": "describedby",
                            "href": "https://standard.ofds.info/en/0__4__0/network-schema.json"
                        }
                    ]
                },
                "featureType": "node"
            }
        },
        {
            "type": "Feature",
            "geometry": {
                "type": "Point",
                "coordinates": [
                    -8.00266287982753,
                    6.571375864544972
                ]
            },
            "properties": {
                "name": "Blolequin",
                "id": "e84a5a59-d9c2-48ce-8901-f5158e85df7d",
                "networkProviders": [
                    {
                        "id": "2d6622c0-d652-4ff8-b1b5-1e5137d57fcd",
                        "name": "ANSUT"
                    }
                ],
                "status": "operational",
                "transmissionMediumOwner": {
                    "id": "bdcb72d1-cb46-48d9-9f9f-200c43cc4fb5",
                    "name": "ANSUT"
                },
                "network": {
                    "id": "326b3180-1be3-4e2e-b6a0-c34c801e1503",
                    "name": "Réseau national haut débit",
                    "links": [
                        {
                            "rel": "describedby",
                            "href": "https://standard.ofds.info/en/0__4__0/network-schema.json"
                        }
                    ]
                },
                "featureType": "node"
            }
        },
        {
            "type": "Feature",
            "geometry": {
                "type": "Point",
                "coordinates": [
                    -8.41161514340265,
                    6.579988642480235
                ]
            },
            "properties": {
                "name": "Toulépleu",
                "id": "fa0534bf-d39f-441a-a8db-4815b56867bf",
                "networkProviders": [
                    {
                        "id": "2d6622c0-d652-4ff8-b1b5-1e5137d57fcd",
                        "name": "ANSUT"
                    }
                ],
                "status": "operational",
                "transmissionMediumOwner": {
                    "id": "bdcb72d1-cb46-48d9-9f9f-200c43cc4fb5",
                    "name": "ANSUT"
                },
                "network": {
                    "id": "326b3180-1be3-4e2e-b6a0-c34c801e1503",
                    "name": "Réseau national haut débit",
                    "links": [
                        {
                            "rel": "describedby",
                            "href": "https://standard.ofds.info/en/0__4__0/network-schema.json"
                        }
                    ]
                },
                "featureType": "node"
            }
        },
        {
            "type": "Feature",
            "geometry": {
                "type": "Point",
                "coordinates": [
                    -8.207192606133031,
                    6.920651457141957
                ]
            },
            "properties": {
                "name": "Zouan-Hounien",
                "id": "2223bfcf-cc1d-4d3e-9862-3c3e9466668d",
                "networkProviders": [
                    {
                        "id": "2d6622c0-d652-4ff8-b1b5-1e5137d57fcd",
                        "name": "ANSUT"
                    }
                ],
                "status": "operational",
                "transmissionMediumOwner": {
                    "id": "bdcb72d1-cb46-48d9-9f9f-200c43cc4fb5",
                    "name": "ANSUT"
                },
                "network": {
                    "id": "326b3180-1be3-4e2e-b6a0-c34c801e1503",
                    "name": "Réseau national haut débit",
                    "links": [
                        {
                            "rel": "describedby",
                            "href": "https://standard.ofds.info/en/0__4__0/network-schema.json"
                        }
                    ]
                },
                "featureType": "node"
            }
        },
        {
            "type": "Feature",
            "geometry": {
                "type": "Point",
                "coordinates": [
                    -8.142768064463446,
                    7.260929471220539
                ]
            },
            "properties": {
                "name": "Danané",
                "id": "9af8d6a9-965b-4e94-8f45-0f1da4eb18e2",
                "networkProviders": [
                    {
                        "id": "2d6622c0-d652-4ff8-b1b5-1e5137d57fcd",
                        "name": "ANSUT"
                    }
                ],
                "status": "operational",
                "transmissionMediumOwner": {
                    "id": "bdcb72d1-cb46-48d9-9f9f-200c43cc4fb5",
                    "name": "ANSUT"
                },
                "network": {
                    "id": "326b3180-1be3-4e2e-b6a0-c34c801e1503",
                    "name": "Réseau national haut débit",
                    "links": [
                        {
                            "rel": "describedby",
                            "href": "https://standard.ofds.info/en/0__4__0/network-schema.json"
                        }
                    ]
                },
                "featureType": "node"
            }
        },
        {
            "type": "Feature",
            "geometry": {
                "type": "Point",
                "coordinates": [
                    -8.328993608808156,
                    7.226969962839505
                ]
            },
            "properties": {
                "name": "Saleu",
                "id": "02e0e4ac-35fb-468e-ae31-b38c3278a087",
                "networkProviders": [
                    {
                        "id": "2d6622c0-d652-4ff8-b1b5-1e5137d57fcd",
                        "name": "ANSUT"
                    }
                ],
                "status": "operational",
                "transmissionMediumOwner": {
                    "id": "bdcb72d1-cb46-48d9-9f9f-200c43cc4fb5",
                    "name": "ANSUT"
                },
                "network": {
                    "id": "326b3180-1be3-4e2e-b6a0-c34c801e1503",
                    "name": "Réseau national haut débit",
                    "links": [
                        {
                            "rel": "describedby",
                            "href": "https://standard.ofds.info/en/0__4__0/network-schema.json"
                        }
                    ]
                },
                "featureType": "node"
            }
        },
        {
            "type": "Feature",
            "geometry": {
                "type": "Point",
                "coordinates": [
                    -8.36177233083986,
                    7.253991816734787
                ]
            },
            "properties": {
                "name": "Liberia Border",
                "id": "7fa51ce9-3bd6-4c70-8322-6bcc3016d58f",
                "networkProviders": [
                    {
                        "id": "2d6622c0-d652-4ff8-b1b5-1e5137d57fcd",
                        "name": "ANSUT"
                    }
                ],
                "status": "operational",
                "transmissionMediumOwner": {
                    "id": "bdcb72d1-cb46-48d9-9f9f-200c43cc4fb5",
                    "name": "ANSUT"
                },
                "network": {
                    "id": "326b3180-1be3-4e2e-b6a0-c34c801e1503",
                    "name": "Réseau national haut débit",
                    "links": [
                        {
                            "rel": "describedby",
                            "href": "https://standard.ofds.info/en/0__4__0/network-schema.json"
                        }
                    ]
                },
                "featureType": "node"
            }
        },
        {
            "type": "Feature",
            "geometry": {
                "type": "Point",
                "coordinates": [
                    -7.777109995519796,
                    7.276450102380159
                ]
            },
            "properties": {
                "name": "Sangouiné",
                "id": "56fcd73c-81dd-4770-8217-0fd9c5578096",
                "networkProviders": [
                    {
                        "id": "2d6622c0-d652-4ff8-b1b5-1e5137d57fcd",
                        "name": "ANSUT"
                    }
                ],
                "status": "operational",
                "transmissionMediumOwner": {
                    "id": "bdcb72d1-cb46-48d9-9f9f-200c43cc4fb5",
                    "name": "ANSUT"
                },
                "network": {
                    "id": "326b3180-1be3-4e2e-b6a0-c34c801e1503",
                    "name": "Réseau national haut débit",
                    "links": [
                        {
                            "rel": "describedby",
                            "href": "https://standard.ofds.info/en/0__4__0/network-schema.json"
                        }
                    ]
                },
                "featureType": "node"
            }
        },
        {
            "type": "Feature",
            "geometry": {
                "type": "Point",
                "coordinates": [
                    -7.557370783229747,
                    7.406983259963858
                ]
            },
            "properties": {
                "name": "Man",
                "id": "0cb19ed6-684a-4de5-8dac-7a1150852bff",
                "networkProviders": [
                    {
                        "id": "2d6622c0-d652-4ff8-b1b5-1e5137d57fcd",
                        "name": "ANSUT"
                    }
                ],
                "status": "operational",
                "transmissionMediumOwner": {
                    "id": "bdcb72d1-cb46-48d9-9f9f-200c43cc4fb5",
                    "name": "ANSUT"
                },
                "network": {
                    "id": "326b3180-1be3-4e2e-b6a0-c34c801e1503",
                    "name": "Réseau national haut débit",
                    "links": [
                        {
                            "rel": "describedby",
                            "href": "https://standard.ofds.info/en/0__4__0/network-schema.json"
                        }
                    ]
                },
                "featureType": "node"
            }
        },
        {
            "type": "Feature",
            "geometry": {
                "type": "Point",
                "coordinates": [
                    -7.622597024186238,
                    7.741518804596726
                ]
            },
            "properties": {
                "name": "Blankouma",
                "id": "1b3b7d2f-82a8-4f38-8f85-8f0f7c74a987",
                "networkProviders": [
                    {
                        "id": "2d6622c0-d652-4ff8-b1b5-1e5137d57fcd",
                        "name": "ANSUT"
                    }
                ],
                "status": "operational",
                "transmissionMediumOwner": {
                    "id": "bdcb72d1-cb46-48d9-9f9f-200c43cc4fb5",
                    "name": "ANSUT"
                },
                "network": {
                    "id": "326b3180-1be3-4e2e-b6a0-c34c801e1503",
                    "name": "Réseau national haut débit",
                    "links": [
                        {
                            "rel": "describedby",
                            "href": "https://standard.ofds.info/en/0__4__0/network-schema.json"
                        }
                    ]
                },
                "featureType": "node"
            }
        },
        {
            "type": "Feature",
            "geometry": {
                "type": "Point",
                "coordinates": [
                    -7.467341725753128,
                    8.556207136612437
                ]
            },
            "properties": {
                "name": "Koro",
                "id": "0b62cbcc-78e7-4115-a304-0c96567fcc1a",
                "networkProviders": [
                    {
                        "id": "2d6622c0-d652-4ff8-b1b5-1e5137d57fcd",
                        "name": "ANSUT"
                    }
                ],
                "status": "operational",
                "transmissionMediumOwner": {
                    "id": "bdcb72d1-cb46-48d9-9f9f-200c43cc4fb5",
                    "name": "ANSUT"
                },
                "network": {
                    "id": "326b3180-1be3-4e2e-b6a0-c34c801e1503",
                    "name": "Réseau national haut débit",
                    "links": [
                        {
                            "rel": "describedby",
                            "href": "https://standard.ofds.info/en/0__4__0/network-schema.json"
                        }
                    ]
                },
                "featureType": "node"
            }
        },
        {
            "type": "Feature",
            "geometry": {
                "type": "Point",
                "coordinates": [
                    -7.626965106920357,
                    7.522496988861802
                ]
            },
            "properties": {
                "name": "Gbatongouin",
                "id": "08b2a17c-74bb-4fa0-a8dd-dbf3c1b1e59a",
                "networkProviders": [
                    {
                        "id": "2d6622c0-d652-4ff8-b1b5-1e5137d57fcd",
                        "name": "ANSUT"
                    }
                ],
                "status": "operational",
                "transmissionMediumOwner": {
                    "id": "bdcb72d1-cb46-48d9-9f9f-200c43cc4fb5",
                    "name": "ANSUT"
                },
                "network": {
                    "id": "326b3180-1be3-4e2e-b6a0-c34c801e1503",
                    "name": "Réseau national haut débit",
                    "links": [
                        {
                            "rel": "describedby",
                            "href": "https://standard.ofds.info/en/0__4__0/network-schema.json"
                        }
                    ]
                },
                "featureType": "node"
            }
        },
        {
            "type": "Feature",
            "geometry": {
                "type": "Point",
                "coordinates": [
                    -7.671596278128904,
                    8.275553998919008
                ]
            },
            "properties": {
                "name": "Touba",
                "id": "0238e437-4852-4ec1-8d4a-ecace45adb8e",
                "networkProviders": [
                    {
                        "id": "2d6622c0-d652-4ff8-b1b5-1e5137d57fcd",
                        "name": "ANSUT"
                    }
                ],
                "status": "operational",
                "transmissionMediumOwner": {
                    "id": "bdcb72d1-cb46-48d9-9f9f-200c43cc4fb5",
                    "name": "ANSUT"
                },
                "network": {
                    "id": "326b3180-1be3-4e2e-b6a0-c34c801e1503",
                    "name": "Réseau national haut débit",
                    "links": [
                        {
                            "rel": "describedby",
                            "href": "https://standard.ofds.info/en/0__4__0/network-schema.json"
                        }
                    ]
                },
                "featureType": "node"
            }
        },
        {
            "type": "Feature",
            "geometry": {
                "type": "Point",
                "coordinates": [
                    -7.541527635300054,
                    8.881993086689327
                ]
            },
            "properties": {
                "name": "Mamoya",
                "id": "21976c6a-aca8-40fe-9a82-678bc0281fc8",
                "networkProviders": [
                    {
                        "id": "2d6622c0-d652-4ff8-b1b5-1e5137d57fcd",
                        "name": "ANSUT"
                    }
                ],
                "status": "operational",
                "transmissionMediumOwner": {
                    "id": "bdcb72d1-cb46-48d9-9f9f-200c43cc4fb5",
                    "name": "ANSUT"
                },
                "network": {
                    "id": "326b3180-1be3-4e2e-b6a0-c34c801e1503",
                    "name": "Réseau national haut débit",
                    "links": [
                        {
                            "rel": "describedby",
                            "href": "https://standard.ofds.info/en/0__4__0/network-schema.json"
                        }
                    ]
                },
                "featureType": "node"
            }
        },
        {
            "type": "Feature",
            "geometry": {
                "type": "Point",
                "coordinates": [
                    -7.675403819253193,
                    7.954855762518389
                ]
            },
            "properties": {
                "name": "Goh",
                "id": "7680a885-a3ea-4ae3-81f6-1778f41f8717",
                "networkProviders": [
                    {
                        "id": "2d6622c0-d652-4ff8-b1b5-1e5137d57fcd",
                        "name": "ANSUT"
                    }
                ],
                "status": "operational",
                "transmissionMediumOwner": {
                    "id": "bdcb72d1-cb46-48d9-9f9f-200c43cc4fb5",
                    "name": "ANSUT"
                },
                "network": {
                    "id": "326b3180-1be3-4e2e-b6a0-c34c801e1503",
                    "name": "Réseau national haut débit",
                    "links": [
                        {
                            "rel": "describedby",
                            "href": "https://standard.ofds.info/en/0__4__0/network-schema.json"
                        }
                    ]
                },
                "featureType": "node"
            }
        },
        {
            "type": "Feature",
            "geometry": {
                "type": "Point",
                "coordinates": [
                    -7.607340422873183,
                    9.141105295545938
                ]
            },
            "properties": {
                "name": "Bako",
                "id": "eb201b3d-0da1-4dff-a76a-9646c58bee95",
                "networkProviders": [
                    {
                        "id": "2d6622c0-d652-4ff8-b1b5-1e5137d57fcd",
                        "name": "ANSUT"
                    }
                ],
                "status": "operational",
                "transmissionMediumOwner": {
                    "id": "bdcb72d1-cb46-48d9-9f9f-200c43cc4fb5",
                    "name": "ANSUT"
                },
                "network": {
                    "id": "326b3180-1be3-4e2e-b6a0-c34c801e1503",
                    "name": "Réseau national haut débit",
                    "links": [
                        {
                            "rel": "describedby",
                            "href": "https://standard.ofds.info/en/0__4__0/network-schema.json"
                        }
                    ]
                },
                "featureType": "node"
            }
        },
        {
            "type": "Feature",
            "geometry": {
                "type": "Point",
                "coordinates": [
                    -7.566208376437323,
                    9.507162767412618
                ]
            },
            "properties": {
                "name": "Odienne",
                "id": "5a53ee60-bb6f-4248-8299-3e6b6b078458",
                "networkProviders": [
                    {
                        "id": "2d6622c0-d652-4ff8-b1b5-1e5137d57fcd",
                        "name": "ANSUT"
                    }
                ],
                "status": "operational",
                "transmissionMediumOwner": {
                    "id": "bdcb72d1-cb46-48d9-9f9f-200c43cc4fb5",
                    "name": "ANSUT"
                },
                "network": {
                    "id": "326b3180-1be3-4e2e-b6a0-c34c801e1503",
                    "name": "Réseau national haut débit",
                    "links": [
                        {
                            "rel": "describedby",
                            "href": "https://standard.ofds.info/en/0__4__0/network-schema.json"
                        }
                    ]
                },
                "featureType": "node"
            }
        },
        {
            "type": "Feature",
            "geometry": {
                "type": "Point",
                "coordinates": [
                    -7.699971283464111,
                    9.49489604087656
                ]
            },
            "properties": {
                "name": "Nyamaso",
                "id": "f33b3ada-78fa-49e4-8492-325afb11cd68",
                "networkProviders": [
                    {
                        "id": "2d6622c0-d652-4ff8-b1b5-1e5137d57fcd",
                        "name": "ANSUT"
                    }
                ],
                "status": "operational",
                "transmissionMediumOwner": {
                    "id": "bdcb72d1-cb46-48d9-9f9f-200c43cc4fb5",
                    "name": "ANSUT"
                },
                "network": {
                    "id": "326b3180-1be3-4e2e-b6a0-c34c801e1503",
                    "name": "Réseau national haut débit",
                    "links": [
                        {
                            "rel": "describedby",
                            "href": "https://standard.ofds.info/en/0__4__0/network-schema.json"
                        }
                    ]
                },
                "featureType": "node"
            }
        },
        {
            "type": "Feature",
            "geometry": {
                "type": "Point",
                "coordinates": [
                    -7.223376220026499,
                    9.558688925291175
                ]
            },
            "properties": {
                "name": "Seguebe",
                "id": "402ac722-32ce-4af8-b54e-fcab9b004186",
                "networkProviders": [
                    {
                        "id": "2d6622c0-d652-4ff8-b1b5-1e5137d57fcd",
                        "name": "ANSUT"
                    }
                ],
                "status": "operational",
                "transmissionMediumOwner": {
                    "id": "bdcb72d1-cb46-48d9-9f9f-200c43cc4fb5",
                    "name": "ANSUT"
                },
                "network": {
                    "id": "326b3180-1be3-4e2e-b6a0-c34c801e1503",
                    "name": "Réseau national haut débit",
                    "links": [
                        {
                            "rel": "describedby",
                            "href": "https://standard.ofds.info/en/0__4__0/network-schema.json"
                        }
                    ]
                },
                "featureType": "node"
            }
        },
        {
            "type": "Feature",
            "geometry": {
                "type": "Point",
                "coordinates": [
                    -7.610958050500152,
                    9.70515008163843
                ]
            },
            "properties": {
                "name": "Kimbirilla, Sud",
                "id": "e43d902c-90c0-460c-8638-cf4aa2874ad8",
                "networkProviders": [
                    {
                        "id": "2d6622c0-d652-4ff8-b1b5-1e5137d57fcd",
                        "name": "ANSUT"
                    }
                ],
                "status": "operational",
                "transmissionMediumOwner": {
                    "id": "bdcb72d1-cb46-48d9-9f9f-200c43cc4fb5",
                    "name": "ANSUT"
                },
                "network": {
                    "id": "326b3180-1be3-4e2e-b6a0-c34c801e1503",
                    "name": "Réseau national haut débit",
                    "links": [
                        {
                            "rel": "describedby",
                            "href": "https://standard.ofds.info/en/0__4__0/network-schema.json"
                        }
                    ]
                },
                "featureType": "node"
            }
        },
        {
            "type": "Feature",
            "geometry": {
                "type": "Point",
                "coordinates": [
                    -7.731487099402057,
                    9.826406006186083
                ]
            },
            "properties": {
                "name": "Feredougou",
                "id": "b0528ab3-ac8e-4924-9f7d-4072bf0c0457",
                "networkProviders": [
                    {
                        "id": "2d6622c0-d652-4ff8-b1b5-1e5137d57fcd",
                        "name": "ANSUT"
                    }
                ],
                "status": "operational",
                "transmissionMediumOwner": {
                    "id": "bdcb72d1-cb46-48d9-9f9f-200c43cc4fb5",
                    "name": "ANSUT"
                },
                "network": {
                    "id": "326b3180-1be3-4e2e-b6a0-c34c801e1503",
                    "name": "Réseau national haut débit",
                    "links": [
                        {
                            "rel": "describedby",
                            "href": "https://standard.ofds.info/en/0__4__0/network-schema.json"
                        }
                    ]
                },
                "featureType": "node"
            }
        },
        {
            "type": "Feature",
            "geometry": {
                "type": "Point",
                "coordinates": [
                    -7.980134041040914,
                    9.494729486040708
                ]
            },
            "properties": {
                "name": "Seydougou",
                "id": "254508f7-aaa4-41c6-9ad5-6b0c43cdbb7e",
                "networkProviders": [
                    {
                        "id": "2d6622c0-d652-4ff8-b1b5-1e5137d57fcd",
                        "name": "ANSUT"
                    }
                ],
                "status": "operational",
                "transmissionMediumOwner": {
                    "id": "bdcb72d1-cb46-48d9-9f9f-200c43cc4fb5",
                    "name": "ANSUT"
                },
                "network": {
                    "id": "326b3180-1be3-4e2e-b6a0-c34c801e1503",
                    "name": "Réseau national haut débit",
                    "links": [
                        {
                            "rel": "describedby",
                            "href": "https://standard.ofds.info/en/0__4__0/network-schema.json"
                        }
                    ]
                },
                "featureType": "node"
            }
        },
        {
            "type": "Feature",
            "geometry": {
                "type": "Point",
                "coordinates": [
                    -8.134585241110443,
                    9.584321869611246
                ]
            },
            "properties": {
                "name": "Gbeleban",
                "id": "fe50c3fa-9ec4-434c-b9a0-dec861f88366",
                "networkProviders": [
                    {
                        "id": "2d6622c0-d652-4ff8-b1b5-1e5137d57fcd",
                        "name": "ANSUT"
                    }
                ],
                "status": "operational",
                "transmissionMediumOwner": {
                    "id": "bdcb72d1-cb46-48d9-9f9f-200c43cc4fb5",
                    "name": "ANSUT"
                },
                "network": {
                    "id": "326b3180-1be3-4e2e-b6a0-c34c801e1503",
                    "name": "Réseau national haut débit",
                    "links": [
                        {
                            "rel": "describedby",
                            "href": "https://standard.ofds.info/en/0__4__0/network-schema.json"
                        }
                    ]
                },
                "featureType": "node"
            }
        },
        {
            "type": "Feature",
            "geometry": {
                "type": "Point",
                "coordinates": [
                    -8.006784284594758,
                    10.10262182944172
                ]
            },
            "properties": {
                "name": "Guinea Border",
                "id": "2a74a1f9-2b84-49b9-9136-00c90656cd57",
                "networkProviders": [
                    {
                        "id": "2d6622c0-d652-4ff8-b1b5-1e5137d57fcd",
                        "name": "ANSUT"
                    }
                ],
                "status": "operational",
                "transmissionMediumOwner": {
                    "id": "bdcb72d1-cb46-48d9-9f9f-200c43cc4fb5",
                    "name": "ANSUT"
                },
                "network": {
                    "id": "326b3180-1be3-4e2e-b6a0-c34c801e1503",
                    "name": "Réseau national haut débit",
                    "links": [
                        {
                            "rel": "describedby",
                            "href": "https://standard.ofds.info/en/0__4__0/network-schema.json"
                        }
                    ]
                },
                "featureType": "node"
            }
        },
        {
            "type": "Feature",
            "geometry": {
                "type": "Point",
                "coordinates": [
                    -7.628822484128647,
                    9.717532300517352
                ]
            },
            "properties": {
                "name": "Samatiguila",
                "id": "d736a846-38a1-4b3e-b488-094d2c9b6078",
                "networkProviders": [
                    {
                        "id": "2d6622c0-d652-4ff8-b1b5-1e5137d57fcd",
                        "name": "ANSUT"
                    }
                ],
                "status": "operational",
                "transmissionMediumOwner": {
                    "id": "bdcb72d1-cb46-48d9-9f9f-200c43cc4fb5",
                    "name": "ANSUT"
                },
                "network": {
                    "id": "326b3180-1be3-4e2e-b6a0-c34c801e1503",
                    "name": "Réseau national haut débit",
                    "links": [
                        {
                            "rel": "describedby",
                            "href": "https://standard.ofds.info/en/0__4__0/network-schema.json"
                        }
                    ]
                },
                "featureType": "node"
            }
        },
        {
            "type": "Feature",
            "geometry": {
                "type": "Point",
                "coordinates": [
                    -7.835744525134647,
                    9.997339604610696
                ]
            },
            "properties": {
                "name": "Minignan",
                "id": "1b0fefa5-94eb-4700-8086-be9f604b915c",
                "networkProviders": [
                    {
                        "id": "2d6622c0-d652-4ff8-b1b5-1e5137d57fcd",
                        "name": "ANSUT"
                    }
                ],
                "status": "operational",
                "transmissionMediumOwner": {
                    "id": "bdcb72d1-cb46-48d9-9f9f-200c43cc4fb5",
                    "name": "ANSUT"
                },
                "network": {
                    "id": "326b3180-1be3-4e2e-b6a0-c34c801e1503",
                    "name": "Réseau national haut débit",
                    "links": [
                        {
                            "rel": "describedby",
                            "href": "https://standard.ofds.info/en/0__4__0/network-schema.json"
                        }
                    ]
                },
                "featureType": "node"
            }
        },
        {
            "type": "Feature",
            "geometry": {
                "type": "Point",
                "coordinates": [
                    -5.932984567933016,
                    6.306259507116216
                ]
            },
            "properties": {
                "name": "Ouragahio",
                "id": "f0b9f8a2-03f4-49c2-a6a2-f1cee6638c9a",
                "networkProviders": [
                    {
                        "id": "2d6622c0-d652-4ff8-b1b5-1e5137d57fcd",
                        "name": "ANSUT"
                    }
                ],
                "status": "operational",
                "transmissionMediumOwner": {
                    "id": "bdcb72d1-cb46-48d9-9f9f-200c43cc4fb5",
                    "name": "ANSUT"
                },
                "network": {
                    "id": "326b3180-1be3-4e2e-b6a0-c34c801e1503",
                    "name": "Réseau national haut débit",
                    "links": [
                        {
                            "rel": "describedby",
                            "href": "https://standard.ofds.info/en/0__4__0/network-schema.json"
                        }
                    ]
                },
                "featureType": "node"
            }
        },
        {
            "type": "Feature",
            "geometry": {
                "type": "Point",
                "coordinates": [
                    -5.575160904988792,
                    6.283415503105507
                ]
            },
            "properties": {
                "name": "Diégonéfla",
                "id": "e6348aa2-aa98-4d02-9c22-d8f90239328d",
                "networkProviders": [
                    {
                        "id": "2d6622c0-d652-4ff8-b1b5-1e5137d57fcd",
                        "name": "ANSUT"
                    }
                ],
                "status": "operational",
                "transmissionMediumOwner": {
                    "id": "bdcb72d1-cb46-48d9-9f9f-200c43cc4fb5",
                    "name": "ANSUT"
                },
                "network": {
                    "id": "326b3180-1be3-4e2e-b6a0-c34c801e1503",
                    "name": "Réseau national haut débit",
                    "links": [
                        {
                            "rel": "describedby",
                            "href": "https://standard.ofds.info/en/0__4__0/network-schema.json"
                        }
                    ]
                },
                "featureType": "node"
            }
        },
        {
            "type": "Feature",
            "geometry": {
                "type": "Point",
                "coordinates": [
                    -5.914572506141589,
                    6.622146767078233
                ]
            },
            "properties": {
                "name": "Sinfra",
                "id": "b9bdd8f6-e150-43af-94a5-93b161f2a8d1",
                "networkProviders": [
                    {
                        "id": "2d6622c0-d652-4ff8-b1b5-1e5137d57fcd",
                        "name": "ANSUT"
                    }
                ],
                "status": "operational",
                "transmissionMediumOwner": {
                    "id": "bdcb72d1-cb46-48d9-9f9f-200c43cc4fb5",
                    "name": "ANSUT"
                },
                "network": {
                    "id": "326b3180-1be3-4e2e-b6a0-c34c801e1503",
                    "name": "Réseau national haut débit",
                    "links": [
                        {
                            "rel": "describedby",
                            "href": "https://standard.ofds.info/en/0__4__0/network-schema.json"
                        }
                    ]
                },
                "featureType": "node"
            }
        },
        {
            "type": "Feature",
            "geometry": {
                "type": "Point",
                "coordinates": [
                    -6.275136847278515,
                    6.481870387297427
                ]
            },
            "properties": {
                "name": "Saiouia",
                "id": "22dfa369-20aa-4b33-bf36-2f5d87b90d45",
                "networkProviders": [
                    {
                        "id": "2d6622c0-d652-4ff8-b1b5-1e5137d57fcd",
                        "name": "ANSUT"
                    }
                ],
                "status": "operational",
                "transmissionMediumOwner": {
                    "id": "bdcb72d1-cb46-48d9-9f9f-200c43cc4fb5",
                    "name": "ANSUT"
                },
                "network": {
                    "id": "326b3180-1be3-4e2e-b6a0-c34c801e1503",
                    "name": "Réseau national haut débit",
                    "links": [
                        {
                            "rel": "describedby",
                            "href": "https://standard.ofds.info/en/0__4__0/network-schema.json"
                        }
                    ]
                },
                "featureType": "node"
            }
        },
        {
            "type": "Feature",
            "geometry": {
                "type": "Point",
                "coordinates": [
                    -6.583941005058564,
                    6.489025531753945
                ]
            },
            "properties": {
                "name": "Issia",
                "id": "f3f49c6e-24bf-47f9-9797-8733a5167680",
                "networkProviders": [
                    {
                        "id": "2d6622c0-d652-4ff8-b1b5-1e5137d57fcd",
                        "name": "ANSUT"
                    }
                ],
                "status": "operational",
                "transmissionMediumOwner": {
                    "id": "bdcb72d1-cb46-48d9-9f9f-200c43cc4fb5",
                    "name": "ANSUT"
                },
                "network": {
                    "id": "326b3180-1be3-4e2e-b6a0-c34c801e1503",
                    "name": "Réseau national haut débit",
                    "links": [
                        {
                            "rel": "describedby",
                            "href": "https://standard.ofds.info/en/0__4__0/network-schema.json"
                        }
                    ]
                },
                "featureType": "node"
            }
        },
        {
            "type": "Feature",
            "geometry": {
                "type": "Point",
                "coordinates": [
                    -5.607623615984878,
                    6.656666867877196
                ]
            },
            "properties": {
                "name": "Konefla",
                "id": "eeb5a49d-fe70-47a3-8370-a953418c5386",
                "networkProviders": [
                    {
                        "id": "2d6622c0-d652-4ff8-b1b5-1e5137d57fcd",
                        "name": "ANSUT"
                    }
                ],
                "status": "operational",
                "transmissionMediumOwner": {
                    "id": "bdcb72d1-cb46-48d9-9f9f-200c43cc4fb5",
                    "name": "ANSUT"
                },
                "network": {
                    "id": "326b3180-1be3-4e2e-b6a0-c34c801e1503",
                    "name": "Réseau national haut débit",
                    "links": [
                        {
                            "rel": "describedby",
                            "href": "https://standard.ofds.info/en/0__4__0/network-schema.json"
                        }
                    ]
                },
                "featureType": "node"
            }
        },
        {
            "type": "Feature",
            "geometry": {
                "type": "Point",
                "coordinates": [
                    -5.422118085801842,
                    6.381559959943123
                ]
            },
            "properties": {
                "name": "Oumé",
                "id": "a2b06fcf-ee34-4e25-af97-c749c4440ce3",
                "networkProviders": [
                    {
                        "id": "2d6622c0-d652-4ff8-b1b5-1e5137d57fcd",
                        "name": "ANSUT"
                    }
                ],
                "status": "operational",
                "transmissionMediumOwner": {
                    "id": "bdcb72d1-cb46-48d9-9f9f-200c43cc4fb5",
                    "name": "ANSUT"
                },
                "network": {
                    "id": "326b3180-1be3-4e2e-b6a0-c34c801e1503",
                    "name": "Réseau national haut débit",
                    "links": [
                        {
                            "rel": "describedby",
                            "href": "https://standard.ofds.info/en/0__4__0/network-schema.json"
                        }
                    ]
                },
                "featureType": "node"
            }
        },
        {
            "type": "Feature",
            "geometry": {
                "type": "Point",
                "coordinates": [
                    -6.445933283105734,
                    6.887865507256841
                ]
            },
            "properties": {
                "name": "Daloa",
                "id": "63c2e304-2a9f-42d8-a8a3-c9f1088b1e2c",
                "networkProviders": [
                    {
                        "id": "2d6622c0-d652-4ff8-b1b5-1e5137d57fcd",
                        "name": "ANSUT"
                    }
                ],
                "status": "operational",
                "transmissionMediumOwner": {
                    "id": "bdcb72d1-cb46-48d9-9f9f-200c43cc4fb5",
                    "name": "ANSUT"
                },
                "network": {
                    "id": "326b3180-1be3-4e2e-b6a0-c34c801e1503",
                    "name": "Réseau national haut débit",
                    "links": [
                        {
                            "rel": "describedby",
                            "href": "https://standard.ofds.info/en/0__4__0/network-schema.json"
                        }
                    ]
                },
                "featureType": "node"
            }
        },
        {
            "type": "Feature",
            "geometry": {
                "type": "Point",
                "coordinates": [
                    -6.467705931029841,
                    7.129496287444252
                ]
            },
            "properties": {
                "name": "Bonoufla",
                "id": "b144f5f4-35c6-4772-80a2-d90fe03660ac",
                "networkProviders": [
                    {
                        "id": "2d6622c0-d652-4ff8-b1b5-1e5137d57fcd",
                        "name": "ANSUT"
                    }
                ],
                "status": "operational",
                "transmissionMediumOwner": {
                    "id": "bdcb72d1-cb46-48d9-9f9f-200c43cc4fb5",
                    "name": "ANSUT"
                },
                "network": {
                    "id": "326b3180-1be3-4e2e-b6a0-c34c801e1503",
                    "name": "Réseau national haut débit",
                    "links": [
                        {
                            "rel": "describedby",
                            "href": "https://standard.ofds.info/en/0__4__0/network-schema.json"
                        }
                    ]
                },
                "featureType": "node"
            }
        },
        {
            "type": "Feature",
            "geometry": {
                "type": "Point",
                "coordinates": [
                    -6.498395060966185,
                    7.372357966423361
                ]
            },
            "properties": {
                "name": "Vavoua",
                "id": "b500729a-8360-4396-954d-e47b3c9db1d9",
                "networkProviders": [
                    {
                        "id": "2d6622c0-d652-4ff8-b1b5-1e5137d57fcd",
                        "name": "ANSUT"
                    }
                ],
                "status": "operational",
                "transmissionMediumOwner": {
                    "id": "bdcb72d1-cb46-48d9-9f9f-200c43cc4fb5",
                    "name": "ANSUT"
                },
                "network": {
                    "id": "326b3180-1be3-4e2e-b6a0-c34c801e1503",
                    "name": "Réseau national haut débit",
                    "links": [
                        {
                            "rel": "describedby",
                            "href": "https://standard.ofds.info/en/0__4__0/network-schema.json"
                        }
                    ]
                },
                "featureType": "node"
            }
        },
        {
            "type": "Feature",
            "geometry": {
                "type": "Point",
                "coordinates": [
                    -6.519316998683865,
                    7.608284472494282
                ]
            },
            "properties": {
                "name": "Bazranattis",
                "id": "80953254-ee94-4218-928c-ddfe2cdb7d45",
                "networkProviders": [
                    {
                        "id": "2d6622c0-d652-4ff8-b1b5-1e5137d57fcd",
                        "name": "ANSUT"
                    }
                ],
                "status": "operational",
                "transmissionMediumOwner": {
                    "id": "bdcb72d1-cb46-48d9-9f9f-200c43cc4fb5",
                    "name": "ANSUT"
                },
                "network": {
                    "id": "326b3180-1be3-4e2e-b6a0-c34c801e1503",
                    "name": "Réseau national haut débit",
                    "links": [
                        {
                            "rel": "describedby",
                            "href": "https://standard.ofds.info/en/0__4__0/network-schema.json"
                        }
                    ]
                },
                "featureType": "node"
            }
        },
        {
            "type": "Feature",
            "geometry": {
                "type": "Point",
                "coordinates": [
                    -5.499779586520509,
                    6.922053113466885
                ]
            },
            "properties": {
                "name": "Toumbokro",
                "id": "59fb6ae6-05ce-4161-b734-d3b474b24a1f",
                "networkProviders": [
                    {
                        "id": "2d6622c0-d652-4ff8-b1b5-1e5137d57fcd",
                        "name": "ANSUT"
                    }
                ],
                "status": "operational",
                "transmissionMediumOwner": {
                    "id": "bdcb72d1-cb46-48d9-9f9f-200c43cc4fb5",
                    "name": "ANSUT"
                },
                "network": {
                    "id": "326b3180-1be3-4e2e-b6a0-c34c801e1503",
                    "name": "Réseau national haut débit",
                    "links": [
                        {
                            "rel": "describedby",
                            "href": "https://standard.ofds.info/en/0__4__0/network-schema.json"
                        }
                    ]
                },
                "featureType": "node"
            }
        },
        {
            "type": "Feature",
            "geometry": {
                "type": "Point",
                "coordinates": [
                    -5.7417523103552055,
                    6.980602831152806
                ]
            },
            "properties": {
                "name": "Bouaflé",
                "id": "16d5fae6-7687-4d9f-97fe-e5b79f2bdcb5",
                "networkProviders": [
                    {
                        "id": "2d6622c0-d652-4ff8-b1b5-1e5137d57fcd",
                        "name": "ANSUT"
                    }
                ],
                "status": "operational",
                "transmissionMediumOwner": {
                    "id": "bdcb72d1-cb46-48d9-9f9f-200c43cc4fb5",
                    "name": "ANSUT"
                },
                "network": {
                    "id": "326b3180-1be3-4e2e-b6a0-c34c801e1503",
                    "name": "Réseau national haut débit",
                    "links": [
                        {
                            "rel": "describedby",
                            "href": "https://standard.ofds.info/en/0__4__0/network-schema.json"
                        }
                    ]
                },
                "featureType": "node"
            }
        },
        {
            "type": "Feature",
            "geometry": {
                "type": "Point",
                "coordinates": [
                    -5.277568764429103,
                    6.813548661397411
                ]
            },
            "properties": {
                "name": "Yamoussoukro",
                "id": "cf7fd241-7022-4b6b-962e-def8c3c738b7",
                "networkProviders": [
                    {
                        "id": "2d6622c0-d652-4ff8-b1b5-1e5137d57fcd",
                        "name": "ANSUT"
                    }
                ],
                "status": "operational",
                "transmissionMediumOwner": {
                    "id": "bdcb72d1-cb46-48d9-9f9f-200c43cc4fb5",
                    "name": "ANSUT"
                },
                "network": {
                    "id": "326b3180-1be3-4e2e-b6a0-c34c801e1503",
                    "name": "Réseau national haut débit",
                    "links": [
                        {
                            "rel": "describedby",
                            "href": "https://standard.ofds.info/en/0__4__0/network-schema.json"
                        }
                    ]
                },
                "featureType": "node"
            }
        },
        {
            "type": "Feature",
            "geometry": {
                "type": "Point",
                "coordinates": [
                    -5.853541754878881,
                    7.272921805361036
                ]
            },
            "properties": {
                "name": "Bouafla",
                "id": "56122498-3112-4576-b296-5af3cb7265bc",
                "networkProviders": [
                    {
                        "id": "2d6622c0-d652-4ff8-b1b5-1e5137d57fcd",
                        "name": "ANSUT"
                    }
                ],
                "status": "operational",
                "transmissionMediumOwner": {
                    "id": "bdcb72d1-cb46-48d9-9f9f-200c43cc4fb5",
                    "name": "ANSUT"
                },
                "network": {
                    "id": "326b3180-1be3-4e2e-b6a0-c34c801e1503",
                    "name": "Réseau national haut débit",
                    "links": [
                        {
                            "rel": "describedby",
                            "href": "https://standard.ofds.info/en/0__4__0/network-schema.json"
                        }
                    ]
                },
                "featureType": "node"
            }
        },
        {
            "type": "Feature",
            "geometry": {
                "type": "Point",
                "coordinates": [
                    -6.042529117281024,
                    7.43554635824125
                ]
            },
            "properties": {
                "name": "Zuénoula",
                "id": "68b417e9-a0d5-4b22-85a9-dfa762c4af88",
                "networkProviders": [
                    {
                        "id": "2d6622c0-d652-4ff8-b1b5-1e5137d57fcd",
                        "name": "ANSUT"
                    }
                ],
                "status": "operational",
                "transmissionMediumOwner": {
                    "id": "bdcb72d1-cb46-48d9-9f9f-200c43cc4fb5",
                    "name": "ANSUT"
                },
                "network": {
                    "id": "326b3180-1be3-4e2e-b6a0-c34c801e1503",
                    "name": "Réseau national haut débit",
                    "links": [
                        {
                            "rel": "describedby",
                            "href": "https://standard.ofds.info/en/0__4__0/network-schema.json"
                        }
                    ]
                },
                "featureType": "node"
            }
        },
        {
            "type": "Feature",
            "geometry": {
                "type": "Point",
                "coordinates": [
                    -6.081802223562679,
                    7.814514630651933
                ]
            },
            "properties": {
                "name": "Kongasso",
                "id": "6071f9c8-c2a4-4c15-b1d3-a1f79649fa4c",
                "networkProviders": [
                    {
                        "id": "2d6622c0-d652-4ff8-b1b5-1e5137d57fcd",
                        "name": "ANSUT"
                    }
                ],
                "status": "operational",
                "transmissionMediumOwner": {
                    "id": "bdcb72d1-cb46-48d9-9f9f-200c43cc4fb5",
                    "name": "ANSUT"
                },
                "network": {
                    "id": "326b3180-1be3-4e2e-b6a0-c34c801e1503",
                    "name": "Réseau national haut débit",
                    "links": [
                        {
                            "rel": "describedby",
                            "href": "https://standard.ofds.info/en/0__4__0/network-schema.json"
                        }
                    ]
                },
                "featureType": "node"
            }
        },
        {
            "type": "Feature",
            "geometry": {
                "type": "Point",
                "coordinates": [
                    -6.55743235545665,
                    8.053978552615781
                ]
            },
            "properties": {
                "name": "Siana",
                "id": "c40a1832-8a6c-43a7-a8b7-86b5e6154897",
                "networkProviders": [
                    {
                        "id": "2d6622c0-d652-4ff8-b1b5-1e5137d57fcd",
                        "name": "ANSUT"
                    }
                ],
                "status": "operational",
                "transmissionMediumOwner": {
                    "id": "bdcb72d1-cb46-48d9-9f9f-200c43cc4fb5",
                    "name": "ANSUT"
                },
                "network": {
                    "id": "326b3180-1be3-4e2e-b6a0-c34c801e1503",
                    "name": "Réseau national haut débit",
                    "links": [
                        {
                            "rel": "describedby",
                            "href": "https://standard.ofds.info/en/0__4__0/network-schema.json"
                        }
                    ]
                },
                "featureType": "node"
            }
        },
        {
            "type": "Feature",
            "geometry": {
                "type": "Point",
                "coordinates": [
                    -6.189646288825198,
                    8.060276334792977
                ]
            },
            "properties": {
                "name": "Mankono",
                "id": "586e7cc2-df87-41b4-a37d-ffc5030c8c4c",
                "networkProviders": [
                    {
                        "id": "2d6622c0-d652-4ff8-b1b5-1e5137d57fcd",
                        "name": "ANSUT"
                    }
                ],
                "status": "operational",
                "transmissionMediumOwner": {
                    "id": "bdcb72d1-cb46-48d9-9f9f-200c43cc4fb5",
                    "name": "ANSUT"
                },
                "network": {
                    "id": "326b3180-1be3-4e2e-b6a0-c34c801e1503",
                    "name": "Réseau national haut débit",
                    "links": [
                        {
                            "rel": "describedby",
                            "href": "https://standard.ofds.info/en/0__4__0/network-schema.json"
                        }
                    ]
                },
                "featureType": "node"
            }
        },
        {
            "type": "Feature",
            "geometry": {
                "type": "Point",
                "coordinates": [
                    -6.608873419095426,
                    8.183899128386804
                ]
            },
            "properties": {
                "name": "Diarabana",
                "id": "3fb4c43c-0bf6-4b0f-9df5-30756ee9ee90",
                "networkProviders": [
                    {
                        "id": "2d6622c0-d652-4ff8-b1b5-1e5137d57fcd",
                        "name": "ANSUT"
                    }
                ],
                "status": "operational",
                "transmissionMediumOwner": {
                    "id": "bdcb72d1-cb46-48d9-9f9f-200c43cc4fb5",
                    "name": "ANSUT"
                },
                "network": {
                    "id": "326b3180-1be3-4e2e-b6a0-c34c801e1503",
                    "name": "Réseau national haut débit",
                    "links": [
                        {
                            "rel": "describedby",
                            "href": "https://standard.ofds.info/en/0__4__0/network-schema.json"
                        }
                    ]
                },
                "featureType": "node"
            }
        },
        {
            "type": "Feature",
            "geometry": {
                "type": "Point",
                "coordinates": [
                    -6.669385151851244,
                    9.219512759505752
                ]
            },
            "properties": {
                "name": "Farandougou",
                "id": "0439ae96-2157-4deb-96e2-0be8e18b3a60",
                "networkProviders": [
                    {
                        "id": "2d6622c0-d652-4ff8-b1b5-1e5137d57fcd",
                        "name": "ANSUT"
                    }
                ],
                "status": "operational",
                "transmissionMediumOwner": {
                    "id": "bdcb72d1-cb46-48d9-9f9f-200c43cc4fb5",
                    "name": "ANSUT"
                },
                "network": {
                    "id": "326b3180-1be3-4e2e-b6a0-c34c801e1503",
                    "name": "Réseau national haut débit",
                    "links": [
                        {
                            "rel": "describedby",
                            "href": "https://standard.ofds.info/en/0__4__0/network-schema.json"
                        }
                    ]
                },
                "featureType": "node"
            }
        },
        {
            "type": "Feature",
            "geometry": {
                "type": "Point",
                "coordinates": [
                    -6.746051147122225,
                    8.818412376461831
                ]
            },
            "properties": {
                "name": "Banandje",
                "id": "e544bea7-ba22-4d41-a01a-519b2280db4a",
                "networkProviders": [
                    {
                        "id": "2d6622c0-d652-4ff8-b1b5-1e5137d57fcd",
                        "name": "ANSUT"
                    }
                ],
                "status": "operational",
                "transmissionMediumOwner": {
                    "id": "bdcb72d1-cb46-48d9-9f9f-200c43cc4fb5",
                    "name": "ANSUT"
                },
                "network": {
                    "id": "326b3180-1be3-4e2e-b6a0-c34c801e1503",
                    "name": "Réseau national haut débit",
                    "links": [
                        {
                            "rel": "describedby",
                            "href": "https://standard.ofds.info/en/0__4__0/network-schema.json"
                        }
                    ]
                },
                "featureType": "node"
            }
        },
        {
            "type": "Feature",
            "geometry": {
                "type": "Point",
                "coordinates": [
                    -6.17196537817177,
                    8.415716323488736
                ]
            },
            "properties": {
                "name": "Sarhala",
                "id": "cc3f47b5-f065-4c91-983d-582e79c3a79b",
                "networkProviders": [
                    {
                        "id": "2d6622c0-d652-4ff8-b1b5-1e5137d57fcd",
                        "name": "ANSUT"
                    }
                ],
                "status": "operational",
                "transmissionMediumOwner": {
                    "id": "bdcb72d1-cb46-48d9-9f9f-200c43cc4fb5",
                    "name": "ANSUT"
                },
                "network": {
                    "id": "326b3180-1be3-4e2e-b6a0-c34c801e1503",
                    "name": "Réseau national haut débit",
                    "links": [
                        {
                            "rel": "describedby",
                            "href": "https://standard.ofds.info/en/0__4__0/network-schema.json"
                        }
                    ]
                },
                "featureType": "node"
            }
        },
        {
            "type": "Feature",
            "geometry": {
                "type": "Point",
                "coordinates": [
                    -6.250744253482387,
                    8.649814300796116
                ]
            },
            "properties": {
                "name": "Faraba",
                "id": "02ba001b-e268-4924-83d1-b79c30a8616b",
                "networkProviders": [
                    {
                        "id": "2d6622c0-d652-4ff8-b1b5-1e5137d57fcd",
                        "name": "ANSUT"
                    }
                ],
                "status": "operational",
                "transmissionMediumOwner": {
                    "id": "bdcb72d1-cb46-48d9-9f9f-200c43cc4fb5",
                    "name": "ANSUT"
                },
                "network": {
                    "id": "326b3180-1be3-4e2e-b6a0-c34c801e1503",
                    "name": "Réseau national haut débit",
                    "links": [
                        {
                            "rel": "describedby",
                            "href": "https://standard.ofds.info/en/0__4__0/network-schema.json"
                        }
                    ]
                },
                "featureType": "node"
            }
        },
        {
            "type": "Feature",
            "geometry": {
                "type": "Point",
                "coordinates": [
                    -6.246024416569337,
                    8.76213549543595
                ]
            },
            "properties": {
                "name": "Dianra",
                "id": "2649d8e1-dc22-4d8a-b949-0d481367e1ae",
                "networkProviders": [
                    {
                        "id": "2d6622c0-d652-4ff8-b1b5-1e5137d57fcd",
                        "name": "ANSUT"
                    }
                ],
                "status": "operational",
                "transmissionMediumOwner": {
                    "id": "bdcb72d1-cb46-48d9-9f9f-200c43cc4fb5",
                    "name": "ANSUT"
                },
                "network": {
                    "id": "326b3180-1be3-4e2e-b6a0-c34c801e1503",
                    "name": "Réseau national haut débit",
                    "links": [
                        {
                            "rel": "describedby",
                            "href": "https://standard.ofds.info/en/0__4__0/network-schema.json"
                        }
                    ]
                },
                "featureType": "node"
            }
        },
        {
            "type": "Feature",
            "geometry": {
                "type": "Point",
                "coordinates": [
                    -6.127607186446124,
                    9.111779674056464
                ]
            },
            "properties": {
                "name": "Kanoroba",
                "id": "9860a96f-3596-468d-92ef-0407435ffc86",
                "networkProviders": [
                    {
                        "id": "2d6622c0-d652-4ff8-b1b5-1e5137d57fcd",
                        "name": "ANSUT"
                    }
                ],
                "status": "operational",
                "transmissionMediumOwner": {
                    "id": "bdcb72d1-cb46-48d9-9f9f-200c43cc4fb5",
                    "name": "ANSUT"
                },
                "network": {
                    "id": "326b3180-1be3-4e2e-b6a0-c34c801e1503",
                    "name": "Réseau national haut débit",
                    "links": [
                        {
                            "rel": "describedby",
                            "href": "https://standard.ofds.info/en/0__4__0/network-schema.json"
                        }
                    ]
                },
                "featureType": "node"
            }
        },
        {
            "type": "Feature",
            "geometry": {
                "type": "Point",
                "coordinates": [
                    -6.103990312046272,
                    9.274531095464205
                ]
            },
            "properties": {
                "name": "Sirasso",
                "id": "696f2e79-a12f-4d71-844a-586750efe0f0",
                "networkProviders": [
                    {
                        "id": "2d6622c0-d652-4ff8-b1b5-1e5137d57fcd",
                        "name": "ANSUT"
                    }
                ],
                "status": "operational",
                "transmissionMediumOwner": {
                    "id": "bdcb72d1-cb46-48d9-9f9f-200c43cc4fb5",
                    "name": "ANSUT"
                },
                "network": {
                    "id": "326b3180-1be3-4e2e-b6a0-c34c801e1503",
                    "name": "Réseau national haut débit",
                    "links": [
                        {
                            "rel": "describedby",
                            "href": "https://standard.ofds.info/en/0__4__0/network-schema.json"
                        }
                    ]
                },
                "featureType": "node"
            }
        },
        {
            "type": "Feature",
            "geometry": {
                "type": "Point",
                "coordinates": [
                    -6.68529327578835,
                    9.573270116710702
                ]
            },
            "properties": {
                "name": "Gbando",
                "id": "c7abc3f1-140b-4a4d-ab26-525eef8787de",
                "networkProviders": [
                    {
                        "id": "2d6622c0-d652-4ff8-b1b5-1e5137d57fcd",
                        "name": "ANSUT"
                    }
                ],
                "status": "operational",
                "transmissionMediumOwner": {
                    "id": "bdcb72d1-cb46-48d9-9f9f-200c43cc4fb5",
                    "name": "ANSUT"
                },
                "network": {
                    "id": "326b3180-1be3-4e2e-b6a0-c34c801e1503",
                    "name": "Réseau national haut débit",
                    "links": [
                        {
                            "rel": "describedby",
                            "href": "https://standard.ofds.info/en/0__4__0/network-schema.json"
                        }
                    ]
                },
                "featureType": "node"
            }
        },
        {
            "type": "Feature",
            "geometry": {
                "type": "Point",
                "coordinates": [
                    -6.488621047971641,
                    9.523057968409137
                ]
            },
            "properties": {
                "name": "Boundiali",
                "id": "d2c59c4d-e757-44bf-bf7c-3ba3add6d086",
                "networkProviders": [
                    {
                        "id": "2d6622c0-d652-4ff8-b1b5-1e5137d57fcd",
                        "name": "ANSUT"
                    }
                ],
                "status": "operational",
                "transmissionMediumOwner": {
                    "id": "bdcb72d1-cb46-48d9-9f9f-200c43cc4fb5",
                    "name": "ANSUT"
                },
                "network": {
                    "id": "326b3180-1be3-4e2e-b6a0-c34c801e1503",
                    "name": "Réseau national haut débit",
                    "links": [
                        {
                            "rel": "describedby",
                            "href": "https://standard.ofds.info/en/0__4__0/network-schema.json"
                        }
                    ]
                },
                "featureType": "node"
            }
        },
        {
            "type": "Feature",
            "geometry": {
                "type": "Point",
                "coordinates": [
                    -6.192206294041847,
                    9.519921774427768
                ]
            },
            "properties": {
                "name": "Siempurgo",
                "id": "268b4aa1-520e-434f-98d0-b54aefc41896",
                "networkProviders": [
                    {
                        "id": "2d6622c0-d652-4ff8-b1b5-1e5137d57fcd",
                        "name": "ANSUT"
                    }
                ],
                "status": "operational",
                "transmissionMediumOwner": {
                    "id": "bdcb72d1-cb46-48d9-9f9f-200c43cc4fb5",
                    "name": "ANSUT"
                },
                "network": {
                    "id": "326b3180-1be3-4e2e-b6a0-c34c801e1503",
                    "name": "Réseau national haut débit",
                    "links": [
                        {
                            "rel": "describedby",
                            "href": "https://standard.ofds.info/en/0__4__0/network-schema.json"
                        }
                    ]
                },
                "featureType": "node"
            }
        },
        {
            "type": "Feature",
            "geometry": {
                "type": "Point",
                "coordinates": [
                    -6.407508389996151,
                    10.483100047469232
                ]
            },
            "properties": {
                "name": "Tengrela",
                "id": "8a765ed2-6387-4f04-b37a-2fb542b19588",
                "networkProviders": [
                    {
                        "id": "2d6622c0-d652-4ff8-b1b5-1e5137d57fcd",
                        "name": "ANSUT"
                    }
                ],
                "status": "operational",
                "transmissionMediumOwner": {
                    "id": "bdcb72d1-cb46-48d9-9f9f-200c43cc4fb5",
                    "name": "ANSUT"
                },
                "network": {
                    "id": "326b3180-1be3-4e2e-b6a0-c34c801e1503",
                    "name": "Réseau national haut débit",
                    "links": [
                        {
                            "rel": "describedby",
                            "href": "https://standard.ofds.info/en/0__4__0/network-schema.json"
                        }
                    ]
                },
                "featureType": "node"
            }
        },
        {
            "type": "Feature",
            "geometry": {
                "type": "Point",
                "coordinates": [
                    -6.413217729685341,
                    10.200254849741297
                ]
            },
            "properties": {
                "name": "Blességué",
                "id": "786a10c3-3914-4c19-90a5-90c1cfbb57d6",
                "networkProviders": [
                    {
                        "id": "2d6622c0-d652-4ff8-b1b5-1e5137d57fcd",
                        "name": "ANSUT"
                    }
                ],
                "status": "operational",
                "transmissionMediumOwner": {
                    "id": "bdcb72d1-cb46-48d9-9f9f-200c43cc4fb5",
                    "name": "ANSUT"
                },
                "network": {
                    "id": "326b3180-1be3-4e2e-b6a0-c34c801e1503",
                    "name": "Réseau national haut débit",
                    "links": [
                        {
                            "rel": "describedby",
                            "href": "https://standard.ofds.info/en/0__4__0/network-schema.json"
                        }
                    ]
                },
                "featureType": "node"
            }
        },
        {
            "type": "Feature",
            "geometry": {
                "type": "Point",
                "coordinates": [
                    -6.4087929711437726,
                    9.89270820482998
                ]
            },
            "properties": {
                "name": "Kouto",
                "id": "b503e824-3705-42dc-9561-a07c3f6665d5",
                "networkProviders": [
                    {
                        "id": "2d6622c0-d652-4ff8-b1b5-1e5137d57fcd",
                        "name": "ANSUT"
                    }
                ],
                "status": "operational",
                "transmissionMediumOwner": {
                    "id": "bdcb72d1-cb46-48d9-9f9f-200c43cc4fb5",
                    "name": "ANSUT"
                },
                "network": {
                    "id": "326b3180-1be3-4e2e-b6a0-c34c801e1503",
                    "name": "Réseau national haut débit",
                    "links": [
                        {
                            "rel": "describedby",
                            "href": "https://standard.ofds.info/en/0__4__0/network-schema.json"
                        }
                    ]
                },
                "featureType": "node"
            }
        },
        {
            "type": "Feature",
            "geometry": {
                "type": "Point",
                "coordinates": [
                    -5.625631158736985,
                    10.20293093147136
                ]
            },
            "properties": {
                "name": "Nielle",
                "id": "3938d51d-5626-4798-896d-7a4861352a48",
                "networkProviders": [
                    {
                        "id": "2d6622c0-d652-4ff8-b1b5-1e5137d57fcd",
                        "name": "ANSUT"
                    }
                ],
                "status": "operational",
                "transmissionMediumOwner": {
                    "id": "bdcb72d1-cb46-48d9-9f9f-200c43cc4fb5",
                    "name": "ANSUT"
                },
                "network": {
                    "id": "326b3180-1be3-4e2e-b6a0-c34c801e1503",
                    "name": "Réseau national haut débit",
                    "links": [
                        {
                            "rel": "describedby",
                            "href": "https://standard.ofds.info/en/0__4__0/network-schema.json"
                        }
                    ]
                },
                "featureType": "node"
            }
        },
        {
            "type": "Feature",
            "geometry": {
                "type": "Point",
                "coordinates": [
                    -5.8926919370460995,
                    10.005249451190464
                ]
            },
            "properties": {
                "name": "M'bengué",
                "id": "d8a95d62-9828-4f8a-8ae0-65408aa466df",
                "networkProviders": [
                    {
                        "id": "2d6622c0-d652-4ff8-b1b5-1e5137d57fcd",
                        "name": "ANSUT"
                    }
                ],
                "status": "operational",
                "transmissionMediumOwner": {
                    "id": "bdcb72d1-cb46-48d9-9f9f-200c43cc4fb5",
                    "name": "ANSUT"
                },
                "network": {
                    "id": "326b3180-1be3-4e2e-b6a0-c34c801e1503",
                    "name": "Réseau national haut débit",
                    "links": [
                        {
                            "rel": "describedby",
                            "href": "https://standard.ofds.info/en/0__4__0/network-schema.json"
                        }
                    ]
                },
                "featureType": "node"
            }
        },
        {
            "type": "Feature",
            "geometry": {
                "type": "Point",
                "coordinates": [
                    -5.761244044918486,
                    9.659403254054928
                ]
            },
            "properties": {
                "name": "Ollèo",
                "id": "a3fba000-8ea1-4fb9-905d-33a8f52ba6a4",
                "networkProviders": [
                    {
                        "id": "2d6622c0-d652-4ff8-b1b5-1e5137d57fcd",
                        "name": "ANSUT"
                    }
                ],
                "status": "operational",
                "transmissionMediumOwner": {
                    "id": "bdcb72d1-cb46-48d9-9f9f-200c43cc4fb5",
                    "name": "ANSUT"
                },
                "network": {
                    "id": "326b3180-1be3-4e2e-b6a0-c34c801e1503",
                    "name": "Réseau national haut débit",
                    "links": [
                        {
                            "rel": "describedby",
                            "href": "https://standard.ofds.info/en/0__4__0/network-schema.json"
                        }
                    ]
                },
                "featureType": "node"
            }
        },
        {
            "type": "Feature",
            "geometry": {
                "type": "Point",
                "coordinates": [
                    -5.63254735072803,
                    9.45800724127676
                ]
            },
            "properties": {
                "name": "Korhogo",
                "id": "3c8fb382-a8c0-4771-aeea-132e14efc520",
                "networkProviders": [
                    {
                        "id": "2d6622c0-d652-4ff8-b1b5-1e5137d57fcd",
                        "name": "ANSUT"
                    }
                ],
                "status": "operational",
                "transmissionMediumOwner": {
                    "id": "bdcb72d1-cb46-48d9-9f9f-200c43cc4fb5",
                    "name": "ANSUT"
                },
                "network": {
                    "id": "326b3180-1be3-4e2e-b6a0-c34c801e1503",
                    "name": "Réseau national haut débit",
                    "links": [
                        {
                            "rel": "describedby",
                            "href": "https://standard.ofds.info/en/0__4__0/network-schema.json"
                        }
                    ]
                },
                "featureType": "node"
            }
        },
        {
            "type": "Feature",
            "geometry": {
                "type": "Point",
                "coordinates": [
                    -5.384545501045037,
                    9.581218980407506
                ]
            },
            "properties": {
                "name": "Sinematiali",
                "id": "429607b0-8b5b-4a92-91ae-fffe03a373c1",
                "networkProviders": [
                    {
                        "id": "2d6622c0-d652-4ff8-b1b5-1e5137d57fcd",
                        "name": "ANSUT"
                    }
                ],
                "status": "operational",
                "transmissionMediumOwner": {
                    "id": "bdcb72d1-cb46-48d9-9f9f-200c43cc4fb5",
                    "name": "ANSUT"
                },
                "network": {
                    "id": "326b3180-1be3-4e2e-b6a0-c34c801e1503",
                    "name": "Réseau national haut débit",
                    "links": [
                        {
                            "rel": "describedby",
                            "href": "https://standard.ofds.info/en/0__4__0/network-schema.json"
                        }
                    ]
                },
                "featureType": "node"
            }
        },
        {
            "type": "Feature",
            "geometry": {
                "type": "Point",
                "coordinates": [
                    -5.197649414404696,
                    9.587783043666871
                ]
            },
            "properties": {
                "name": "Ferkessédougou",
                "id": "698a5f98-5e95-499d-bfaa-ea8768216b22",
                "networkProviders": [
                    {
                        "id": "2d6622c0-d652-4ff8-b1b5-1e5137d57fcd",
                        "name": "ANSUT"
                    }
                ],
                "status": "operational",
                "transmissionMediumOwner": {
                    "id": "bdcb72d1-cb46-48d9-9f9f-200c43cc4fb5",
                    "name": "ANSUT"
                },
                "network": {
                    "id": "326b3180-1be3-4e2e-b6a0-c34c801e1503",
                    "name": "Réseau national haut débit",
                    "links": [
                        {
                            "rel": "describedby",
                            "href": "https://standard.ofds.info/en/0__4__0/network-schema.json"
                        }
                    ]
                },
                "featureType": "node"
            }
        },
        {
            "type": "Feature",
            "geometry": {
                "type": "Point",
                "coordinates": [
                    -7.130764291662351,
                    7.614790240879608
                ]
            },
            "properties": {
                "name": "Sémien",
                "id": "48cf6aa7-bf7b-4951-8bcb-bd9b067b24bc",
                "networkProviders": [
                    {
                        "id": "2d6622c0-d652-4ff8-b1b5-1e5137d57fcd",
                        "name": "ANSUT"
                    }
                ],
                "status": "operational",
                "transmissionMediumOwner": {
                    "id": "bdcb72d1-cb46-48d9-9f9f-200c43cc4fb5",
                    "name": "ANSUT"
                },
                "network": {
                    "id": "326b3180-1be3-4e2e-b6a0-c34c801e1503",
                    "name": "Réseau national haut débit",
                    "links": [
                        {
                            "rel": "describedby",
                            "href": "https://standard.ofds.info/en/0__4__0/network-schema.json"
                        }
                    ]
                },
                "featureType": "node"
            }
        },
        {
            "type": "Feature",
            "geometry": {
                "type": "Point",
                "coordinates": [
                    -6.927278584850255,
                    7.982598489137701
                ]
            },
            "properties": {
                "name": "Sifié",
                "id": "e01512be-ce85-4857-a02e-d9592ffc94b7",
                "networkProviders": [
                    {
                        "id": "2d6622c0-d652-4ff8-b1b5-1e5137d57fcd",
                        "name": "ANSUT"
                    }
                ],
                "status": "operational",
                "transmissionMediumOwner": {
                    "id": "bdcb72d1-cb46-48d9-9f9f-200c43cc4fb5",
                    "name": "ANSUT"
                },
                "network": {
                    "id": "326b3180-1be3-4e2e-b6a0-c34c801e1503",
                    "name": "Réseau national haut débit",
                    "links": [
                        {
                            "rel": "describedby",
                            "href": "https://standard.ofds.info/en/0__4__0/network-schema.json"
                        }
                    ]
                },
                "featureType": "node"
            }
        },
        {
            "type": "Feature",
            "geometry": {
                "type": "Point",
                "coordinates": [
                    -6.670665986424896,
                    7.964109125103893
                ]
            },
            "properties": {
                "name": "Seguela",
                "id": "6c655b1e-c264-4004-ba71-2f18fb4ada3b",
                "networkProviders": [
                    {
                        "id": "2d6622c0-d652-4ff8-b1b5-1e5137d57fcd",
                        "name": "ANSUT"
                    }
                ],
                "status": "operational",
                "transmissionMediumOwner": {
                    "id": "bdcb72d1-cb46-48d9-9f9f-200c43cc4fb5",
                    "name": "ANSUT"
                },
                "network": {
                    "id": "326b3180-1be3-4e2e-b6a0-c34c801e1503",
                    "name": "Réseau national haut débit",
                    "links": [
                        {
                            "rel": "describedby",
                            "href": "https://standard.ofds.info/en/0__4__0/network-schema.json"
                        }
                    ]
                },
                "featureType": "node"
            }
        },
        {
            "type": "Feature",
            "geometry": {
                "type": "Point",
                "coordinates": [
                    -4.8704569138882565,
                    9.454306607816953
                ]
            },
            "properties": {
                "name": "Kalakala",
                "id": "7d50a3e7-7605-4ad8-8dad-1b880facef3b",
                "networkProviders": [
                    {
                        "id": "2d6622c0-d652-4ff8-b1b5-1e5137d57fcd",
                        "name": "ANSUT"
                    }
                ],
                "status": "operational",
                "transmissionMediumOwner": {
                    "id": "bdcb72d1-cb46-48d9-9f9f-200c43cc4fb5",
                    "name": "ANSUT"
                },
                "network": {
                    "id": "326b3180-1be3-4e2e-b6a0-c34c801e1503",
                    "name": "Réseau national haut débit",
                    "links": [
                        {
                            "rel": "describedby",
                            "href": "https://standard.ofds.info/en/0__4__0/network-schema.json"
                        }
                    ]
                },
                "featureType": "node"
            }
        },
        {
            "type": "Feature",
            "geometry": {
                "type": "Point",
                "coordinates": [
                    -4.607860967682024,
                    9.152839567732748
                ]
            },
            "properties": {
                "name": "Kong",
                "id": "6ffa4c3e-8b3b-49dc-b15f-141402067a4e",
                "networkProviders": [
                    {
                        "id": "2d6622c0-d652-4ff8-b1b5-1e5137d57fcd",
                        "name": "ANSUT"
                    }
                ],
                "status": "operational",
                "transmissionMediumOwner": {
                    "id": "bdcb72d1-cb46-48d9-9f9f-200c43cc4fb5",
                    "name": "ANSUT"
                },
                "network": {
                    "id": "326b3180-1be3-4e2e-b6a0-c34c801e1503",
                    "name": "Réseau national haut débit",
                    "links": [
                        {
                            "rel": "describedby",
                            "href": "https://standard.ofds.info/en/0__4__0/network-schema.json"
                        }
                    ]
                },
                "featureType": "node"
            }
        },
        {
            "type": "Feature",
            "geometry": {
                "type": "Point",
                "coordinates": [
                    -3.5699870024967018,
                    8.551679051780566
                ]
            },
            "properties": {
                "name": "Nassian",
                "id": "10d71a48-e4a3-4ebd-932f-b633f024a8f7",
                "networkProviders": [
                    {
                        "id": "2d6622c0-d652-4ff8-b1b5-1e5137d57fcd",
                        "name": "ANSUT"
                    }
                ],
                "status": "operational",
                "transmissionMediumOwner": {
                    "id": "bdcb72d1-cb46-48d9-9f9f-200c43cc4fb5",
                    "name": "ANSUT"
                },
                "network": {
                    "id": "326b3180-1be3-4e2e-b6a0-c34c801e1503",
                    "name": "Réseau national haut débit",
                    "links": [
                        {
                            "rel": "describedby",
                            "href": "https://standard.ofds.info/en/0__4__0/network-schema.json"
                        }
                    ]
                },
                "featureType": "node"
            }
        },
        {
            "type": "Feature",
            "geometry": {
                "type": "Point",
                "coordinates": [
                    -4.479969097796687,
                    9.396680283176874
                ]
            },
            "properties": {
                "name": "Nasien",
                "id": "9df6c127-d563-44a2-9237-57c1f915d2ef",
                "networkProviders": [
                    {
                        "id": "2d6622c0-d652-4ff8-b1b5-1e5137d57fcd",
                        "name": "ANSUT"
                    }
                ],
                "status": "operational",
                "transmissionMediumOwner": {
                    "id": "bdcb72d1-cb46-48d9-9f9f-200c43cc4fb5",
                    "name": "ANSUT"
                },
                "network": {
                    "id": "326b3180-1be3-4e2e-b6a0-c34c801e1503",
                    "name": "Réseau national haut débit",
                    "links": [
                        {
                            "rel": "describedby",
                            "href": "https://standard.ofds.info/en/0__4__0/network-schema.json"
                        }
                    ]
                },
                "featureType": "node"
            }
        },
        {
            "type": "Feature",
            "geometry": {
                "type": "Point",
                "coordinates": [
                    -4.046087442814188,
                    9.596026421468512
                ]
            },
            "properties": {
                "name": "Ouangofétini",
                "id": "32633994-ce2d-4b47-847c-3527aaa40d38",
                "networkProviders": [
                    {
                        "id": "2d6622c0-d652-4ff8-b1b5-1e5137d57fcd",
                        "name": "ANSUT"
                    }
                ],
                "status": "operational",
                "transmissionMediumOwner": {
                    "id": "bdcb72d1-cb46-48d9-9f9f-200c43cc4fb5",
                    "name": "ANSUT"
                },
                "network": {
                    "id": "326b3180-1be3-4e2e-b6a0-c34c801e1503",
                    "name": "Réseau national haut débit",
                    "links": [
                        {
                            "rel": "describedby",
                            "href": "https://standard.ofds.info/en/0__4__0/network-schema.json"
                        }
                    ]
                },
                "featureType": "node"
            }
        },
        {
            "type": "Feature",
            "geometry": {
                "type": "Point",
                "coordinates": [
                    -3.663044956297057,
                    9.602577042828905
                ]
            },
            "properties": {
                "name": "Téhini",
                "id": "f6603946-203c-45eb-9366-f7fe1b90ae14",
                "networkProviders": [
                    {
                        "id": "2d6622c0-d652-4ff8-b1b5-1e5137d57fcd",
                        "name": "ANSUT"
                    }
                ],
                "status": "operational",
                "transmissionMediumOwner": {
                    "id": "bdcb72d1-cb46-48d9-9f9f-200c43cc4fb5",
                    "name": "ANSUT"
                },
                "network": {
                    "id": "326b3180-1be3-4e2e-b6a0-c34c801e1503",
                    "name": "Réseau national haut débit",
                    "links": [
                        {
                            "rel": "describedby",
                            "href": "https://standard.ofds.info/en/0__4__0/network-schema.json"
                        }
                    ]
                },
                "featureType": "node"
            }
        },
        {
            "type": "Feature",
            "geometry": {
                "type": "Point",
                "coordinates": [
                    -3.281249925678893,
                    9.66025234700509
                ]
            },
            "properties": {
                "name": "Varale",
                "id": "1c87740b-7860-4068-b54b-f67ed94aca3c",
                "networkProviders": [
                    {
                        "id": "2d6622c0-d652-4ff8-b1b5-1e5137d57fcd",
                        "name": "ANSUT"
                    }
                ],
                "status": "operational",
                "transmissionMediumOwner": {
                    "id": "bdcb72d1-cb46-48d9-9f9f-200c43cc4fb5",
                    "name": "ANSUT"
                },
                "network": {
                    "id": "326b3180-1be3-4e2e-b6a0-c34c801e1503",
                    "name": "Réseau national haut débit",
                    "links": [
                        {
                            "rel": "describedby",
                            "href": "https://standard.ofds.info/en/0__4__0/network-schema.json"
                        }
                    ]
                },
                "featureType": "node"
            }
        },
        {
            "type": "Feature",
            "geometry": {
                "type": "Point",
                "coordinates": [
                    -5.711617808192293,
                    9.236077097727865
                ]
            },
            "properties": {
                "name": "Guiembé",
                "id": "2ffd6f01-4abb-4df7-ac90-d4880d5766ed",
                "networkProviders": [
                    {
                        "id": "2d6622c0-d652-4ff8-b1b5-1e5137d57fcd",
                        "name": "ANSUT"
                    }
                ],
                "status": "operational",
                "transmissionMediumOwner": {
                    "id": "bdcb72d1-cb46-48d9-9f9f-200c43cc4fb5",
                    "name": "ANSUT"
                },
                "network": {
                    "id": "326b3180-1be3-4e2e-b6a0-c34c801e1503",
                    "name": "Réseau national haut débit",
                    "links": [
                        {
                            "rel": "describedby",
                            "href": "https://standard.ofds.info/en/0__4__0/network-schema.json"
                        }
                    ]
                },
                "featureType": "node"
            }
        },
        {
            "type": "Feature",
            "geometry": {
                "type": "Point",
                "coordinates": [
                    -5.880068213223765,
                    8.969266696981595
                ]
            },
            "properties": {
                "name": "Kadioha",
                "id": "7f1bfc16-d0c4-4f5e-a9a6-9b715b47d22a",
                "networkProviders": [
                    {
                        "id": "2d6622c0-d652-4ff8-b1b5-1e5137d57fcd",
                        "name": "ANSUT"
                    }
                ],
                "status": "operational",
                "transmissionMediumOwner": {
                    "id": "bdcb72d1-cb46-48d9-9f9f-200c43cc4fb5",
                    "name": "ANSUT"
                },
                "network": {
                    "id": "326b3180-1be3-4e2e-b6a0-c34c801e1503",
                    "name": "Réseau national haut débit",
                    "links": [
                        {
                            "rel": "describedby",
                            "href": "https://standard.ofds.info/en/0__4__0/network-schema.json"
                        }
                    ]
                },
                "featureType": "node"
            }
        },
        {
            "type": "Feature",
            "geometry": {
                "type": "Point",
                "coordinates": [
                    -5.679099000668944,
                    8.76647399560071
                ]
            },
            "properties": {
                "name": "Tortiya",
                "id": "d941f8a4-f3c3-42cd-b69a-1744f2860cda",
                "networkProviders": [
                    {
                        "id": "2d6622c0-d652-4ff8-b1b5-1e5137d57fcd",
                        "name": "ANSUT"
                    }
                ],
                "status": "operational",
                "transmissionMediumOwner": {
                    "id": "bdcb72d1-cb46-48d9-9f9f-200c43cc4fb5",
                    "name": "ANSUT"
                },
                "network": {
                    "id": "326b3180-1be3-4e2e-b6a0-c34c801e1503",
                    "name": "Réseau national haut débit",
                    "links": [
                        {
                            "rel": "describedby",
                            "href": "https://standard.ofds.info/en/0__4__0/network-schema.json"
                        }
                    ]
                },
                "featureType": "node"
            }
        },
        {
            "type": "Feature",
            "geometry": {
                "type": "Point",
                "coordinates": [
                    -5.289887966275436,
                    8.663998110942405
                ]
            },
            "properties": {
                "name": "Niakaramandougou",
                "id": "c178cb15-efd8-4977-8d9d-d6172b9785b5",
                "networkProviders": [
                    {
                        "id": "2d6622c0-d652-4ff8-b1b5-1e5137d57fcd",
                        "name": "ANSUT"
                    }
                ],
                "status": "operational",
                "transmissionMediumOwner": {
                    "id": "bdcb72d1-cb46-48d9-9f9f-200c43cc4fb5",
                    "name": "ANSUT"
                },
                "network": {
                    "id": "326b3180-1be3-4e2e-b6a0-c34c801e1503",
                    "name": "Réseau national haut débit",
                    "links": [
                        {
                            "rel": "describedby",
                            "href": "https://standard.ofds.info/en/0__4__0/network-schema.json"
                        }
                    ]
                },
                "featureType": "node"
            }
        },
        {
            "type": "Feature",
            "geometry": {
                "type": "Point",
                "coordinates": [
                    -4.757045669324363,
                    8.319811248300283
                ]
            },
            "properties": {
                "name": "Karpélé",
                "id": "e0c9baa1-33ca-43f2-be44-37843cd4d88c",
                "networkProviders": [
                    {
                        "id": "2d6622c0-d652-4ff8-b1b5-1e5137d57fcd",
                        "name": "ANSUT"
                    }
                ],
                "status": "operational",
                "transmissionMediumOwner": {
                    "id": "bdcb72d1-cb46-48d9-9f9f-200c43cc4fb5",
                    "name": "ANSUT"
                },
                "network": {
                    "id": "326b3180-1be3-4e2e-b6a0-c34c801e1503",
                    "name": "Réseau national haut débit",
                    "links": [
                        {
                            "rel": "describedby",
                            "href": "https://standard.ofds.info/en/0__4__0/network-schema.json"
                        }
                    ]
                },
                "featureType": "node"
            }
        },
        {
            "type": "Feature",
            "geometry": {
                "type": "Point",
                "coordinates": [
                    -5.305905744248647,
                    6.1952493886590405
                ]
            },
            "properties": {
                "name": "Hire",
                "id": "fd35439c-bdb0-4ff7-870f-081e43ad70b3",
                "networkProviders": [
                    {
                        "id": "2d6622c0-d652-4ff8-b1b5-1e5137d57fcd",
                        "name": "ANSUT"
                    }
                ],
                "status": "operational",
                "transmissionMediumOwner": {
                    "id": "bdcb72d1-cb46-48d9-9f9f-200c43cc4fb5",
                    "name": "ANSUT"
                },
                "network": {
                    "id": "326b3180-1be3-4e2e-b6a0-c34c801e1503",
                    "name": "Réseau national haut débit",
                    "links": [
                        {
                            "rel": "describedby",
                            "href": "https://standard.ofds.info/en/0__4__0/network-schema.json"
                        }
                    ]
                },
                "featureType": "node"
            }
        },
        {
            "type": "Feature",
            "geometry": {
                "type": "Point",
                "coordinates": [
                    -5.351732452147366,
                    5.848238757178059
                ]
            },
            "properties": {
                "name": "Divo",
                "id": "6e140b87-a238-42cd-a6e3-cf69d794a489",
                "networkProviders": [
                    {
                        "id": "2d6622c0-d652-4ff8-b1b5-1e5137d57fcd",
                        "name": "ANSUT"
                    }
                ],
                "status": "operational",
                "transmissionMediumOwner": {
                    "id": "bdcb72d1-cb46-48d9-9f9f-200c43cc4fb5",
                    "name": "ANSUT"
                },
                "network": {
                    "id": "326b3180-1be3-4e2e-b6a0-c34c801e1503",
                    "name": "Réseau national haut débit",
                    "links": [
                        {
                            "rel": "describedby",
                            "href": "https://standard.ofds.info/en/0__4__0/network-schema.json"
                        }
                    ]
                },
                "featureType": "node"
            }
        },
        {
            "type": "Feature",
            "geometry": {
                "type": "Point",
                "coordinates": [
                    -5.2387679559384095,
                    5.525015820375171
                ]
            },
            "properties": {
                "name": "Guitri",
                "id": "77d8ff05-f91e-4e59-8913-0c425c2e6d18",
                "networkProviders": [
                    {
                        "id": "2d6622c0-d652-4ff8-b1b5-1e5137d57fcd",
                        "name": "ANSUT"
                    }
                ],
                "status": "operational",
                "transmissionMediumOwner": {
                    "id": "bdcb72d1-cb46-48d9-9f9f-200c43cc4fb5",
                    "name": "ANSUT"
                },
                "network": {
                    "id": "326b3180-1be3-4e2e-b6a0-c34c801e1503",
                    "name": "Réseau national haut débit",
                    "links": [
                        {
                            "rel": "describedby",
                            "href": "https://standard.ofds.info/en/0__4__0/network-schema.json"
                        }
                    ]
                },
                "featureType": "node"
            }
        },
        {
            "type": "Feature",
            "geometry": {
                "type": "Point",
                "coordinates": [
                    -5.0029748713896725,
                    5.264584503648452
                ]
            },
            "properties": {
                "name": "Grand Lahou",
                "id": "9e919820-51a9-4fe3-8b1d-88b1a16cf365",
                "networkProviders": [
                    {
                        "id": "2d6622c0-d652-4ff8-b1b5-1e5137d57fcd",
                        "name": "ANSUT"
                    }
                ],
                "status": "operational",
                "transmissionMediumOwner": {
                    "id": "bdcb72d1-cb46-48d9-9f9f-200c43cc4fb5",
                    "name": "ANSUT"
                },
                "network": {
                    "id": "326b3180-1be3-4e2e-b6a0-c34c801e1503",
                    "name": "Réseau national haut débit",
                    "links": [
                        {
                            "rel": "describedby",
                            "href": "https://standard.ofds.info/en/0__4__0/network-schema.json"
                        }
                    ]
                },
                "featureType": "node"
            }
        },
        {
            "type": "Feature",
            "geometry": {
                "type": "Point",
                "coordinates": [
                    -5.093527532002692,
                    8.139039470760371
                ]
            },
            "properties": {
                "name": "Katiola",
                "id": "8522f2ee-a638-4682-9896-38fb78418d46",
                "networkProviders": [
                    {
                        "id": "2d6622c0-d652-4ff8-b1b5-1e5137d57fcd",
                        "name": "ANSUT"
                    }
                ],
                "status": "operational",
                "transmissionMediumOwner": {
                    "id": "bdcb72d1-cb46-48d9-9f9f-200c43cc4fb5",
                    "name": "ANSUT"
                },
                "network": {
                    "id": "326b3180-1be3-4e2e-b6a0-c34c801e1503",
                    "name": "Réseau national haut débit",
                    "links": [
                        {
                            "rel": "describedby",
                            "href": "https://standard.ofds.info/en/0__4__0/network-schema.json"
                        }
                    ]
                },
                "featureType": "node"
            }
        },
        {
            "type": "Feature",
            "geometry": {
                "type": "Point",
                "coordinates": [
                    -4.794635994388095,
                    5.294522196607563
                ]
            },
            "properties": {
                "name": "Irobo",
                "id": "c9faca9d-c6b0-4dbb-bf6e-9b94f45b92f8",
                "networkProviders": [
                    {
                        "id": "2d6622c0-d652-4ff8-b1b5-1e5137d57fcd",
                        "name": "ANSUT"
                    }
                ],
                "status": "operational",
                "transmissionMediumOwner": {
                    "id": "bdcb72d1-cb46-48d9-9f9f-200c43cc4fb5",
                    "name": "ANSUT"
                },
                "network": {
                    "id": "326b3180-1be3-4e2e-b6a0-c34c801e1503",
                    "name": "Réseau national haut débit",
                    "links": [
                        {
                            "rel": "describedby",
                            "href": "https://standard.ofds.info/en/0__4__0/network-schema.json"
                        }
                    ]
                },
                "featureType": "node"
            }
        },
        {
            "type": "Feature",
            "geometry": {
                "type": "Point",
                "coordinates": [
                    -4.379537367173555,
                    5.327318541456299
                ]
            },
            "properties": {
                "name": "Dabou",
                "id": "60ebd5ea-a1e4-40ac-8457-b633b64a8267",
                "networkProviders": [
                    {
                        "id": "2d6622c0-d652-4ff8-b1b5-1e5137d57fcd",
                        "name": "ANSUT"
                    }
                ],
                "status": "operational",
                "transmissionMediumOwner": {
                    "id": "bdcb72d1-cb46-48d9-9f9f-200c43cc4fb5",
                    "name": "ANSUT"
                },
                "network": {
                    "id": "326b3180-1be3-4e2e-b6a0-c34c801e1503",
                    "name": "Réseau national haut débit",
                    "links": [
                        {
                            "rel": "describedby",
                            "href": "https://standard.ofds.info/en/0__4__0/network-schema.json"
                        }
                    ]
                },
                "featureType": "node"
            }
        },
        {
            "type": "Feature",
            "geometry": {
                "type": "Point",
                "coordinates": [
                    -4.020382972012701,
                    5.316391051933867
                ]
            },
            "properties": {
                "name": "Abidjan",
                "id": "f4bde265-f43d-4b8c-a346-0be3576c589a",
                "networkProviders": [
                    {
                        "id": "2d6622c0-d652-4ff8-b1b5-1e5137d57fcd",
                        "name": "ANSUT"
                    }
                ],
                "status": "operational",
                "transmissionMediumOwner": {
                    "id": "bdcb72d1-cb46-48d9-9f9f-200c43cc4fb5",
                    "name": "ANSUT"
                },
                "network": {
                    "id": "326b3180-1be3-4e2e-b6a0-c34c801e1503",
                    "name": "Réseau national haut débit",
                    "links": [
                        {
                            "rel": "describedby",
                            "href": "https://standard.ofds.info/en/0__4__0/network-schema.json"
                        }
                    ]
                },
                "featureType": "node"
            }
        },
        {
            "type": "Feature",
            "geometry": {
                "type": "Point",
                "coordinates": [
                    -3.735002998259554,
                    5.4876732496456055
                ]
            },
            "properties": {
                "name": "Montézo",
                "id": "2f8f98d8-781e-452f-885a-a35e403f918b",
                "networkProviders": [
                    {
                        "id": "2d6622c0-d652-4ff8-b1b5-1e5137d57fcd",
                        "name": "ANSUT"
                    }
                ],
                "status": "operational",
                "transmissionMediumOwner": {
                    "id": "bdcb72d1-cb46-48d9-9f9f-200c43cc4fb5",
                    "name": "ANSUT"
                },
                "network": {
                    "id": "326b3180-1be3-4e2e-b6a0-c34c801e1503",
                    "name": "Réseau national haut débit",
                    "links": [
                        {
                            "rel": "describedby",
                            "href": "https://standard.ofds.info/en/0__4__0/network-schema.json"
                        }
                    ]
                },
                "featureType": "node"
            }
        },
        {
            "type": "Feature",
            "geometry": {
                "type": "Point",
                "coordinates": [
                    -3.402680818403688,
                    5.396313548138914
                ]
            },
            "properties": {
                "name": "N'Zikro",
                "id": "c68f771e-92a1-4a30-adbe-b59a675dcf90",
                "networkProviders": [
                    {
                        "id": "2d6622c0-d652-4ff8-b1b5-1e5137d57fcd",
                        "name": "ANSUT"
                    }
                ],
                "status": "operational",
                "transmissionMediumOwner": {
                    "id": "bdcb72d1-cb46-48d9-9f9f-200c43cc4fb5",
                    "name": "ANSUT"
                },
                "network": {
                    "id": "326b3180-1be3-4e2e-b6a0-c34c801e1503",
                    "name": "Réseau national haut débit",
                    "links": [
                        {
                            "rel": "describedby",
                            "href": "https://standard.ofds.info/en/0__4__0/network-schema.json"
                        }
                    ]
                },
                "featureType": "node"
            }
        },
        {
            "type": "Feature",
            "geometry": {
                "type": "Point",
                "coordinates": [
                    -3.2056986169394848,
                    5.476607562931063
                ]
            },
            "properties": {
                "name": "Aboisso",
                "id": "9aaadad9-fd12-45fc-8ce7-ba71f94fd9a7",
                "networkProviders": [
                    {
                        "id": "2d6622c0-d652-4ff8-b1b5-1e5137d57fcd",
                        "name": "ANSUT"
                    }
                ],
                "status": "operational",
                "transmissionMediumOwner": {
                    "id": "bdcb72d1-cb46-48d9-9f9f-200c43cc4fb5",
                    "name": "ANSUT"
                },
                "network": {
                    "id": "326b3180-1be3-4e2e-b6a0-c34c801e1503",
                    "name": "Réseau national haut débit",
                    "links": [
                        {
                            "rel": "describedby",
                            "href": "https://standard.ofds.info/en/0__4__0/network-schema.json"
                        }
                    ]
                },
                "featureType": "node"
            }
        },
        {
            "type": "Feature",
            "geometry": {
                "type": "Point",
                "coordinates": [
                    -3.1091033200258047,
                    5.7275441964209115
                ]
            },
            "properties": {
                "name": "Ebikro-N'Dakro",
                "id": "048ee1e5-15df-4631-920c-91d1affa4f92",
                "networkProviders": [
                    {
                        "id": "2d6622c0-d652-4ff8-b1b5-1e5137d57fcd",
                        "name": "ANSUT"
                    }
                ],
                "status": "operational",
                "transmissionMediumOwner": {
                    "id": "bdcb72d1-cb46-48d9-9f9f-200c43cc4fb5",
                    "name": "ANSUT"
                },
                "network": {
                    "id": "326b3180-1be3-4e2e-b6a0-c34c801e1503",
                    "name": "Réseau national haut débit",
                    "links": [
                        {
                            "rel": "describedby",
                            "href": "https://standard.ofds.info/en/0__4__0/network-schema.json"
                        }
                    ]
                },
                "featureType": "node"
            }
        },
        {
            "type": "Feature",
            "geometry": {
                "type": "Point",
                "coordinates": [
                    -3.213048636445401,
                    6.113598867104179
                ]
            },
            "properties": {
                "name": "Songan",
                "id": "789e98df-8331-463d-9e8a-579e9b368f61",
                "networkProviders": [
                    {
                        "id": "2d6622c0-d652-4ff8-b1b5-1e5137d57fcd",
                        "name": "ANSUT"
                    }
                ],
                "status": "operational",
                "transmissionMediumOwner": {
                    "id": "bdcb72d1-cb46-48d9-9f9f-200c43cc4fb5",
                    "name": "ANSUT"
                },
                "network": {
                    "id": "326b3180-1be3-4e2e-b6a0-c34c801e1503",
                    "name": "Réseau national haut débit",
                    "links": [
                        {
                            "rel": "describedby",
                            "href": "https://standard.ofds.info/en/0__4__0/network-schema.json"
                        }
                    ]
                },
                "featureType": "node"
            }
        },
        {
            "type": "Feature",
            "geometry": {
                "type": "Point",
                "coordinates": [
                    -3.3649661573226344,
                    6.42646240933512
                ]
            },
            "properties": {
                "name": "Zaranou",
                "id": "e8ee8028-54a8-44af-ad88-0c5d27d2dfb4",
                "networkProviders": [
                    {
                        "id": "2d6622c0-d652-4ff8-b1b5-1e5137d57fcd",
                        "name": "ANSUT"
                    }
                ],
                "status": "operational",
                "transmissionMediumOwner": {
                    "id": "bdcb72d1-cb46-48d9-9f9f-200c43cc4fb5",
                    "name": "ANSUT"
                },
                "network": {
                    "id": "326b3180-1be3-4e2e-b6a0-c34c801e1503",
                    "name": "Réseau national haut débit",
                    "links": [
                        {
                            "rel": "describedby",
                            "href": "https://standard.ofds.info/en/0__4__0/network-schema.json"
                        }
                    ]
                },
                "featureType": "node"
            }
        },
        {
            "type": "Feature",
            "geometry": {
                "type": "Point",
                "coordinates": [
                    -4.093059706550916,
                    5.628779918036836
                ]
            },
            "properties": {
                "name": "Azaguié",
                "id": "10f7ea24-50f8-4685-a5ce-9945b43a3429",
                "networkProviders": [
                    {
                        "id": "2d6622c0-d652-4ff8-b1b5-1e5137d57fcd",
                        "name": "ANSUT"
                    }
                ],
                "status": "operational",
                "transmissionMediumOwner": {
                    "id": "bdcb72d1-cb46-48d9-9f9f-200c43cc4fb5",
                    "name": "ANSUT"
                },
                "network": {
                    "id": "326b3180-1be3-4e2e-b6a0-c34c801e1503",
                    "name": "Réseau national haut débit",
                    "links": [
                        {
                            "rel": "describedby",
                            "href": "https://standard.ofds.info/en/0__4__0/network-schema.json"
                        }
                    ]
                },
                "featureType": "node"
            }
        },
        {
            "type": "Feature",
            "geometry": {
                "type": "Point",
                "coordinates": [
                    -4.215768213055013,
                    5.9405158944813286
                ]
            },
            "properties": {
                "name": "Agboville",
                "id": "6cb09684-2269-41b9-a81b-463e9719f0f1",
                "networkProviders": [
                    {
                        "id": "2d6622c0-d652-4ff8-b1b5-1e5137d57fcd",
                        "name": "ANSUT"
                    }
                ],
                "status": "operational",
                "transmissionMediumOwner": {
                    "id": "bdcb72d1-cb46-48d9-9f9f-200c43cc4fb5",
                    "name": "ANSUT"
                },
                "network": {
                    "id": "326b3180-1be3-4e2e-b6a0-c34c801e1503",
                    "name": "Réseau national haut débit",
                    "links": [
                        {
                            "rel": "describedby",
                            "href": "https://standard.ofds.info/en/0__4__0/network-schema.json"
                        }
                    ]
                },
                "featureType": "node"
            }
        },
        {
            "type": "Feature",
            "geometry": {
                "type": "Point",
                "coordinates": [
                    -4.316775991285929,
                    6.065919511506529
                ]
            },
            "properties": {
                "name": "Rubino",
                "id": "0322534c-5d55-4a16-852d-eeabb5f8f176",
                "networkProviders": [
                    {
                        "id": "2d6622c0-d652-4ff8-b1b5-1e5137d57fcd",
                        "name": "ANSUT"
                    }
                ],
                "status": "operational",
                "transmissionMediumOwner": {
                    "id": "bdcb72d1-cb46-48d9-9f9f-200c43cc4fb5",
                    "name": "ANSUT"
                },
                "network": {
                    "id": "326b3180-1be3-4e2e-b6a0-c34c801e1503",
                    "name": "Réseau national haut débit",
                    "links": [
                        {
                            "rel": "describedby",
                            "href": "https://standard.ofds.info/en/0__4__0/network-schema.json"
                        }
                    ]
                },
                "featureType": "node"
            }
        },
        {
            "type": "Feature",
            "geometry": {
                "type": "Point",
                "coordinates": [
                    -4.42789326326435,
                    6.247923147736214
                ]
            },
            "properties": {
                "name": "Cechi",
                "id": "d0de8cf3-9d49-4484-baed-65e91c248d1d",
                "networkProviders": [
                    {
                        "id": "2d6622c0-d652-4ff8-b1b5-1e5137d57fcd",
                        "name": "ANSUT"
                    }
                ],
                "status": "operational",
                "transmissionMediumOwner": {
                    "id": "bdcb72d1-cb46-48d9-9f9f-200c43cc4fb5",
                    "name": "ANSUT"
                },
                "network": {
                    "id": "326b3180-1be3-4e2e-b6a0-c34c801e1503",
                    "name": "Réseau national haut débit",
                    "links": [
                        {
                            "rel": "describedby",
                            "href": "https://standard.ofds.info/en/0__4__0/network-schema.json"
                        }
                    ]
                },
                "featureType": "node"
            }
        },
        {
            "type": "Feature",
            "geometry": {
                "type": "Point",
                "coordinates": [
                    -4.615338446357453,
                    6.50027230291073
                ]
            },
            "properties": {
                "name": "Tiémélékro",
                "id": "3a9e9b27-9f7a-4f2a-9d87-dd43304c5d24",
                "networkProviders": [
                    {
                        "id": "2d6622c0-d652-4ff8-b1b5-1e5137d57fcd",
                        "name": "ANSUT"
                    }
                ],
                "status": "operational",
                "transmissionMediumOwner": {
                    "id": "bdcb72d1-cb46-48d9-9f9f-200c43cc4fb5",
                    "name": "ANSUT"
                },
                "network": {
                    "id": "326b3180-1be3-4e2e-b6a0-c34c801e1503",
                    "name": "Réseau national haut débit",
                    "links": [
                        {
                            "rel": "describedby",
                            "href": "https://standard.ofds.info/en/0__4__0/network-schema.json"
                        }
                    ]
                },
                "featureType": "node"
            }
        },
        {
            "type": "Feature",
            "geometry": {
                "type": "Point",
                "coordinates": [
                    -4.3608935843279095,
                    6.469586209965749
                ]
            },
            "properties": {
                "name": "M'Batto",
                "id": "4fbc5dc7-106c-48fa-a55e-18aa9b462124",
                "networkProviders": [
                    {
                        "id": "2d6622c0-d652-4ff8-b1b5-1e5137d57fcd",
                        "name": "ANSUT"
                    }
                ],
                "status": "operational",
                "transmissionMediumOwner": {
                    "id": "bdcb72d1-cb46-48d9-9f9f-200c43cc4fb5",
                    "name": "ANSUT"
                },
                "network": {
                    "id": "326b3180-1be3-4e2e-b6a0-c34c801e1503",
                    "name": "Réseau national haut débit",
                    "links": [
                        {
                            "rel": "describedby",
                            "href": "https://standard.ofds.info/en/0__4__0/network-schema.json"
                        }
                    ]
                },
                "featureType": "node"
            }
        },
        {
            "type": "Feature",
            "geometry": {
                "type": "Point",
                "coordinates": [
                    -3.8461984193598258,
                    6.102577913253514
                ]
            },
            "properties": {
                "name": "Adzope",
                "id": "df98ecad-040a-4e97-9e0a-daf94a044672",
                "networkProviders": [
                    {
                        "id": "2d6622c0-d652-4ff8-b1b5-1e5137d57fcd",
                        "name": "ANSUT"
                    }
                ],
                "status": "operational",
                "transmissionMediumOwner": {
                    "id": "bdcb72d1-cb46-48d9-9f9f-200c43cc4fb5",
                    "name": "ANSUT"
                },
                "network": {
                    "id": "326b3180-1be3-4e2e-b6a0-c34c801e1503",
                    "name": "Réseau national haut débit",
                    "links": [
                        {
                            "rel": "describedby",
                            "href": "https://standard.ofds.info/en/0__4__0/network-schema.json"
                        }
                    ]
                },
                "featureType": "node"
            }
        },
        {
            "type": "Feature",
            "geometry": {
                "type": "Point",
                "coordinates": [
                    -3.880288724427055,
                    6.388207613320077
                ]
            },
            "properties": {
                "name": "Akoupe",
                "id": "27fc8fca-d468-493e-a367-57e33bc8029f",
                "networkProviders": [
                    {
                        "id": "2d6622c0-d652-4ff8-b1b5-1e5137d57fcd",
                        "name": "ANSUT"
                    }
                ],
                "status": "operational",
                "transmissionMediumOwner": {
                    "id": "bdcb72d1-cb46-48d9-9f9f-200c43cc4fb5",
                    "name": "ANSUT"
                },
                "network": {
                    "id": "326b3180-1be3-4e2e-b6a0-c34c801e1503",
                    "name": "Réseau national haut débit",
                    "links": [
                        {
                            "rel": "describedby",
                            "href": "https://standard.ofds.info/en/0__4__0/network-schema.json"
                        }
                    ]
                },
                "featureType": "node"
            }
        },
        {
            "type": "Feature",
            "geometry": {
                "type": "Point",
                "coordinates": [
                    -3.7616635235246725,
                    6.562015463154611
                ]
            },
            "properties": {
                "name": "Bonahouin",
                "id": "29f5002a-b729-468b-abfc-e261ef796c67",
                "networkProviders": [
                    {
                        "id": "2d6622c0-d652-4ff8-b1b5-1e5137d57fcd",
                        "name": "ANSUT"
                    }
                ],
                "status": "operational",
                "transmissionMediumOwner": {
                    "id": "bdcb72d1-cb46-48d9-9f9f-200c43cc4fb5",
                    "name": "ANSUT"
                },
                "network": {
                    "id": "326b3180-1be3-4e2e-b6a0-c34c801e1503",
                    "name": "Réseau national haut débit",
                    "links": [
                        {
                            "rel": "describedby",
                            "href": "https://standard.ofds.info/en/0__4__0/network-schema.json"
                        }
                    ]
                },
                "featureType": "node"
            }
        },
        {
            "type": "Feature",
            "geometry": {
                "type": "Point",
                "coordinates": [
                    -3.972618179521999,
                    6.674366455982962
                ]
            },
            "properties": {
                "name": "Arrah",
                "id": "431fd3ff-2e90-4a19-af7f-0c3b1377c4ba",
                "networkProviders": [
                    {
                        "id": "2d6622c0-d652-4ff8-b1b5-1e5137d57fcd",
                        "name": "ANSUT"
                    }
                ],
                "status": "operational",
                "transmissionMediumOwner": {
                    "id": "bdcb72d1-cb46-48d9-9f9f-200c43cc4fb5",
                    "name": "ANSUT"
                },
                "network": {
                    "id": "326b3180-1be3-4e2e-b6a0-c34c801e1503",
                    "name": "Réseau national haut débit",
                    "links": [
                        {
                            "rel": "describedby",
                            "href": "https://standard.ofds.info/en/0__4__0/network-schema.json"
                        }
                    ]
                },
                "featureType": "node"
            }
        },
        {
            "type": "Feature",
            "geometry": {
                "type": "Point",
                "coordinates": [
                    -3.5077983493035143,
                    6.7381644643072525
                ]
            },
            "properties": {
                "name": "Abengourou",
                "id": "23d24748-df42-4452-894e-1c133b499d03",
                "networkProviders": [
                    {
                        "id": "2d6622c0-d652-4ff8-b1b5-1e5137d57fcd",
                        "name": "ANSUT"
                    }
                ],
                "status": "operational",
                "transmissionMediumOwner": {
                    "id": "bdcb72d1-cb46-48d9-9f9f-200c43cc4fb5",
                    "name": "ANSUT"
                },
                "network": {
                    "id": "326b3180-1be3-4e2e-b6a0-c34c801e1503",
                    "name": "Réseau national haut débit",
                    "links": [
                        {
                            "rel": "describedby",
                            "href": "https://standard.ofds.info/en/0__4__0/network-schema.json"
                        }
                    ]
                },
                "featureType": "node"
            }
        },
        {
            "type": "Feature",
            "geometry": {
                "type": "Point",
                "coordinates": [
                    -3.9518583046594444,
                    5.997319085403558
                ]
            },
            "properties": {
                "name": "Agou",
                "id": "f1b3abd2-7c22-4569-950a-8be2dd85dce2",
                "networkProviders": [
                    {
                        "id": "2d6622c0-d652-4ff8-b1b5-1e5137d57fcd",
                        "name": "ANSUT"
                    }
                ],
                "status": "operational",
                "transmissionMediumOwner": {
                    "id": "bdcb72d1-cb46-48d9-9f9f-200c43cc4fb5",
                    "name": "ANSUT"
                },
                "network": {
                    "id": "326b3180-1be3-4e2e-b6a0-c34c801e1503",
                    "name": "Réseau national haut débit",
                    "links": [
                        {
                            "rel": "describedby",
                            "href": "https://standard.ofds.info/en/0__4__0/network-schema.json"
                        }
                    ]
                },
                "featureType": "node"
            }
        },
        {
            "type": "Feature",
            "geometry": {
                "type": "Point",
                "coordinates": [
                    -5.257618649756451,
                    6.540309700826427
                ]
            },
            "properties": {
                "name": "Kokumbo",
                "id": "79faea1b-654f-4278-b004-8e5c518df70c",
                "networkProviders": [
                    {
                        "id": "2d6622c0-d652-4ff8-b1b5-1e5137d57fcd",
                        "name": "ANSUT"
                    }
                ],
                "status": "operational",
                "transmissionMediumOwner": {
                    "id": "bdcb72d1-cb46-48d9-9f9f-200c43cc4fb5",
                    "name": "ANSUT"
                },
                "network": {
                    "id": "326b3180-1be3-4e2e-b6a0-c34c801e1503",
                    "name": "Réseau national haut débit",
                    "links": [
                        {
                            "rel": "describedby",
                            "href": "https://standard.ofds.info/en/0__4__0/network-schema.json"
                        }
                    ]
                },
                "featureType": "node"
            }
        },
        {
            "type": "Feature",
            "geometry": {
                "type": "Point",
                "coordinates": [
                    -5.015610706201278,
                    6.55552677657659
                ]
            },
            "properties": {
                "name": "Toumodi",
                "id": "d50312a2-bd42-493d-b27e-32d03118c19d",
                "networkProviders": [
                    {
                        "id": "2d6622c0-d652-4ff8-b1b5-1e5137d57fcd",
                        "name": "ANSUT"
                    }
                ],
                "status": "operational",
                "transmissionMediumOwner": {
                    "id": "bdcb72d1-cb46-48d9-9f9f-200c43cc4fb5",
                    "name": "ANSUT"
                },
                "network": {
                    "id": "326b3180-1be3-4e2e-b6a0-c34c801e1503",
                    "name": "Réseau national haut débit",
                    "links": [
                        {
                            "rel": "describedby",
                            "href": "https://standard.ofds.info/en/0__4__0/network-schema.json"
                        }
                    ]
                },
                "featureType": "node"
            }
        },
        {
            "type": "Feature",
            "geometry": {
                "type": "Point",
                "coordinates": [
                    -4.714082826176404,
                    6.6646422366922184
                ]
            },
            "properties": {
                "name": "Dimbokro",
                "id": "736d5e30-e37f-48ab-a36c-1188a770a5ae",
                "networkProviders": [
                    {
                        "id": "2d6622c0-d652-4ff8-b1b5-1e5137d57fcd",
                        "name": "ANSUT"
                    }
                ],
                "status": "operational",
                "transmissionMediumOwner": {
                    "id": "bdcb72d1-cb46-48d9-9f9f-200c43cc4fb5",
                    "name": "ANSUT"
                },
                "network": {
                    "id": "326b3180-1be3-4e2e-b6a0-c34c801e1503",
                    "name": "Réseau national haut débit",
                    "links": [
                        {
                            "rel": "describedby",
                            "href": "https://standard.ofds.info/en/0__4__0/network-schema.json"
                        }
                    ]
                },
                "featureType": "node"
            }
        },
        {
            "type": "Feature",
            "geometry": {
                "type": "Point",
                "coordinates": [
                    -4.4756547641586995,
                    6.670542189046385
                ]
            },
            "properties": {
                "name": "Assahara",
                "id": "c92e06bf-186f-41b3-b161-f79267e50d79",
                "networkProviders": [
                    {
                        "id": "2d6622c0-d652-4ff8-b1b5-1e5137d57fcd",
                        "name": "ANSUT"
                    }
                ],
                "status": "operational",
                "transmissionMediumOwner": {
                    "id": "bdcb72d1-cb46-48d9-9f9f-200c43cc4fb5",
                    "name": "ANSUT"
                },
                "network": {
                    "id": "326b3180-1be3-4e2e-b6a0-c34c801e1503",
                    "name": "Réseau national haut débit",
                    "links": [
                        {
                            "rel": "describedby",
                            "href": "https://standard.ofds.info/en/0__4__0/network-schema.json"
                        }
                    ]
                },
                "featureType": "node"
            }
        },
        {
            "type": "Feature",
            "geometry": {
                "type": "Point",
                "coordinates": [
                    -4.518058288825215,
                    6.903469828271744
                ]
            },
            "properties": {
                "name": "Dida Moessou",
                "id": "0090bc06-76ea-4a22-a233-4f162df54d57",
                "networkProviders": [
                    {
                        "id": "2d6622c0-d652-4ff8-b1b5-1e5137d57fcd",
                        "name": "ANSUT"
                    }
                ],
                "status": "operational",
                "transmissionMediumOwner": {
                    "id": "bdcb72d1-cb46-48d9-9f9f-200c43cc4fb5",
                    "name": "ANSUT"
                },
                "network": {
                    "id": "326b3180-1be3-4e2e-b6a0-c34c801e1503",
                    "name": "Réseau national haut débit",
                    "links": [
                        {
                            "rel": "describedby",
                            "href": "https://standard.ofds.info/en/0__4__0/network-schema.json"
                        }
                    ]
                },
                "featureType": "node"
            }
        },
        {
            "type": "Feature",
            "geometry": {
                "type": "Point",
                "coordinates": [
                    -4.495439041175583,
                    7.065943195780268
                ]
            },
            "properties": {
                "name": "Bocanda",
                "id": "ed63be8b-ab14-4675-9d3c-9c1031da7ded",
                "networkProviders": [
                    {
                        "id": "2d6622c0-d652-4ff8-b1b5-1e5137d57fcd",
                        "name": "ANSUT"
                    }
                ],
                "status": "operational",
                "transmissionMediumOwner": {
                    "id": "bdcb72d1-cb46-48d9-9f9f-200c43cc4fb5",
                    "name": "ANSUT"
                },
                "network": {
                    "id": "326b3180-1be3-4e2e-b6a0-c34c801e1503",
                    "name": "Réseau national haut débit",
                    "links": [
                        {
                            "rel": "describedby",
                            "href": "https://standard.ofds.info/en/0__4__0/network-schema.json"
                        }
                    ]
                },
                "featureType": "node"
            }
        },
        {
            "type": "Feature",
            "geometry": {
                "type": "Point",
                "coordinates": [
                    -4.254570509783238,
                    7.28353836081813
                ]
            },
            "properties": {
                "name": "Ananda",
                "id": "8466c5cf-997d-47ec-8e99-6908774a8b4a",
                "networkProviders": [
                    {
                        "id": "2d6622c0-d652-4ff8-b1b5-1e5137d57fcd",
                        "name": "ANSUT"
                    }
                ],
                "status": "operational",
                "transmissionMediumOwner": {
                    "id": "bdcb72d1-cb46-48d9-9f9f-200c43cc4fb5",
                    "name": "ANSUT"
                },
                "network": {
                    "id": "326b3180-1be3-4e2e-b6a0-c34c801e1503",
                    "name": "Réseau national haut débit",
                    "links": [
                        {
                            "rel": "describedby",
                            "href": "https://standard.ofds.info/en/0__4__0/network-schema.json"
                        }
                    ]
                },
                "featureType": "node"
            }
        },
        {
            "type": "Feature",
            "geometry": {
                "type": "Point",
                "coordinates": [
                    -4.014226147723924,
                    7.305657756008532
                ]
            },
            "properties": {
                "name": "Ouellé",
                "id": "fe913e72-835a-4b3b-8820-f06622aa6a28",
                "networkProviders": [
                    {
                        "id": "2d6622c0-d652-4ff8-b1b5-1e5137d57fcd",
                        "name": "ANSUT"
                    }
                ],
                "status": "operational",
                "transmissionMediumOwner": {
                    "id": "bdcb72d1-cb46-48d9-9f9f-200c43cc4fb5",
                    "name": "ANSUT"
                },
                "network": {
                    "id": "326b3180-1be3-4e2e-b6a0-c34c801e1503",
                    "name": "Réseau national haut débit",
                    "links": [
                        {
                            "rel": "describedby",
                            "href": "https://standard.ofds.info/en/0__4__0/network-schema.json"
                        }
                    ]
                },
                "featureType": "node"
            }
        },
        {
            "type": "Feature",
            "geometry": {
                "type": "Point",
                "coordinates": [
                    -3.991895833472046,
                    7.642264662397581
                ]
            },
            "properties": {
                "name": "Prikro",
                "id": "cbcc6c44-53f9-4a20-9088-1bb7e5423918",
                "networkProviders": [
                    {
                        "id": "2d6622c0-d652-4ff8-b1b5-1e5137d57fcd",
                        "name": "ANSUT"
                    }
                ],
                "status": "operational",
                "transmissionMediumOwner": {
                    "id": "bdcb72d1-cb46-48d9-9f9f-200c43cc4fb5",
                    "name": "ANSUT"
                },
                "network": {
                    "id": "326b3180-1be3-4e2e-b6a0-c34c801e1503",
                    "name": "Réseau national haut débit",
                    "links": [
                        {
                            "rel": "describedby",
                            "href": "https://standard.ofds.info/en/0__4__0/network-schema.json"
                        }
                    ]
                },
                "featureType": "node"
            }
        },
        {
            "type": "Feature",
            "geometry": {
                "type": "Point",
                "coordinates": [
                    -4.0028518269576905,
                    7.920448873950767
                ]
            },
            "properties": {
                "name": "Groumania",
                "id": "3572ac1a-d22a-4c9c-a67c-34cfcdb87a9a",
                "networkProviders": [
                    {
                        "id": "2d6622c0-d652-4ff8-b1b5-1e5137d57fcd",
                        "name": "ANSUT"
                    }
                ],
                "status": "operational",
                "transmissionMediumOwner": {
                    "id": "bdcb72d1-cb46-48d9-9f9f-200c43cc4fb5",
                    "name": "ANSUT"
                },
                "network": {
                    "id": "326b3180-1be3-4e2e-b6a0-c34c801e1503",
                    "name": "Réseau national haut débit",
                    "links": [
                        {
                            "rel": "describedby",
                            "href": "https://standard.ofds.info/en/0__4__0/network-schema.json"
                        }
                    ]
                },
                "featureType": "node"
            }
        },
        {
            "type": "Feature",
            "geometry": {
                "type": "Point",
                "coordinates": [
                    -4.102275432100413,
                    8.050436861339334
                ]
            },
            "properties": {
                "name": "Bassawa",
                "id": "0341ab0e-434f-4da7-b68a-9cd66a70100f",
                "networkProviders": [
                    {
                        "id": "2d6622c0-d652-4ff8-b1b5-1e5137d57fcd",
                        "name": "ANSUT"
                    }
                ],
                "status": "operational",
                "transmissionMediumOwner": {
                    "id": "bdcb72d1-cb46-48d9-9f9f-200c43cc4fb5",
                    "name": "ANSUT"
                },
                "network": {
                    "id": "326b3180-1be3-4e2e-b6a0-c34c801e1503",
                    "name": "Réseau national haut débit",
                    "links": [
                        {
                            "rel": "describedby",
                            "href": "https://standard.ofds.info/en/0__4__0/network-schema.json"
                        }
                    ]
                },
                "featureType": "node"
            }
        },
        {
            "type": "Feature",
            "geometry": {
                "type": "Point",
                "coordinates": [
                    -4.365750373898357,
                    7.89996118664395
                ]
            },
            "properties": {
                "name": "Satama-Sokoura",
                "id": "850d4c5f-9350-4f8d-a29e-193e046de48e",
                "networkProviders": [
                    {
                        "id": "2d6622c0-d652-4ff8-b1b5-1e5137d57fcd",
                        "name": "ANSUT"
                    }
                ],
                "status": "operational",
                "transmissionMediumOwner": {
                    "id": "bdcb72d1-cb46-48d9-9f9f-200c43cc4fb5",
                    "name": "ANSUT"
                },
                "network": {
                    "id": "326b3180-1be3-4e2e-b6a0-c34c801e1503",
                    "name": "Réseau national haut débit",
                    "links": [
                        {
                            "rel": "describedby",
                            "href": "https://standard.ofds.info/en/0__4__0/network-schema.json"
                        }
                    ]
                },
                "featureType": "node"
            }
        },
        {
            "type": "Feature",
            "geometry": {
                "type": "Point",
                "coordinates": [
                    -5.0390699301153825,
                    7.691029790158979
                ]
            },
            "properties": {
                "name": "Bouaké",
                "id": "cfc34b94-ce4c-4222-8e14-6835937e3173",
                "networkProviders": [
                    {
                        "id": "2d6622c0-d652-4ff8-b1b5-1e5137d57fcd",
                        "name": "ANSUT"
                    }
                ],
                "status": "operational",
                "transmissionMediumOwner": {
                    "id": "bdcb72d1-cb46-48d9-9f9f-200c43cc4fb5",
                    "name": "ANSUT"
                },
                "network": {
                    "id": "326b3180-1be3-4e2e-b6a0-c34c801e1503",
                    "name": "Réseau national haut débit",
                    "links": [
                        {
                            "rel": "describedby",
                            "href": "https://standard.ofds.info/en/0__4__0/network-schema.json"
                        }
                    ]
                },
                "featureType": "node"
            }
        },
        {
            "type": "Feature",
            "geometry": {
                "type": "Point",
                "coordinates": [
                    -4.531518683752456,
                    7.8954686576175295
                ]
            },
            "properties": {
                "name": "Satama Sokouro",
                "id": "e5780356-bcf5-4e1b-9ae0-ef13c5f063e4",
                "networkProviders": [
                    {
                        "id": "2d6622c0-d652-4ff8-b1b5-1e5137d57fcd",
                        "name": "ANSUT"
                    }
                ],
                "status": "operational",
                "transmissionMediumOwner": {
                    "id": "bdcb72d1-cb46-48d9-9f9f-200c43cc4fb5",
                    "name": "ANSUT"
                },
                "network": {
                    "id": "326b3180-1be3-4e2e-b6a0-c34c801e1503",
                    "name": "Réseau national haut débit",
                    "links": [
                        {
                            "rel": "describedby",
                            "href": "https://standard.ofds.info/en/0__4__0/network-schema.json"
                        }
                    ]
                },
                "featureType": "node"
            }
        },
        {
            "type": "Feature",
            "geometry": {
                "type": "Point",
                "coordinates": [
                    -4.832929284882363,
                    7.795036563491919
                ]
            },
            "properties": {
                "name": "Kanguierenou",
                "id": "21a57d8a-255e-4fe5-ba74-8fe616e3eb7c",
                "networkProviders": [
                    {
                        "id": "2d6622c0-d652-4ff8-b1b5-1e5137d57fcd",
                        "name": "ANSUT"
                    }
                ],
                "status": "operational",
                "transmissionMediumOwner": {
                    "id": "bdcb72d1-cb46-48d9-9f9f-200c43cc4fb5",
                    "name": "ANSUT"
                },
                "network": {
                    "id": "326b3180-1be3-4e2e-b6a0-c34c801e1503",
                    "name": "Réseau national haut débit",
                    "links": [
                        {
                            "rel": "describedby",
                            "href": "https://standard.ofds.info/en/0__4__0/network-schema.json"
                        }
                    ]
                },
                "featureType": "node"
            }
        },
        {
            "type": "Feature",
            "geometry": {
                "type": "Point",
                "coordinates": [
                    -4.00643709858774,
                    7.93253997754837
                ]
            },
            "properties": {
                "name": "Diamandougou",
                "id": "278f7fae-beee-46c7-a3e6-3a81f2d8ba13",
                "networkProviders": [
                    {
                        "id": "2d6622c0-d652-4ff8-b1b5-1e5137d57fcd",
                        "name": "ANSUT"
                    }
                ],
                "status": "operational",
                "transmissionMediumOwner": {
                    "id": "bdcb72d1-cb46-48d9-9f9f-200c43cc4fb5",
                    "name": "ANSUT"
                },
                "network": {
                    "id": "326b3180-1be3-4e2e-b6a0-c34c801e1503",
                    "name": "Réseau national haut débit",
                    "links": [
                        {
                            "rel": "describedby",
                            "href": "https://standard.ofds.info/en/0__4__0/network-schema.json"
                        }
                    ]
                },
                "featureType": "node"
            }
        },
        {
            "type": "Feature",
            "geometry": {
                "type": "Point",
                "coordinates": [
                    -3.22334419617915,
                    7.759647523435847
                ]
            },
            "properties": {
                "name": "Namassi",
                "id": "a1652c38-30d0-4e3b-b911-2a74b030eeda",
                "networkProviders": [
                    {
                        "id": "2d6622c0-d652-4ff8-b1b5-1e5137d57fcd",
                        "name": "ANSUT"
                    }
                ],
                "status": "operational",
                "transmissionMediumOwner": {
                    "id": "bdcb72d1-cb46-48d9-9f9f-200c43cc4fb5",
                    "name": "ANSUT"
                },
                "network": {
                    "id": "326b3180-1be3-4e2e-b6a0-c34c801e1503",
                    "name": "Réseau national haut débit",
                    "links": [
                        {
                            "rel": "describedby",
                            "href": "https://standard.ofds.info/en/0__4__0/network-schema.json"
                        }
                    ]
                },
                "featureType": "node"
            }
        },
        {
            "type": "Feature",
            "geometry": {
                "type": "Point",
                "coordinates": [
                    -3.170333181917384,
                    7.797170725632194
                ]
            },
            "properties": {
                "name": "Tanda",
                "id": "306e989e-d338-429a-b828-e727b37c361a",
                "networkProviders": [
                    {
                        "id": "2d6622c0-d652-4ff8-b1b5-1e5137d57fcd",
                        "name": "ANSUT"
                    }
                ],
                "status": "operational",
                "transmissionMediumOwner": {
                    "id": "bdcb72d1-cb46-48d9-9f9f-200c43cc4fb5",
                    "name": "ANSUT"
                },
                "network": {
                    "id": "326b3180-1be3-4e2e-b6a0-c34c801e1503",
                    "name": "Réseau national haut débit",
                    "links": [
                        {
                            "rel": "describedby",
                            "href": "https://standard.ofds.info/en/0__4__0/network-schema.json"
                        }
                    ]
                },
                "featureType": "node"
            }
        },
        {
            "type": "Feature",
            "geometry": {
                "type": "Point",
                "coordinates": [
                    -2.805696695529718,
                    8.042670750884174
                ]
            },
            "properties": {
                "name": "Boudoukou",
                "id": "db455849-d826-4c97-827e-41a7c8d96056",
                "networkProviders": [
                    {
                        "id": "2d6622c0-d652-4ff8-b1b5-1e5137d57fcd",
                        "name": "ANSUT"
                    }
                ],
                "status": "operational",
                "transmissionMediumOwner": {
                    "id": "bdcb72d1-cb46-48d9-9f9f-200c43cc4fb5",
                    "name": "ANSUT"
                },
                "network": {
                    "id": "326b3180-1be3-4e2e-b6a0-c34c801e1503",
                    "name": "Réseau national haut débit",
                    "links": [
                        {
                            "rel": "describedby",
                            "href": "https://standard.ofds.info/en/0__4__0/network-schema.json"
                        }
                    ]
                },
                "featureType": "node"
            }
        },
        {
            "type": "Feature",
            "geometry": {
                "type": "Point",
                "coordinates": [
                    -2.963785419189438,
                    8.29135039129701
                ]
            },
            "properties": {
                "name": "Lahoudi-Ba",
                "id": "8e8d45e7-f13f-4c00-b1e5-8f3170d3ce0c",
                "networkProviders": [
                    {
                        "id": "2d6622c0-d652-4ff8-b1b5-1e5137d57fcd",
                        "name": "ANSUT"
                    }
                ],
                "status": "operational",
                "transmissionMediumOwner": {
                    "id": "bdcb72d1-cb46-48d9-9f9f-200c43cc4fb5",
                    "name": "ANSUT"
                },
                "network": {
                    "id": "326b3180-1be3-4e2e-b6a0-c34c801e1503",
                    "name": "Réseau national haut débit",
                    "links": [
                        {
                            "rel": "describedby",
                            "href": "https://standard.ofds.info/en/0__4__0/network-schema.json"
                        }
                    ]
                },
                "featureType": "node"
            }
        },
        {
            "type": "Feature",
            "geometry": {
                "type": "Point",
                "coordinates": [
                    -3.196632391590338,
                    8.685073552215309
                ]
            },
            "properties": {
                "name": "Kotouba",
                "id": "62edd098-9df4-4628-8fb6-471217bc7b04",
                "networkProviders": [
                    {
                        "id": "2d6622c0-d652-4ff8-b1b5-1e5137d57fcd",
                        "name": "ANSUT"
                    }
                ],
                "status": "operational",
                "transmissionMediumOwner": {
                    "id": "bdcb72d1-cb46-48d9-9f9f-200c43cc4fb5",
                    "name": "ANSUT"
                },
                "network": {
                    "id": "326b3180-1be3-4e2e-b6a0-c34c801e1503",
                    "name": "Réseau national haut débit",
                    "links": [
                        {
                            "rel": "describedby",
                            "href": "https://standard.ofds.info/en/0__4__0/network-schema.json"
                        }
                    ]
                },
                "featureType": "node"
            }
        },
        {
            "type": "Feature",
            "geometry": {
                "type": "Point",
                "coordinates": [
                    -3.377544150729253,
                    8.594279867708547
                ]
            },
            "properties": {
                "name": "Lambira",
                "id": "790dc2f4-33bc-443a-ad15-dc0de3b92c6c",
                "networkProviders": [
                    {
                        "id": "2d6622c0-d652-4ff8-b1b5-1e5137d57fcd",
                        "name": "ANSUT"
                    }
                ],
                "status": "operational",
                "transmissionMediumOwner": {
                    "id": "bdcb72d1-cb46-48d9-9f9f-200c43cc4fb5",
                    "name": "ANSUT"
                },
                "network": {
                    "id": "326b3180-1be3-4e2e-b6a0-c34c801e1503",
                    "name": "Réseau national haut débit",
                    "links": [
                        {
                            "rel": "describedby",
                            "href": "https://standard.ofds.info/en/0__4__0/network-schema.json"
                        }
                    ]
                },
                "featureType": "node"
            }
        },
        {
            "type": "Feature",
            "geometry": {
                "type": "Point",
                "coordinates": [
                    -3.7822049835347546,
                    8.656606935481975
                ]
            },
            "properties": {
                "name": "Kakpin",
                "id": "39e57c1d-849e-4317-9260-6e07d29fcbb8",
                "networkProviders": [
                    {
                        "id": "2d6622c0-d652-4ff8-b1b5-1e5137d57fcd",
                        "name": "ANSUT"
                    }
                ],
                "status": "operational",
                "transmissionMediumOwner": {
                    "id": "bdcb72d1-cb46-48d9-9f9f-200c43cc4fb5",
                    "name": "ANSUT"
                },
                "network": {
                    "id": "326b3180-1be3-4e2e-b6a0-c34c801e1503",
                    "name": "Réseau national haut débit",
                    "links": [
                        {
                            "rel": "describedby",
                            "href": "https://standard.ofds.info/en/0__4__0/network-schema.json"
                        }
                    ]
                },
                "featureType": "node"
            }
        },
        {
            "type": "Feature",
            "geometry": {
                "type": "Point",
                "coordinates": [
                    -4.147183245386404,
                    8.51907277288777
                ]
            },
            "properties": {
                "name": "Bobosso",
                "id": "d92c6a4a-6cc0-4242-ade8-4253eb276242",
                "networkProviders": [
                    {
                        "id": "2d6622c0-d652-4ff8-b1b5-1e5137d57fcd",
                        "name": "ANSUT"
                    }
                ],
                "status": "operational",
                "transmissionMediumOwner": {
                    "id": "bdcb72d1-cb46-48d9-9f9f-200c43cc4fb5",
                    "name": "ANSUT"
                },
                "network": {
                    "id": "326b3180-1be3-4e2e-b6a0-c34c801e1503",
                    "name": "Réseau national haut débit",
                    "links": [
                        {
                            "rel": "describedby",
                            "href": "https://standard.ofds.info/en/0__4__0/network-schema.json"
                        }
                    ]
                },
                "featureType": "node"
            }
        },
        {
            "type": "Feature",
            "geometry": {
                "type": "Point",
                "coordinates": [
                    -3.1713794957001307,
                    9.018298003744007
                ]
            },
            "properties": {
                "name": "Bania",
                "id": "2e346aa8-c859-496c-b00c-30650b588ccd",
                "networkProviders": [
                    {
                        "id": "2d6622c0-d652-4ff8-b1b5-1e5137d57fcd",
                        "name": "ANSUT"
                    }
                ],
                "status": "operational",
                "transmissionMediumOwner": {
                    "id": "bdcb72d1-cb46-48d9-9f9f-200c43cc4fb5",
                    "name": "ANSUT"
                },
                "network": {
                    "id": "326b3180-1be3-4e2e-b6a0-c34c801e1503",
                    "name": "Réseau national haut débit",
                    "links": [
                        {
                            "rel": "describedby",
                            "href": "https://standard.ofds.info/en/0__4__0/network-schema.json"
                        }
                    ]
                },
                "featureType": "node"
            }
        },
        {
            "type": "Feature",
            "geometry": {
                "type": "Point",
                "coordinates": [
                    -3.00607236172526,
                    9.27058825847328
                ]
            },
            "properties": {
                "name": "Bouna",
                "id": "fff7accf-4674-4cc3-a15c-37b78d92a3f2",
                "networkProviders": [
                    {
                        "id": "2d6622c0-d652-4ff8-b1b5-1e5137d57fcd",
                        "name": "ANSUT"
                    }
                ],
                "status": "operational",
                "transmissionMediumOwner": {
                    "id": "bdcb72d1-cb46-48d9-9f9f-200c43cc4fb5",
                    "name": "ANSUT"
                },
                "network": {
                    "id": "326b3180-1be3-4e2e-b6a0-c34c801e1503",
                    "name": "Réseau national haut débit",
                    "links": [
                        {
                            "rel": "describedby",
                            "href": "https://standard.ofds.info/en/0__4__0/network-schema.json"
                        }
                    ]
                },
                "featureType": "node"
            }
        },
        {
            "type": "Feature",
            "geometry": {
                "type": "Point",
                "coordinates": [
                    -4.30718368917089,
                    9.587199859572687
                ]
            },
            "properties": {
                "name": "Kafolo-Bac",
                "id": "42ddc33b-6638-4b34-a9e7-d9cd79374e0d",
                "networkProviders": [
                    {
                        "id": "2d6622c0-d652-4ff8-b1b5-1e5137d57fcd",
                        "name": "ANSUT"
                    }
                ],
                "status": "operational",
                "transmissionMediumOwner": {
                    "id": "bdcb72d1-cb46-48d9-9f9f-200c43cc4fb5",
                    "name": "ANSUT"
                },
                "network": {
                    "id": "326b3180-1be3-4e2e-b6a0-c34c801e1503",
                    "name": "Réseau national haut débit",
                    "links": [
                        {
                            "rel": "describedby",
                            "href": "https://standard.ofds.info/en/0__4__0/network-schema.json"
                        }
                    ]
                },
                "featureType": "node"
            }
        },
        {
            "type": "Feature",
            "geometry": {
                "type": "Point",
                "coordinates": [
                    -3.1699276404654952,
                    9.481696735229798
                ]
            },
            "properties": {
                "name": "Bouko",
                "id": "f5a23d52-7598-410c-8e01-d681f4555563",
                "networkProviders": [
                    {
                        "id": "2d6622c0-d652-4ff8-b1b5-1e5137d57fcd",
                        "name": "ANSUT"
                    }
                ],
                "status": "operational",
                "transmissionMediumOwner": {
                    "id": "bdcb72d1-cb46-48d9-9f9f-200c43cc4fb5",
                    "name": "ANSUT"
                },
                "network": {
                    "id": "326b3180-1be3-4e2e-b6a0-c34c801e1503",
                    "name": "Réseau national haut débit",
                    "links": [
                        {
                            "rel": "describedby",
                            "href": "https://standard.ofds.info/en/0__4__0/network-schema.json"
                        }
                    ]
                },
                "featureType": "node"
            }
        },
        {
            "type": "Feature",
            "geometry": {
                "type": "Point",
                "coordinates": [
                    -3.2547563342939614,
                    7.485571105908966
                ]
            },
            "properties": {
                "name": "Koun-Fao",
                "id": "330e87b1-3855-43c2-ae90-77a870c018b1",
                "networkProviders": [
                    {
                        "id": "2d6622c0-d652-4ff8-b1b5-1e5137d57fcd",
                        "name": "ANSUT"
                    }
                ],
                "status": "operational",
                "transmissionMediumOwner": {
                    "id": "bdcb72d1-cb46-48d9-9f9f-200c43cc4fb5",
                    "name": "ANSUT"
                },
                "network": {
                    "id": "326b3180-1be3-4e2e-b6a0-c34c801e1503",
                    "name": "Réseau national haut débit",
                    "links": [
                        {
                            "rel": "describedby",
                            "href": "https://standard.ofds.info/en/0__4__0/network-schema.json"
                        }
                    ]
                },
                "featureType": "node"
            }
        },
        {
            "type": "Feature",
            "geometry": {
                "type": "Point",
                "coordinates": [
                    -3.199050283276235,
                    7.125706082268521
                ]
            },
            "properties": {
                "name": "Agnibilekrou",
                "id": "999b9e11-e1c4-44f5-8201-daa7d518d4d0",
                "networkProviders": [
                    {
                        "id": "2d6622c0-d652-4ff8-b1b5-1e5137d57fcd",
                        "name": "ANSUT"
                    }
                ],
                "status": "operational",
                "transmissionMediumOwner": {
                    "id": "bdcb72d1-cb46-48d9-9f9f-200c43cc4fb5",
                    "name": "ANSUT"
                },
                "network": {
                    "id": "326b3180-1be3-4e2e-b6a0-c34c801e1503",
                    "name": "Réseau national haut débit",
                    "links": [
                        {
                            "rel": "describedby",
                            "href": "https://standard.ofds.info/en/0__4__0/network-schema.json"
                        }
                    ]
                },
                "featureType": "node"
            }
        },
        {
            "type": "Feature",
            "geometry": {
                "type": "Point",
                "coordinates": [
                    -3.3995646944382933,
                    6.950782322725949
                ]
            },
            "properties": {
                "name": "Yakasse-Feyasse",
                "id": "b1f9b519-21d5-4587-97e7-366d2b99b91c",
                "networkProviders": [
                    {
                        "id": "2d6622c0-d652-4ff8-b1b5-1e5137d57fcd",
                        "name": "ANSUT"
                    }
                ],
                "status": "operational",
                "transmissionMediumOwner": {
                    "id": "bdcb72d1-cb46-48d9-9f9f-200c43cc4fb5",
                    "name": "ANSUT"
                },
                "network": {
                    "id": "326b3180-1be3-4e2e-b6a0-c34c801e1503",
                    "name": "Réseau national haut débit",
                    "links": [
                        {
                            "rel": "describedby",
                            "href": "https://standard.ofds.info/en/0__4__0/network-schema.json"
                        }
                    ]
                },
                "featureType": "node"
            }
        },
        {
            "type": "Feature",
            "geometry": {
                "type": "Point",
                "coordinates": [
                    -3.203774539030367,
                    7.121404006168761
                ]
            },
            "properties": {
                "name": "Damé",
                "id": "02983b06-1a47-4fa3-b62d-2cec1147dab7",
                "networkProviders": [
                    {
                        "id": "2d6622c0-d652-4ff8-b1b5-1e5137d57fcd",
                        "name": "ANSUT"
                    }
                ],
                "status": "operational",
                "transmissionMediumOwner": {
                    "id": "bdcb72d1-cb46-48d9-9f9f-200c43cc4fb5",
                    "name": "ANSUT"
                },
                "network": {
                    "id": "326b3180-1be3-4e2e-b6a0-c34c801e1503",
                    "name": "Réseau national haut débit",
                    "links": [
                        {
                            "rel": "describedby",
                            "href": "https://standard.ofds.info/en/0__4__0/network-schema.json"
                        }
                    ]
                },
                "featureType": "node"
            }
        },
        {
            "type": "Feature",
            "geometry": {
                "type": "Point",
                "coordinates": [
                    -3.4500969642268533,
                    6.63790360038098
                ]
            },
            "properties": {
                "name": "Niable",
                "id": "10c0abea-9b79-4a43-a2a7-8c5f310e9bbb",
                "networkProviders": [
                    {
                        "id": "2d6622c0-d652-4ff8-b1b5-1e5137d57fcd",
                        "name": "ANSUT"
                    }
                ],
                "status": "operational",
                "transmissionMediumOwner": {
                    "id": "bdcb72d1-cb46-48d9-9f9f-200c43cc4fb5",
                    "name": "ANSUT"
                },
                "network": {
                    "id": "326b3180-1be3-4e2e-b6a0-c34c801e1503",
                    "name": "Réseau national haut débit",
                    "links": [
                        {
                            "rel": "describedby",
                            "href": "https://standard.ofds.info/en/0__4__0/network-schema.json"
                        }
                    ]
                },
                "featureType": "node"
            }
        },
        {
            "type": "Feature",
            "geometry": {
                "type": "Point",
                "coordinates": [
                    -4.8964598763326945,
                    7.125976835619159
                ]
            },
            "properties": {
                "name": "Didievi",
                "id": "3ceefc83-b87c-42c7-b0ac-fa67e23d5227",
                "networkProviders": [
                    {
                        "id": "2d6622c0-d652-4ff8-b1b5-1e5137d57fcd",
                        "name": "ANSUT"
                    }
                ],
                "status": "operational",
                "transmissionMediumOwner": {
                    "id": "bdcb72d1-cb46-48d9-9f9f-200c43cc4fb5",
                    "name": "ANSUT"
                },
                "network": {
                    "id": "326b3180-1be3-4e2e-b6a0-c34c801e1503",
                    "name": "Réseau national haut débit",
                    "links": [
                        {
                            "rel": "describedby",
                            "href": "https://standard.ofds.info/en/0__4__0/network-schema.json"
                        }
                    ]
                },
                "featureType": "node"
            }
        },
        {
            "type": "Feature",
            "geometry": {
                "type": "Point",
                "coordinates": [
                    -4.427885249377576,
                    8.365893646669198
                ]
            },
            "properties": {
                "name": "fork",
                "id": "c38bd85a-df60-4ecf-8630-a938fb913cbe",
                "networkProviders": [
                    {
                        "id": "2d6622c0-d652-4ff8-b1b5-1e5137d57fcd",
                        "name": "ANSUT"
                    }
                ],
                "status": "operational",
                "transmissionMediumOwner": {
                    "id": "bdcb72d1-cb46-48d9-9f9f-200c43cc4fb5",
                    "name": "ANSUT"
                },
                "network": {
                    "id": "326b3180-1be3-4e2e-b6a0-c34c801e1503",
                    "name": "Réseau national haut débit",
                    "links": [
                        {
                            "rel": "describedby",
                            "href": "https://standard.ofds.info/en/0__4__0/network-schema.json"
                        }
                    ]
                },
                "featureType": "node"
            }
        },
        {
            "type": "Feature",
            "geometry": {
                "type": "Point",
                "coordinates": [
                    -4.451590048800842,
                    8.127460961158793
                ]
            },
            "properties": {
                "name": "default-node",
                "id": "8725cd07-881b-405d-97aa-7363572c5040",
                "networkProviders": [
                    {
                        "id": "2d6622c0-d652-4ff8-b1b5-1e5137d57fcd",
                        "name": "ANSUT"
                    }
                ],
                "status": "operational",
                "transmissionMediumOwner": {
                    "id": "bdcb72d1-cb46-48d9-9f9f-200c43cc4fb5",
                    "name": "ANSUT"
                },
                "network": {
                    "id": "326b3180-1be3-4e2e-b6a0-c34c801e1503",
                    "name": "Réseau national haut débit",
                    "links": [
                        {
                            "rel": "describedby",
                            "href": "https://standard.ofds.info/en/0__4__0/network-schema.json"
                        }
                    ]
                },
                "featureType": "node"
            }
        },
        {
            "type": "Feature",
            "geometry": {
                "type": "Point",
                "coordinates": [
                    -4.070237124609813,
                    5.581059169406123
                ]
            },
            "properties": {
                "name": "fork",
                "id": "826fb005-8805-409c-b830-cf8861c08735",
                "networkProviders": [
                    {
                        "id": "2d6622c0-d652-4ff8-b1b5-1e5137d57fcd",
                        "name": "ANSUT"
                    }
                ],
                "status": "operational",
                "transmissionMediumOwner": {
                    "id": "bdcb72d1-cb46-48d9-9f9f-200c43cc4fb5",
                    "name": "ANSUT"
                },
                "network": {
                    "id": "326b3180-1be3-4e2e-b6a0-c34c801e1503",
                    "name": "Réseau national haut débit",
                    "links": [
                        {
                            "rel": "describedby",
                            "href": "https://standard.ofds.info/en/0__4__0/network-schema.json"
                        }
                    ]
                },
                "featureType": "node"
            }
        },
        {
            "type": "Feature",
            "geometry": {
                "type": "Point",
                "coordinates": [
                    -4.208011305123593,
                    6.651666297079633
                ]
            },
            "properties": {
                "name": "fork",
                "id": "a21dbeed-91aa-4d80-a588-bae8f7cc27b8",
                "networkProviders": [
                    {
                        "id": "2d6622c0-d652-4ff8-b1b5-1e5137d57fcd",
                        "name": "ANSUT"
                    }
                ],
                "status": "operational",
                "transmissionMediumOwner": {
                    "id": "bdcb72d1-cb46-48d9-9f9f-200c43cc4fb5",
                    "name": "ANSUT"
                },
                "network": {
                    "id": "326b3180-1be3-4e2e-b6a0-c34c801e1503",
                    "name": "Réseau national haut débit",
                    "links": [
                        {
                            "rel": "describedby",
                            "href": "https://standard.ofds.info/en/0__4__0/network-schema.json"
                        }
                    ]
                },
                "featureType": "node"
            }
        },
        {
            "type": "Feature",
            "geometry": {
                "type": "Point",
                "coordinates": [
                    -6.134228396803219,
                    4.991751022021351
                ]
            },
            "properties": {
                "name": "fork",
                "id": "509d3914-3dd1-477a-b05d-8f59d4d41f35",
                "networkProviders": [
                    {
                        "id": "2d6622c0-d652-4ff8-b1b5-1e5137d57fcd",
                        "name": "ANSUT"
                    }
                ],
                "status": "operational",
                "transmissionMediumOwner": {
                    "id": "bdcb72d1-cb46-48d9-9f9f-200c43cc4fb5",
                    "name": "ANSUT"
                },
                "network": {
                    "id": "326b3180-1be3-4e2e-b6a0-c34c801e1503",
                    "name": "Réseau national haut débit",
                    "links": [
                        {
                            "rel": "describedby",
                            "href": "https://standard.ofds.info/en/0__4__0/network-schema.json"
                        }
                    ]
                },
                "featureType": "node"
            }
        }
    ]
}