{
    "type": "FeatureCollection",
    "features": [
        {
            "type": "Feature",
            "geometry": {
                "type": "LineString",
                "coordinates": [
                    [
                        -14.502296643964792,
                        11.08349761817477
                    ],
                    [
                        -14.50423579057766,
                        11.08631936511851
                    ],
                    [
                        -14.50778913876704,
                        11.10838115331577
                    ],
                    [
                        -14.53701813727709,
                        11.1521934707654
                    ],
                    [
                        -14.5415527546622,
                        11.21781167311476
                    ],
                    [
                        -14.5611815038043,
                        11.24577928678774
                    ],
                    [
                        -14.56195172376212,
                        11.24689820052135
                    ],
                    [
                        -14.60704998189862,
                        11.30172670999354
                    ],
                    [
                        -14.62539386245017,
                        11.30798809896422
                    ],
                    [
                        -14.65890704360331,
                        11.29770888429283
                    ],
                    [
                        -14.6840617402775,
                        11.29270806878497
                    ],
                    [
                        -14.70419717670973,
                        11.29190870886774
                    ],
                    [
                        -14.74318198973651,
                        11.26412739216482
                    ],
                    [
                        -14.79523574356657,
                        11.20985305478167
                    ],
                    [
                        -14.82997940908834,
                        11.15504586542146
                    ],
                    [
                        -14.82962666553012,
                        11.15437215551431
                    ],
                    [
                        -14.847666587363772,
                        11.10752232284012
                    ]
                ]
            },
            "properties": {
                "id": "15d6219d-32fb-400c-b81c-8c47d00bfcf2",
                "name": "PoP - PoP",
                "start": {
                    "name": "PoP",
                    "id": "dfa57ab4-2e82-4ac5-a1b0-1c3e5289fe72",
                    "networkProviders": [
                        {
                            "id": "03208a59-5332-41f1-ad19-35b56df0eba2",
                            "name": "Société de Gestion de la Backbone Nationale de Guinée (SOGEB)"
                        }
                    ],
                    "status": "operational",
                    "location": {
                        "type": "Point",
                        "coordinates": [
                            -14.502240038496534,
                            11.083415248793314
                        ]
                    },
                    "transmissionMediumOwner": {
                        "id": "c5e1a548-eca0-4cad-9b0e-f3a9237f5c58",
                        "name": "Governement de Guinée"
                    }
                },
                "end": {
                    "name": "PoP",
                    "id": "5273a822-5839-40bd-96fd-e07bfcc956c7",
                    "networkProviders": [
                        {
                            "id": "03208a59-5332-41f1-ad19-35b56df0eba2",
                            "name": "Société de Gestion de la Backbone Nationale de Guinée (SOGEB)"
                        }
                    ],
                    "status": "operational",
                    "location": {
                        "type": "Point",
                        "coordinates": [
                            -14.84770248829453,
                            11.10742908781314
                        ]
                    },
                    "transmissionMediumOwner": {
                        "id": "c5e1a548-eca0-4cad-9b0e-f3a9237f5c58",
                        "name": "Governement de Guinée"
                    }
                },
                "status": "operational",
                "networkProviders": [
                    {
                        "id": "03208a59-5332-41f1-ad19-35b56df0eba2",
                        "name": "Société de Gestion de la Backbone Nationale de Guinée (SOGEB)"
                    }
                ],
                "transmissionMediumOwner": {
                    "id": "c5e1a548-eca0-4cad-9b0e-f3a9237f5c58",
                    "name": "Governement de Guinée"
                },
                "network": {
                    "id": "86ae7c8c-070e-496e-9685-480072a7eed2",
                    "name": "Backbone National de Guinée",
                    "links": [
                        {
                            "rel": "describedby",
                            "href": "https://standard.ofds.info/en/0__4__0/network-schema.json"
                        }
                    ]
                },
                "featureType": "span"
            }
        },
        {
            "type": "Feature",
            "geometry": {
                "type": "LineString",
                "coordinates": [
                    [
                        -14.847645561352804,
                        11.107346956852655
                    ],
                    [
                        -14.83196022653371,
                        11.08471704603799
                    ],
                    [
                        -14.79631811135786,
                        11.060070780055133
                    ]
                ]
            },
            "properties": {
                "id": "230b9dbc-e35d-418f-b0cb-83a2336cd92b",
                "name": "PoP - PoP",
                "start": {
                    "name": "PoP",
                    "id": "5273a822-5839-40bd-96fd-e07bfcc956c7",
                    "networkProviders": [
                        {
                            "id": "03208a59-5332-41f1-ad19-35b56df0eba2",
                            "name": "Société de Gestion de la Backbone Nationale de Guinée (SOGEB)"
                        }
                    ],
                    "status": "operational",
                    "location": {
                        "type": "Point",
                        "coordinates": [
                            -14.84770248829453,
                            11.10742908781314
                        ]
                    },
                    "transmissionMediumOwner": {
                        "id": "c5e1a548-eca0-4cad-9b0e-f3a9237f5c58",
                        "name": "Governement de Guinée"
                    }
                },
                "end": {
                    "name": "PoP",
                    "id": "ec6b3d51-1c96-44cc-b663-d28f36f5b6f5",
                    "networkProviders": [
                        {
                            "id": "03208a59-5332-41f1-ad19-35b56df0eba2",
                            "name": "Société de Gestion de la Backbone Nationale de Guinée (SOGEB)"
                        }
                    ],
                    "status": "operational",
                    "location": {
                        "type": "Point",
                        "coordinates": [
                            -14.796235914718599,
                            11.060013941670988
                        ]
                    },
                    "transmissionMediumOwner": {
                        "id": "c5e1a548-eca0-4cad-9b0e-f3a9237f5c58",
                        "name": "Governement de Guinée"
                    }
                },
                "status": "operational",
                "networkProviders": [
                    {
                        "id": "03208a59-5332-41f1-ad19-35b56df0eba2",
                        "name": "Société de Gestion de la Backbone Nationale de Guinée (SOGEB)"
                    }
                ],
                "transmissionMediumOwner": {
                    "id": "c5e1a548-eca0-4cad-9b0e-f3a9237f5c58",
                    "name": "Governement de Guinée"
                },
                "network": {
                    "id": "86ae7c8c-070e-496e-9685-480072a7eed2",
                    "name": "Backbone National de Guinée",
                    "links": [
                        {
                            "rel": "describedby",
                            "href": "https://standard.ofds.info/en/0__4__0/network-schema.json"
                        }
                    ]
                },
                "featureType": "span"
            }
        },
        {
            "type": "Feature",
            "geometry": {
                "type": "LineString",
                "coordinates": [
                    [
                        -13.875289969512208,
                        11.431544755026188
                    ],
                    [
                        -13.86416942368772,
                        11.44799496178672
                    ],
                    [
                        -13.87246309475839,
                        11.48924446055073
                    ],
                    [
                        -13.87229989948709,
                        11.48940523075088
                    ],
                    [
                        -13.86071354435829,
                        11.50146125006428
                    ],
                    [
                        -13.85551789979287,
                        11.51734986714846
                    ],
                    [
                        -13.82080373758484,
                        11.53360395525309
                    ],
                    [
                        -13.82096983575842,
                        11.53456564109518
                    ],
                    [
                        -13.82130162665839,
                        11.53632865197956
                    ],
                    [
                        -13.82163096817595,
                        11.53712957582501
                    ],
                    [
                        -13.82168789365805,
                        11.55941714803365
                    ],
                    [
                        -13.79043587279303,
                        11.56285932201372
                    ],
                    [
                        -13.74902700563644,
                        11.5916247445406
                    ],
                    [
                        -13.74869996331665,
                        11.59178579406686
                    ],
                    [
                        -13.73219441929323,
                        11.60513005059162
                    ],
                    [
                        -13.7318672940871,
                        11.60529108717341
                    ],
                    [
                        -13.72110979106805,
                        11.62872688798423
                    ],
                    [
                        -13.72440047854597,
                        11.63593660310016
                    ],
                    [
                        -13.73275532781135,
                        11.637040926435
                    ],
                    [
                        -13.73591216004578,
                        11.64754842449933
                    ],
                    [
                        -13.72169366632934,
                        11.65896327691049
                    ],
                    [
                        -13.72153029013041,
                        11.65912396378397
                    ],
                    [
                        -13.71712356181787,
                        11.66554700828353
                    ],
                    [
                        -13.7156756937232,
                        11.67741576018992
                    ],
                    [
                        -13.69724123966587,
                        11.68640889245085
                    ],
                    [
                        -13.69235110333947,
                        11.69700163030345
                    ],
                    [
                        -13.67044297686346,
                        11.71372036422894
                    ],
                    [
                        -13.67027953992445,
                        11.71388102449603
                    ],
                    [
                        -13.66112553032022,
                        11.72239704961253
                    ],
                    [
                        -13.62246631084385,
                        11.73577245913458
                    ],
                    [
                        -13.5882497628241,
                        11.74240426996033
                    ],
                    [
                        -13.56794441988033,
                        11.75066368682361
                    ],
                    [
                        -13.56598764398083,
                        11.75595881234695
                    ],
                    [
                        -13.54092964124049,
                        11.7566376110817
                    ],
                    [
                        -13.54027447527312,
                        11.75663853146468
                    ],
                    [
                        -13.50997629224987,
                        11.76116846594512
                    ],
                    [
                        -13.49099074567202,
                        11.77658706536998
                    ],
                    [
                        -13.47150860280646,
                        11.78247342409485
                    ],
                    [
                        -13.4402623162185,
                        11.7715013486639
                    ],
                    [
                        -13.40604028947803,
                        11.78474338716783
                    ],
                    [
                        -13.39730608631622,
                        11.79845015692482
                    ],
                    [
                        -13.39630610866292,
                        11.79845104259421
                    ],
                    [
                        -13.39455587080353,
                        11.79820795259769
                    ],
                    [
                        -13.35103247896951,
                        11.78894344132636
                    ],
                    [
                        -13.33822567668574,
                        11.78553864525677
                    ],
                    [
                        -13.33496805792909,
                        11.77575578701502
                    ],
                    [
                        -13.29846263341959,
                        11.76623195502043
                    ],
                    [
                        -13.2967123279822,
                        11.76623256293958
                    ],
                    [
                        -13.26744609039719,
                        11.76256891547321
                    ],
                    [
                        -13.22947870835019,
                        11.7643220987717
                    ],
                    [
                        -13.202666385115437,
                        11.757372873523735
                    ]
                ]
            },
            "properties": {
                "id": "a14c7c50-2e8c-446a-b333-aa982b4e38a0",
                "name": "Wendou Borou - Gaoual",
                "start": {
                    "name": "Wendou Borou",
                    "id": "96307e82-1f23-433d-a588-eee97308db85",
                    "networkProviders": [
                        {
                            "id": "03208a59-5332-41f1-ad19-35b56df0eba2",
                            "name": "Société de Gestion de la Backbone Nationale de Guinée (SOGEB)"
                        }
                    ],
                    "status": "operational",
                    "location": {
                        "type": "Point",
                        "coordinates": [
                            -13.875345960383347,
                            11.431461929828442
                        ]
                    },
                    "transmissionMediumOwner": {
                        "id": "c5e1a548-eca0-4cad-9b0e-f3a9237f5c58",
                        "name": "Governement de Guinée"
                    }
                },
                "end": {
                    "name": "Gaoual",
                    "id": "c1dd8390-fd5f-421c-8d27-73ea528bad0f",
                    "networkProviders": [
                        {
                            "id": "03208a59-5332-41f1-ad19-35b56df0eba2",
                            "name": "Société de Gestion de la Backbone Nationale de Guinée (SOGEB)"
                        }
                    ],
                    "status": "operational",
                    "location": {
                        "type": "Point",
                        "coordinates": [
                            -13.202569696948643,
                            11.7573478138583
                        ]
                    },
                    "transmissionMediumOwner": {
                        "id": "c5e1a548-eca0-4cad-9b0e-f3a9237f5c58",
                        "name": "Governement de Guinée"
                    }
                },
                "status": "operational",
                "networkProviders": [
                    {
                        "id": "03208a59-5332-41f1-ad19-35b56df0eba2",
                        "name": "Société de Gestion de la Backbone Nationale de Guinée (SOGEB)"
                    }
                ],
                "transmissionMediumOwner": {
                    "id": "c5e1a548-eca0-4cad-9b0e-f3a9237f5c58",
                    "name": "Governement de Guinée"
                },
                "network": {
                    "id": "86ae7c8c-070e-496e-9685-480072a7eed2",
                    "name": "Backbone National de Guinée",
                    "links": [
                        {
                            "rel": "describedby",
                            "href": "https://standard.ofds.info/en/0__4__0/network-schema.json"
                        }
                    ]
                },
                "featureType": "span"
            }
        },
        {
            "type": "Feature",
            "geometry": {
                "type": "LineString",
                "coordinates": [
                    [
                        -13.112107123953736,
                        12.237562572623045
                    ],
                    [
                        -13.1175506230066,
                        12.24164176397905
                    ],
                    [
                        -13.14858696281355,
                        12.26071810739422
                    ],
                    [
                        -13.15935184703292,
                        12.27196763772363
                    ],
                    [
                        -13.17626118400426,
                        12.31178702478209
                    ],
                    [
                        -13.20983274612651,
                        12.3751310763393
                    ],
                    [
                        -13.24642047048053,
                        12.43396611664314
                    ],
                    [
                        -13.24642090629008,
                        12.43494453878616
                    ],
                    [
                        -13.27249273841912,
                        12.47186445214277
                    ],
                    [
                        -13.29555585470449,
                        12.48603849271171
                    ],
                    [
                        -13.301442528406534,
                        12.493478790466533
                    ]
                ]
            },
            "properties": {
                "id": "6279be9d-e3d8-464c-ab27-a16f684ba5b5",
                "name": "PoP - Koundara",
                "start": {
                    "name": "PoP",
                    "id": "f5667ae7-8b9d-489e-8ff6-c08b3e3f7a8e",
                    "networkProviders": [
                        {
                            "id": "03208a59-5332-41f1-ad19-35b56df0eba2",
                            "name": "Société de Gestion de la Backbone Nationale de Guinée (SOGEB)"
                        }
                    ],
                    "status": "operational",
                    "location": {
                        "type": "Point",
                        "coordinates": [
                            -13.112027195144977,
                            12.237502676423444
                        ]
                    },
                    "transmissionMediumOwner": {
                        "id": "c5e1a548-eca0-4cad-9b0e-f3a9237f5c58",
                        "name": "Governement de Guinée"
                    }
                },
                "end": {
                    "name": "Koundara",
                    "id": "18b8f71b-7021-4c87-bc08-e14008a6522d",
                    "networkProviders": [
                        {
                            "id": "03208a59-5332-41f1-ad19-35b56df0eba2",
                            "name": "Société de Gestion de la Backbone Nationale de Guinée (SOGEB)"
                        }
                    ],
                    "status": "operational",
                    "location": {
                        "type": "Point",
                        "coordinates": [
                            -13.301504531071988,
                            12.49355715701374
                        ]
                    },
                    "transmissionMediumOwner": {
                        "id": "c5e1a548-eca0-4cad-9b0e-f3a9237f5c58",
                        "name": "Governement de Guinée"
                    }
                },
                "status": "operational",
                "networkProviders": [
                    {
                        "id": "03208a59-5332-41f1-ad19-35b56df0eba2",
                        "name": "Société de Gestion de la Backbone Nationale de Guinée (SOGEB)"
                    }
                ],
                "transmissionMediumOwner": {
                    "id": "c5e1a548-eca0-4cad-9b0e-f3a9237f5c58",
                    "name": "Governement de Guinée"
                },
                "network": {
                    "id": "86ae7c8c-070e-496e-9685-480072a7eed2",
                    "name": "Backbone National de Guinée",
                    "links": [
                        {
                            "rel": "describedby",
                            "href": "https://standard.ofds.info/en/0__4__0/network-schema.json"
                        }
                    ]
                },
                "featureType": "span"
            }
        },
        {
            "type": "Feature",
            "geometry": {
                "type": "LineString",
                "coordinates": [
                    [
                        -13.301566533737441,
                        12.493635523560947
                    ],
                    [
                        -13.3064169906575,
                        12.49976612388956
                    ],
                    [
                        -13.3224677293752,
                        12.52078972306557
                    ],
                    [
                        -13.34172586613941,
                        12.54671722023914
                    ],
                    [
                        -13.3693175192704,
                        12.56504059557301
                    ],
                    [
                        -13.37837061198954,
                        12.59830025271281
                    ],
                    [
                        -13.42524323863732,
                        12.59849393366226
                    ],
                    [
                        -13.4422836175298,
                        12.59627281156267
                    ],
                    [
                        -13.44479026807632,
                        12.59651451678554
                    ],
                    [
                        -13.47185902973531,
                        12.59574836675402
                    ],
                    [
                        -13.51462225278828,
                        12.59405742552355
                    ],
                    [
                        -13.51512424931022,
                        12.59454589279875
                    ],
                    [
                        -13.53269783334078,
                        12.61359761866151
                    ],
                    [
                        -13.54200277859812,
                        12.63290568288932
                    ],
                    [
                        -13.5553272085062,
                        12.65587804014895
                    ],
                    [
                        -13.558840880070262,
                        12.673319544632637
                    ]
                ]
            },
            "properties": {
                "id": "83c7f411-4441-4167-9f6b-64ed99354e3e",
                "name": "Koundara - Senegal Border",
                "start": {
                    "name": "Koundara",
                    "id": "18b8f71b-7021-4c87-bc08-e14008a6522d",
                    "networkProviders": [
                        {
                            "id": "03208a59-5332-41f1-ad19-35b56df0eba2",
                            "name": "Société de Gestion de la Backbone Nationale de Guinée (SOGEB)"
                        }
                    ],
                    "status": "operational",
                    "location": {
                        "type": "Point",
                        "coordinates": [
                            -13.301504531071988,
                            12.49355715701374
                        ]
                    },
                    "transmissionMediumOwner": {
                        "id": "c5e1a548-eca0-4cad-9b0e-f3a9237f5c58",
                        "name": "Governement de Guinée"
                    }
                },
                "end": {
                    "name": "Senegal Border",
                    "id": "1960e612-02d2-4ab4-bfdc-7964c7ff113a",
                    "networkProviders": [
                        {
                            "id": "03208a59-5332-41f1-ad19-35b56df0eba2",
                            "name": "Société de Gestion de la Backbone Nationale de Guinée (SOGEB)"
                        }
                    ],
                    "status": "operational",
                    "location": {
                        "type": "Point",
                        "coordinates": [
                            -13.55886062646462,
                            12.673417563704552
                        ]
                    },
                    "transmissionMediumOwner": {
                        "id": "c5e1a548-eca0-4cad-9b0e-f3a9237f5c58",
                        "name": "Governement de Guinée"
                    }
                },
                "status": "operational",
                "networkProviders": [
                    {
                        "id": "03208a59-5332-41f1-ad19-35b56df0eba2",
                        "name": "Société de Gestion de la Backbone Nationale de Guinée (SOGEB)"
                    }
                ],
                "transmissionMediumOwner": {
                    "id": "c5e1a548-eca0-4cad-9b0e-f3a9237f5c58",
                    "name": "Governement de Guinée"
                },
                "network": {
                    "id": "86ae7c8c-070e-496e-9685-480072a7eed2",
                    "name": "Backbone National de Guinée",
                    "links": [
                        {
                            "rel": "describedby",
                            "href": "https://standard.ofds.info/en/0__4__0/network-schema.json"
                        }
                    ]
                },
                "featureType": "span"
            }
        },
        {
            "type": "Feature",
            "geometry": {
                "type": "LineString",
                "coordinates": [
                    [
                        -11.661215398026812,
                        11.44627736250292
                    ],
                    [
                        -11.66101641596712,
                        11.44865140463787
                    ],
                    [
                        -11.65102180211045,
                        11.46148541180693
                    ],
                    [
                        -11.64683022850653,
                        11.47185479884424
                    ],
                    [
                        -11.6307939887935,
                        11.47253394436161
                    ],
                    [
                        -11.63053540438518,
                        11.47253263041538
                    ],
                    [
                        -11.61240288642959,
                        11.47826900039758
                    ],
                    [
                        -11.59764285923614,
                        11.4817413141019
                    ],
                    [
                        -11.59345060625728,
                        11.49160429209483
                    ],
                    [
                        -11.57411627723077,
                        11.47984531739011
                    ],
                    [
                        -11.5611893620092,
                        11.47851046827781
                    ],
                    [
                        -11.55803047513323,
                        11.48812592146482
                    ],
                    [
                        -11.55725431672091,
                        11.48812187544396
                    ],
                    [
                        -11.54664318351099,
                        11.48857343215304
                    ],
                    [
                        -11.55655555232459,
                        11.47443063944761
                    ],
                    [
                        -11.55656410411648,
                        11.47290987822332
                    ],
                    [
                        -11.55666878349352,
                        11.45415412219187
                    ],
                    [
                        -11.54690703959373,
                        11.44168147323814
                    ],
                    [
                        -11.53996496233077,
                        11.43378546477753
                    ],
                    [
                        -11.54360362398769,
                        11.41934643957632
                    ],
                    [
                        -11.53445594608446,
                        11.39091310972334
                    ],
                    [
                        -11.52862195499158,
                        11.37111413731112
                    ],
                    [
                        -11.51885090379203,
                        11.36193701583123
                    ],
                    [
                        -11.51756132363486,
                        11.36142305210919
                    ],
                    [
                        -11.51652879467779,
                        11.36116393638205
                    ],
                    [
                        -11.50621230478779,
                        11.3595586451055
                    ],
                    [
                        -11.48009101376518,
                        11.36017223720318
                    ],
                    [
                        -11.46930923049269,
                        11.34693217050809
                    ],
                    [
                        -11.45616304581495,
                        11.34052187381073
                    ],
                    [
                        -11.43653111095042,
                        11.33838238038919
                    ],
                    [
                        -11.42497352493493,
                        11.32615135467072
                    ],
                    [
                        -11.40794751432987,
                        11.31799425028251
                    ],
                    [
                        -11.38865150753766,
                        11.29962540998542
                    ],
                    [
                        -11.37316974960613,
                        11.29344967097349
                    ],
                    [
                        -11.37265567183275,
                        11.29293963976764
                    ],
                    [
                        -11.34254555969135,
                        11.27045465468834
                    ],
                    [
                        -11.34125306647489,
                        11.27044694259782
                    ],
                    [
                        -11.33064222709015,
                        11.27241101011446
                    ],
                    [
                        -11.31594297245478,
                        11.26725289824517
                    ],
                    [
                        -11.31465078411845,
                        11.26724503445153
                    ],
                    [
                        -11.28853393675546,
                        11.26961878326167
                    ],
                    [
                        -11.28672674048275,
                        11.26935409755635
                    ],
                    [
                        -11.28440109135587,
                        11.26933960453987
                    ],
                    [
                        -11.23639995725346,
                        11.26827196069442
                    ],
                    [
                        -11.20075784745102,
                        11.26449542649176
                    ],
                    [
                        -11.19972590962726,
                        11.2642352819698
                    ],
                    [
                        -11.18164078732337,
                        11.263610240151
                    ],
                    [
                        -11.16983297588191,
                        11.26052999544325
                    ],
                    [
                        -11.14675546963218,
                        11.23401657865257
                    ],
                    [
                        -11.12690955906533,
                        11.22678672404798
                    ],
                    [
                        -11.0962261091099,
                        11.21796053805456
                    ],
                    [
                        -11.0836215636684,
                        11.20123316130083
                    ],
                    [
                        -11.07519272850001,
                        11.18748800396332
                    ],
                    [
                        -11.07416104245608,
                        11.18722736805052
                    ],
                    [
                        -11.07286915735407,
                        11.18721835934002
                    ],
                    [
                        -11.05888622990032,
                        11.19142893479536
                    ],
                    [
                        -11.05758708413221,
                        11.19243354795387
                    ],
                    [
                        -11.05706853467055,
                        11.19268333755393
                    ],
                    [
                        -11.04432986338052,
                        11.20349116801039
                    ],
                    [
                        -11.04329831888846,
                        11.20323042153889
                    ],
                    [
                        -11.04200657671007,
                        11.20322126556388
                    ],
                    [
                        -11.02089963751375,
                        11.19268044620929
                    ],
                    [
                        -11.00273264502355,
                        11.16923478891711
                    ],
                    [
                        -11.00221601946418,
                        11.16923106285164
                    ],
                    [
                        -10.98030995527756,
                        11.16222912492889
                    ],
                    [
                        -10.97850161212822,
                        11.1622158890213
                    ],
                    [
                        -10.97591822839425,
                        11.16219695557027
                    ],
                    [
                        -10.97126802747459,
                        11.16216280118492
                    ],
                    [
                        -10.969734738310223,
                        11.162057452933952
                    ]
                ]
            },
            "properties": {
                "id": "7e4e4358-4875-4897-81a0-e39ecb3af3b0",
                "name": "Tougue - Sélouma",
                "start": {
                    "name": "Tougue",
                    "id": "026a0667-2b30-4528-97c8-ed10fa2adac4",
                    "networkProviders": [
                        {
                            "id": "03208a59-5332-41f1-ad19-35b56df0eba2",
                            "name": "Société de Gestion de la Backbone Nationale de Guinée (SOGEB)"
                        }
                    ],
                    "status": "operational",
                    "location": {
                        "type": "Point",
                        "coordinates": [
                            -11.661223745228725,
                            11.446177772574654
                        ]
                    },
                    "transmissionMediumOwner": {
                        "id": "c5e1a548-eca0-4cad-9b0e-f3a9237f5c58",
                        "name": "Governement de Guinée"
                    }
                },
                "end": {
                    "name": "Sélouma",
                    "id": "fc5ecd9d-a9be-4373-905d-375c46d5285d",
                    "networkProviders": [
                        {
                            "id": "03208a59-5332-41f1-ad19-35b56df0eba2",
                            "name": "Société de Gestion de la Backbone Nationale de Guinée (SOGEB)"
                        }
                    ],
                    "status": "operational",
                    "location": {
                        "type": "Point",
                        "coordinates": [
                            -10.969635074712356,
                            11.16205060531123
                        ]
                    },
                    "transmissionMediumOwner": {
                        "id": "c5e1a548-eca0-4cad-9b0e-f3a9237f5c58",
                        "name": "Governement de Guinée"
                    }
                },
                "status": "operational",
                "networkProviders": [
                    {
                        "id": "03208a59-5332-41f1-ad19-35b56df0eba2",
                        "name": "Société de Gestion de la Backbone Nationale de Guinée (SOGEB)"
                    }
                ],
                "transmissionMediumOwner": {
                    "id": "c5e1a548-eca0-4cad-9b0e-f3a9237f5c58",
                    "name": "Governement de Guinée"
                },
                "network": {
                    "id": "86ae7c8c-070e-496e-9685-480072a7eed2",
                    "name": "Backbone National de Guinée",
                    "links": [
                        {
                            "rel": "describedby",
                            "href": "https://standard.ofds.info/en/0__4__0/network-schema.json"
                        }
                    ]
                },
                "featureType": "span"
            }
        },
        {
            "type": "Feature",
            "geometry": {
                "type": "LineString",
                "coordinates": [
                    [
                        -10.969535411114489,
                        11.162043757688508
                    ],
                    [
                        -10.96713629238568,
                        11.16187892057375
                    ],
                    [
                        -10.94029651390646,
                        11.15737030202291
                    ],
                    [
                        -10.88926033907423,
                        11.19092770213934
                    ],
                    [
                        -10.8877103086991,
                        11.19091591543457
                    ],
                    [
                        -10.86688853526742,
                        11.21027236828599
                    ],
                    [
                        -10.86559068099793,
                        11.21102272030097
                    ],
                    [
                        -10.83003288961608,
                        11.23026309485722
                    ],
                    [
                        -10.80673966569688,
                        11.23362979632362
                    ],
                    [
                        -10.80596405846487,
                        11.23362371501756
                    ],
                    [
                        -10.77264034177884,
                        11.24350232059454
                    ],
                    [
                        -10.77211310272655,
                        11.24476536214908
                    ],
                    [
                        -10.75411110513302,
                        11.26515030685287
                    ],
                    [
                        -10.7528145499604,
                        11.26564678582716
                    ],
                    [
                        -10.7507425534019,
                        11.2661370217667
                    ],
                    [
                        -10.74970653356226,
                        11.26638213613391
                    ],
                    [
                        -10.73023534526008,
                        11.27611020752855
                    ],
                    [
                        -10.71752244179163,
                        11.2810770878703
                    ],
                    [
                        -10.71725735680037,
                        11.28183542295934
                    ],
                    [
                        -10.71396677552746,
                        11.289190551077878
                    ]
                ]
            },
            "properties": {
                "id": "4e9e00ad-88bf-49f8-8cb4-41c5539e349d",
                "name": "Sélouma - Dinguiraye",
                "start": {
                    "name": "Sélouma",
                    "id": "fc5ecd9d-a9be-4373-905d-375c46d5285d",
                    "networkProviders": [
                        {
                            "id": "03208a59-5332-41f1-ad19-35b56df0eba2",
                            "name": "Société de Gestion de la Backbone Nationale de Guinée (SOGEB)"
                        }
                    ],
                    "status": "operational",
                    "location": {
                        "type": "Point",
                        "coordinates": [
                            -10.969635074712356,
                            11.16205060531123
                        ]
                    },
                    "transmissionMediumOwner": {
                        "id": "c5e1a548-eca0-4cad-9b0e-f3a9237f5c58",
                        "name": "Governement de Guinée"
                    }
                },
                "end": {
                    "name": "Dinguiraye",
                    "id": "704627c1-4383-4c07-8751-676988c6d0b3",
                    "networkProviders": [
                        {
                            "id": "03208a59-5332-41f1-ad19-35b56df0eba2",
                            "name": "Société de Gestion de la Backbone Nationale de Guinée (SOGEB)"
                        }
                    ],
                    "status": "operational",
                    "location": {
                        "type": "Point",
                        "coordinates": [
                            -10.713925977687529,
                            11.289281742668292
                        ]
                    },
                    "transmissionMediumOwner": {
                        "id": "c5e1a548-eca0-4cad-9b0e-f3a9237f5c58",
                        "name": "Governement de Guinée"
                    }
                },
                "status": "operational",
                "networkProviders": [
                    {
                        "id": "03208a59-5332-41f1-ad19-35b56df0eba2",
                        "name": "Société de Gestion de la Backbone Nationale de Guinée (SOGEB)"
                    }
                ],
                "transmissionMediumOwner": {
                    "id": "c5e1a548-eca0-4cad-9b0e-f3a9237f5c58",
                    "name": "Governement de Guinée"
                },
                "network": {
                    "id": "86ae7c8c-070e-496e-9685-480072a7eed2",
                    "name": "Backbone National de Guinée",
                    "links": [
                        {
                            "rel": "describedby",
                            "href": "https://standard.ofds.info/en/0__4__0/network-schema.json"
                        }
                    ]
                },
                "featureType": "span"
            }
        },
        {
            "type": "Feature",
            "geometry": {
                "type": "LineString",
                "coordinates": [
                    [
                        -10.713885179847596,
                        11.289372934258706
                    ],
                    [
                        -10.71330223340496,
                        11.29067593984229
                    ],
                    [
                        -10.6969826876628,
                        11.29333300251991
                    ],
                    [
                        -10.68383630975357,
                        11.28764859240592
                    ],
                    [
                        -10.66919904348858,
                        11.30976023923776
                    ],
                    [
                        -10.6678959105102,
                        11.31101663772886
                    ],
                    [
                        -10.66607150354559,
                        11.31277556764633
                    ],
                    [
                        -10.6647661563172,
                        11.31428536639112
                    ],
                    [
                        -10.6537706345227,
                        11.33041372547416
                    ],
                    [
                        -10.65298642443224,
                        11.33142091044305
                    ],
                    [
                        -10.64064953699747,
                        11.35285989268264
                    ],
                    [
                        -10.60568120049925,
                        11.38829948687496
                    ],
                    [
                        -10.60515966409843,
                        11.3888019170769
                    ],
                    [
                        -10.56507103609074,
                        11.41836448844605
                    ],
                    [
                        -10.53644655902527,
                        11.43636894148973
                    ],
                    [
                        -10.5002867771306,
                        11.44328466303221
                    ],
                    [
                        -10.49899394961269,
                        11.44327320514621
                    ],
                    [
                        -10.46944194227066,
                        11.45111974446712
                    ],
                    [
                        -10.46055565668514,
                        11.46117772918514
                    ],
                    [
                        -10.45926270602768,
                        11.46116601071018
                    ],
                    [
                        -10.43362684217727,
                        11.46448052195506
                    ],
                    [
                        -10.43284854238676,
                        11.46472684038324
                    ],
                    [
                        -10.41906071198406,
                        11.47296439609701
                    ],
                    [
                        -10.41724753051545,
                        11.47320114628004
                    ],
                    [
                        -10.41491933632507,
                        11.47317965693127
                    ],
                    [
                        -10.41336716839839,
                        11.47316531749035
                    ],
                    [
                        -10.38295075555375,
                        11.47499773658101
                    ],
                    [
                        -10.36557987433753,
                        11.47939736602889
                    ],
                    [
                        -10.36428674675522,
                        11.47938518203705
                    ],
                    [
                        -10.36066592783527,
                        11.47935101859912
                    ],
                    [
                        -10.33377244285843,
                        11.47833457941759
                    ],
                    [
                        -10.32387991976559,
                        11.48457699072975
                    ],
                    [
                        -10.3233624634549,
                        11.48457201292294
                    ],
                    [
                        -10.26343957990757,
                        11.48983289010417
                    ],
                    [
                        -10.26292238896059,
                        11.4898278855548
                    ],
                    [
                        -10.21277905331436,
                        11.48680199512832
                    ],
                    [
                        -10.20349145859038,
                        11.48442839835943
                    ],
                    [
                        -10.2033542561801,
                        11.47251350579032
                    ],
                    [
                        -10.20335683581981,
                        11.47226004288452
                    ],
                    [
                        -10.19466591460191,
                        11.46203263114688
                    ],
                    [
                        -10.19337777060776,
                        11.46151259577519
                    ],
                    [
                        -10.17076236381011,
                        11.45850075417315
                    ],
                    [
                        -10.15443749234947,
                        11.46138092654827
                    ],
                    [
                        -10.13898616990683,
                        11.45514209950152
                    ],
                    [
                        -10.12999474426942,
                        11.44947406640032
                    ],
                    [
                        -10.12818467107508,
                        11.44945574153638
                    ],
                    [
                        -10.08188751761566,
                        11.44948137577648
                    ],
                    [
                        -10.08008238064966,
                        11.44895607450773
                    ],
                    [
                        -10.05470231078138,
                        11.45174018452476
                    ],
                    [
                        -10.05263062879675,
                        11.45197242415939
                    ],
                    [
                        -10.02743566911638,
                        11.46185140850065
                    ],
                    [
                        -10.02614552597856,
                        11.46158442620932
                    ],
                    [
                        -10.00172505935758,
                        11.44814480478349
                    ],
                    [
                        -9.986747064465131,
                        11.440952624395031
                    ]
                ]
            },
            "properties": {
                "id": "3da9a43e-a687-428f-a4bd-6c7438dbf664",
                "name": "Dinguiraye - PoP",
                "start": {
                    "name": "Dinguiraye",
                    "id": "704627c1-4383-4c07-8751-676988c6d0b3",
                    "networkProviders": [
                        {
                            "id": "03208a59-5332-41f1-ad19-35b56df0eba2",
                            "name": "Société de Gestion de la Backbone Nationale de Guinée (SOGEB)"
                        }
                    ],
                    "status": "operational",
                    "location": {
                        "type": "Point",
                        "coordinates": [
                            -10.713925977687529,
                            11.289281742668292
                        ]
                    },
                    "transmissionMediumOwner": {
                        "id": "c5e1a548-eca0-4cad-9b0e-f3a9237f5c58",
                        "name": "Governement de Guinée"
                    }
                },
                "end": {
                    "name": "PoP",
                    "id": "82e7667d-2dc6-4597-b0a3-773f7b71d901",
                    "networkProviders": [
                        {
                            "id": "03208a59-5332-41f1-ad19-35b56df0eba2",
                            "name": "Société de Gestion de la Backbone Nationale de Guinée (SOGEB)"
                        }
                    ],
                    "status": "operational",
                    "location": {
                        "type": "Point",
                        "coordinates": [
                            -9.9866570256273,
                            11.44090938926454
                        ]
                    },
                    "transmissionMediumOwner": {
                        "id": "c5e1a548-eca0-4cad-9b0e-f3a9237f5c58",
                        "name": "Governement de Guinée"
                    }
                },
                "status": "operational",
                "networkProviders": [
                    {
                        "id": "03208a59-5332-41f1-ad19-35b56df0eba2",
                        "name": "Société de Gestion de la Backbone Nationale de Guinée (SOGEB)"
                    }
                ],
                "transmissionMediumOwner": {
                    "id": "c5e1a548-eca0-4cad-9b0e-f3a9237f5c58",
                    "name": "Governement de Guinée"
                },
                "network": {
                    "id": "86ae7c8c-070e-496e-9685-480072a7eed2",
                    "name": "Backbone National de Guinée",
                    "links": [
                        {
                            "rel": "describedby",
                            "href": "https://standard.ofds.info/en/0__4__0/network-schema.json"
                        }
                    ]
                },
                "featureType": "span"
            }
        },
        {
            "type": "Feature",
            "geometry": {
                "type": "LineString",
                "coordinates": [
                    [
                        -9.98656698678947,
                        11.440866154134051
                    ],
                    [
                        -9.98597139627831,
                        11.44058016162139
                    ],
                    [
                        -9.941358478522124,
                        11.42945905235086
                    ],
                    [
                        -9.932783819294977,
                        11.43316839258656
                    ],
                    [
                        -9.930968318768933,
                        11.43365566161433
                    ],
                    [
                        -9.92315773756491,
                        11.43838657741811
                    ],
                    [
                        -9.914025509495147,
                        11.44563719206569
                    ],
                    [
                        -9.912468451316036,
                        11.4461271103236
                    ],
                    [
                        -9.911948473771913,
                        11.44637488457838
                    ],
                    [
                        -9.90522596202893,
                        11.44630147427993
                    ],
                    [
                        -9.904708840859474,
                        11.44629581913643
                    ],
                    [
                        -9.890846827327204,
                        11.43727280778658
                    ],
                    [
                        -9.890065349169339,
                        11.43777112164167
                    ],
                    [
                        -9.871002885816994,
                        11.45378206119502
                    ],
                    [
                        -9.86996839314298,
                        11.45377061795852
                    ],
                    [
                        -9.868678162753243,
                        11.45350287662335
                    ],
                    [
                        -9.85383933801684,
                        11.43914325847282
                    ],
                    [
                        -9.853580676656419,
                        11.43914036542289
                    ],
                    [
                        -9.829324453328407,
                        11.44875770590025
                    ],
                    [
                        -9.828792485381225,
                        11.45001905794464
                    ],
                    [
                        -9.827469957117492,
                        11.45253885544199
                    ],
                    [
                        -9.81235958609675,
                        11.46200081223858
                    ],
                    [
                        -9.810811083391268,
                        11.46172998846082
                    ],
                    [
                        -9.807455549929319,
                        11.46118541322612
                    ],
                    [
                        -9.806165658280875,
                        11.46091747323064
                    ],
                    [
                        -9.78413703523173,
                        11.46497736858892
                    ],
                    [
                        -9.749422545930903,
                        11.47015808703527
                    ],
                    [
                        -9.72056724808711,
                        11.48224676715505
                    ],
                    [
                        -9.700411997500323,
                        11.48024051755939
                    ],
                    [
                        -9.669881668478759,
                        11.47963364408898
                    ],
                    [
                        -9.66936714283171,
                        11.47937414597473
                    ],
                    [
                        -9.667814203232197,
                        11.47935610312142
                    ],
                    [
                        -9.639158586320953,
                        11.47242924937112
                    ],
                    [
                        -9.60869837856865,
                        11.47738789492299
                    ],
                    [
                        -9.597100701256645,
                        11.47369999994888
                    ],
                    [
                        -9.596065979177327,
                        11.47368757870069
                    ],
                    [
                        -9.567839106785561,
                        11.47613559702987
                    ],
                    [
                        -9.566287431324591,
                        11.47611683221747
                    ],
                    [
                        -9.521319589591684,
                        11.47354270364354
                    ],
                    [
                        -9.489446540540827,
                        11.47847445071393
                    ],
                    [
                        -9.444331563232788,
                        11.48653585516077
                    ],
                    [
                        -9.443034736407133,
                        11.48677330085134
                    ],
                    [
                        -9.394918561313453,
                        11.51227315359172
                    ],
                    [
                        -9.351134155151726,
                        11.53606252121288
                    ],
                    [
                        -9.322779403723999,
                        11.52759190241142
                    ],
                    [
                        -9.322517092712918,
                        11.5278421992999
                    ],
                    [
                        -9.300148722116807,
                        11.53517026726834
                    ],
                    [
                        -9.281475037168722,
                        11.52958212895084
                    ],
                    [
                        -9.247706183758398,
                        11.50150285008453
                    ],
                    [
                        -9.207013133854918,
                        11.47029615655598
                    ],
                    [
                        -9.184089613897058,
                        11.4448990397559
                    ],
                    [
                        -9.175477212545495,
                        11.43185668722964
                    ],
                    [
                        -9.176481032606729,
                        11.41539378434
                    ],
                    [
                        -9.17659599297674,
                        11.414591879327775
                    ]
                ]
            },
            "properties": {
                "id": "2c24fe94-21c8-4c1d-a1a7-609a9731be8c",
                "name": "PoP - Siguiri",
                "start": {
                    "name": "PoP",
                    "id": "82e7667d-2dc6-4597-b0a3-773f7b71d901",
                    "networkProviders": [
                        {
                            "id": "03208a59-5332-41f1-ad19-35b56df0eba2",
                            "name": "Société de Gestion de la Backbone Nationale de Guinée (SOGEB)"
                        }
                    ],
                    "status": "operational",
                    "location": {
                        "type": "Point",
                        "coordinates": [
                            -9.9866570256273,
                            11.44090938926454
                        ]
                    },
                    "transmissionMediumOwner": {
                        "id": "c5e1a548-eca0-4cad-9b0e-f3a9237f5c58",
                        "name": "Governement de Guinée"
                    }
                },
                "end": {
                    "name": "Siguiri",
                    "id": "4a8cbec5-9c61-403d-816f-986cb06ebfc8",
                    "networkProviders": [
                        {
                            "id": "03208a59-5332-41f1-ad19-35b56df0eba2",
                            "name": "Société de Gestion de la Backbone Nationale de Guinée (SOGEB)"
                        }
                    ],
                    "status": "operational",
                    "location": {
                        "type": "Point",
                        "coordinates": [
                            -9.176610166878143,
                            11.414493009407838
                        ]
                    },
                    "transmissionMediumOwner": {
                        "id": "c5e1a548-eca0-4cad-9b0e-f3a9237f5c58",
                        "name": "Governement de Guinée"
                    }
                },
                "status": "operational",
                "networkProviders": [
                    {
                        "id": "03208a59-5332-41f1-ad19-35b56df0eba2",
                        "name": "Société de Gestion de la Backbone Nationale de Guinée (SOGEB)"
                    }
                ],
                "transmissionMediumOwner": {
                    "id": "c5e1a548-eca0-4cad-9b0e-f3a9237f5c58",
                    "name": "Governement de Guinée"
                },
                "network": {
                    "id": "86ae7c8c-070e-496e-9685-480072a7eed2",
                    "name": "Backbone National de Guinée",
                    "links": [
                        {
                            "rel": "describedby",
                            "href": "https://standard.ofds.info/en/0__4__0/network-schema.json"
                        }
                    ]
                },
                "featureType": "span"
            }
        },
        {
            "type": "Feature",
            "geometry": {
                "type": "LineString",
                "coordinates": [
                    [
                        -9.176624340779549,
                        11.414394139487902
                    ],
                    [
                        -9.179056404928499,
                        11.39742929820465
                    ],
                    [
                        -9.17615312898863,
                        11.38341190553096
                    ],
                    [
                        -9.175395194472163,
                        11.3821344545492
                    ],
                    [
                        -9.169089545899611,
                        11.35214053489894
                    ],
                    [
                        -9.15449051241933,
                        11.32329628969569
                    ],
                    [
                        -9.135913162841625,
                        11.26921617919147
                    ],
                    [
                        -9.12073735849194,
                        11.22718678430175
                    ],
                    [
                        -9.122818072750938,
                        11.18953028303551
                    ],
                    [
                        -9.130771857688444,
                        11.17518928876738
                    ],
                    [
                        -9.190251260493294,
                        11.11578945401707
                    ],
                    [
                        -9.220640168597482,
                        11.08476643464704
                    ],
                    [
                        -9.22193128707982,
                        11.08478352727115
                    ],
                    [
                        -9.251436912074064,
                        11.08035652402548
                    ],
                    [
                        -9.275709434112517,
                        11.08118038884034
                    ],
                    [
                        -9.27673928371849,
                        11.08144726614241
                    ],
                    [
                        -9.278027475072419,
                        11.08171749908116
                    ],
                    [
                        -9.28034558698827,
                        11.08225459816486
                    ],
                    [
                        -9.309998889695873,
                        11.08720141026257
                    ],
                    [
                        -9.311549632289918,
                        11.08722139996813
                    ],
                    [
                        -9.312583479395533,
                        11.08723472146193
                    ],
                    [
                        -9.320499597301525,
                        11.087891675543059
                    ]
                ]
            },
            "properties": {
                "id": "24f6dfc5-8e6b-40c6-abc9-91393d81c515",
                "name": "Siguiri - Damisa Koro",
                "start": {
                    "name": "Siguiri",
                    "id": "4a8cbec5-9c61-403d-816f-986cb06ebfc8",
                    "networkProviders": [
                        {
                            "id": "03208a59-5332-41f1-ad19-35b56df0eba2",
                            "name": "Société de Gestion de la Backbone Nationale de Guinée (SOGEB)"
                        }
                    ],
                    "status": "operational",
                    "location": {
                        "type": "Point",
                        "coordinates": [
                            -9.176610166878143,
                            11.414493009407838
                        ]
                    },
                    "transmissionMediumOwner": {
                        "id": "c5e1a548-eca0-4cad-9b0e-f3a9237f5c58",
                        "name": "Governement de Guinée"
                    }
                },
                "end": {
                    "name": "Damisa Koro",
                    "id": "ad9e7f47-d058-42f8-b16b-12c5ec20ca3f",
                    "networkProviders": [
                        {
                            "id": "03208a59-5332-41f1-ad19-35b56df0eba2",
                            "name": "Société de Gestion de la Backbone Nationale de Guinée (SOGEB)"
                        }
                    ],
                    "status": "operational",
                    "location": {
                        "type": "Point",
                        "coordinates": [
                            -9.32059919125607,
                            11.08789994078818
                        ]
                    },
                    "transmissionMediumOwner": {
                        "id": "c5e1a548-eca0-4cad-9b0e-f3a9237f5c58",
                        "name": "Governement de Guinée"
                    }
                },
                "status": "operational",
                "networkProviders": [
                    {
                        "id": "03208a59-5332-41f1-ad19-35b56df0eba2",
                        "name": "Société de Gestion de la Backbone Nationale de Guinée (SOGEB)"
                    }
                ],
                "transmissionMediumOwner": {
                    "id": "c5e1a548-eca0-4cad-9b0e-f3a9237f5c58",
                    "name": "Governement de Guinée"
                },
                "network": {
                    "id": "86ae7c8c-070e-496e-9685-480072a7eed2",
                    "name": "Backbone National de Guinée",
                    "links": [
                        {
                            "rel": "describedby",
                            "href": "https://standard.ofds.info/en/0__4__0/network-schema.json"
                        }
                    ]
                },
                "featureType": "span"
            }
        },
        {
            "type": "Feature",
            "geometry": {
                "type": "LineString",
                "coordinates": [
                    [
                        -9.884420069085666,
                        10.654645183031192
                    ],
                    [
                        -9.896822070496649,
                        10.65624739006496
                    ],
                    [
                        -9.9249291259795,
                        10.66812872021583
                    ],
                    [
                        -9.96112066181221,
                        10.68273349797827
                    ],
                    [
                        -9.984084688092208,
                        10.69800408003886
                    ],
                    [
                        -10.02165293419099,
                        10.72063375245429
                    ],
                    [
                        -10.02227061863141,
                        10.72084336454834
                    ],
                    [
                        -10.023303830027,
                        10.7208544117417
                    ],
                    [
                        -10.0245414205913,
                        10.72107064346476
                    ],
                    [
                        -10.06742042231392,
                        10.73005114710331
                    ],
                    [
                        -10.06845107454571,
                        10.73026499068573
                    ],
                    [
                        -10.06989487134535,
                        10.7304831820525
                    ],
                    [
                        -10.09762135763074,
                        10.7455920810203
                    ],
                    [
                        -10.09864988549171,
                        10.74600882923164
                    ],
                    [
                        -10.10112013113231,
                        10.74684665052088
                    ],
                    [
                        -10.13831806411899,
                        10.76591260533074
                    ],
                    [
                        -10.18496129448585,
                        10.79124979482464
                    ],
                    [
                        -10.21637331053083,
                        10.79116066242336
                    ],
                    [
                        -10.24082289858633,
                        10.78470751032211
                    ],
                    [
                        -10.25576795032716,
                        10.77815831071734
                    ],
                    [
                        -10.27688335220947,
                        10.77451107681072
                    ],
                    [
                        -10.31348598325442,
                        10.77900234899075
                    ],
                    [
                        -10.3315923631662,
                        10.78668920205724
                    ],
                    [
                        -10.36723448779069,
                        10.77647768985477
                    ],
                    [
                        -10.39970470404637,
                        10.77394362925473
                    ],
                    [
                        -10.43689697338015,
                        10.78242856458212
                    ],
                    [
                        -10.4720114729822,
                        10.80528702162719
                    ],
                    [
                        -10.472583193688937,
                        10.805633645235655
                    ]
                ]
            },
            "properties": {
                "id": "2bad0dae-b6d0-4e48-9731-03edde7820f2",
                "name": "Kouroussa - PoP",
                "start": {
                    "name": "Kouroussa",
                    "id": "9118e0fc-bd88-4e22-bcf5-1d0aa51dc86e",
                    "networkProviders": [
                        {
                            "id": "03208a59-5332-41f1-ad19-35b56df0eba2",
                            "name": "Société de Gestion de la Backbone Nationale de Guinée (SOGEB)"
                        }
                    ],
                    "status": "operational",
                    "location": {
                        "type": "Point",
                        "coordinates": [
                            -9.884320995260984,
                            10.654632383743923
                        ]
                    },
                    "transmissionMediumOwner": {
                        "id": "c5e1a548-eca0-4cad-9b0e-f3a9237f5c58",
                        "name": "Governement de Guinée"
                    }
                },
                "end": {
                    "name": "PoP",
                    "id": "b2b6762b-dbca-40f1-b67f-980d63668b53",
                    "networkProviders": [
                        {
                            "id": "03208a59-5332-41f1-ad19-35b56df0eba2",
                            "name": "Société de Gestion de la Backbone Nationale de Guinée (SOGEB)"
                        }
                    ],
                    "status": "operational",
                    "location": {
                        "type": "Point",
                        "coordinates": [
                            -10.472668603196619,
                            10.805685427428257
                        ]
                    },
                    "transmissionMediumOwner": {
                        "id": "c5e1a548-eca0-4cad-9b0e-f3a9237f5c58",
                        "name": "Governement de Guinée"
                    }
                },
                "status": "operational",
                "networkProviders": [
                    {
                        "id": "03208a59-5332-41f1-ad19-35b56df0eba2",
                        "name": "Société de Gestion de la Backbone Nationale de Guinée (SOGEB)"
                    }
                ],
                "transmissionMediumOwner": {
                    "id": "c5e1a548-eca0-4cad-9b0e-f3a9237f5c58",
                    "name": "Governement de Guinée"
                },
                "network": {
                    "id": "86ae7c8c-070e-496e-9685-480072a7eed2",
                    "name": "Backbone National de Guinée",
                    "links": [
                        {
                            "rel": "describedby",
                            "href": "https://standard.ofds.info/en/0__4__0/network-schema.json"
                        }
                    ]
                },
                "featureType": "span"
            }
        },
        {
            "type": "Feature",
            "geometry": {
                "type": "LineString",
                "coordinates": [
                    [
                        -10.4727540127043,
                        10.805737209620856
                    ],
                    [
                        -10.49070941195087,
                        10.81662323352193
                    ],
                    [
                        -10.53500367197251,
                        10.82128984252871
                    ],
                    [
                        -10.53603697064221,
                        10.82129918453818
                    ],
                    [
                        -10.53872161398099,
                        10.82152642318038
                    ],
                    [
                        -10.53996154082949,
                        10.82153761814726
                    ],
                    [
                        -10.57571010512206,
                        10.82185835180414
                    ],
                    [
                        -10.57653476065729,
                        10.8220686789128
                    ],
                    [
                        -10.60946075855927,
                        10.837381431451
                    ],
                    [
                        -10.64388492597976,
                        10.87081654501734
                    ],
                    [
                        -10.64490919997018,
                        10.87184044838624
                    ],
                    [
                        -10.64613468285298,
                        10.87347505985622
                    ],
                    [
                        -10.6467492460018,
                        10.874089385704
                    ],
                    [
                        -10.65301045912428,
                        10.89038235692855
                    ],
                    [
                        -10.65404386950444,
                        10.89039131515735
                    ],
                    [
                        -10.65631554768969,
                        10.89061396870292
                    ],
                    [
                        -10.65941394996262,
                        10.89084375065882
                    ],
                    [
                        -10.66251235379069,
                        10.89107349594823
                    ],
                    [
                        -10.70175894121235,
                        10.89425116204103
                    ],
                    [
                        -10.70258401867737,
                        10.89446115058716
                    ],
                    [
                        -10.70382433453443,
                        10.89447167403628
                    ],
                    [
                        -10.70485614661358,
                        10.89468341155712
                    ],
                    [
                        -10.72050409350569,
                        10.90212352244678
                    ],
                    [
                        -10.73591563128394,
                        10.91550955514619
                    ],
                    [
                        -10.73715245136239,
                        10.91592599647026
                    ],
                    [
                        -10.73818254260923,
                        10.91634068573382
                    ],
                    [
                        -10.75955982034508,
                        10.93052577756165
                    ],
                    [
                        -10.77491686262091,
                        10.94770301349378
                    ],
                    [
                        -10.7840549724482,
                        10.96706142479497
                    ],
                    [
                        -10.7960842411617,
                        10.96269496745158
                    ],
                    [
                        -10.82586066857837,
                        10.93817341206865
                    ],
                    [
                        -10.82586238067039,
                        10.93797042858742
                    ],
                    [
                        -10.84928366617951,
                        10.91378921923178
                    ],
                    [
                        -10.87294109562619,
                        10.90261166155884
                    ],
                    [
                        -10.87397791998477,
                        10.90221394819034
                    ],
                    [
                        -10.89789562831599,
                        10.88454001689618
                    ],
                    [
                        -10.92707290968749,
                        10.85982844288108
                    ],
                    [
                        -10.94846776163596,
                        10.8463948538963
                    ],
                    [
                        -11.00167919194913,
                        10.80963483111301
                    ],
                    [
                        -11.05881674198615,
                        10.77047070319
                    ],
                    [
                        -11.09559151515711,
                        10.74333708776582
                    ],
                    [
                        -11.09662910297683,
                        10.74273560554963
                    ],
                    [
                        -11.10742918824502,
                        10.73530235227519
                    ],
                    [
                        -11.108105573820849,
                        10.735403702382085
                    ]
                ]
            },
            "properties": {
                "id": "f49576b2-ef33-44d8-b9c1-f2dde6e1f22e",
                "name": "PoP - Dabola",
                "start": {
                    "name": "PoP",
                    "id": "b2b6762b-dbca-40f1-b67f-980d63668b53",
                    "networkProviders": [
                        {
                            "id": "03208a59-5332-41f1-ad19-35b56df0eba2",
                            "name": "Société de Gestion de la Backbone Nationale de Guinée (SOGEB)"
                        }
                    ],
                    "status": "operational",
                    "location": {
                        "type": "Point",
                        "coordinates": [
                            -10.472668603196619,
                            10.805685427428257
                        ]
                    },
                    "transmissionMediumOwner": {
                        "id": "c5e1a548-eca0-4cad-9b0e-f3a9237f5c58",
                        "name": "Governement de Guinée"
                    }
                },
                "end": {
                    "name": "Dabola",
                    "id": "75d978fb-36c4-4989-b25d-1f459ae66034",
                    "networkProviders": [
                        {
                            "id": "03208a59-5332-41f1-ad19-35b56df0eba2",
                            "name": "Société de Gestion de la Backbone Nationale de Guinée (SOGEB)"
                        }
                    ],
                    "status": "operational",
                    "location": {
                        "type": "Point",
                        "coordinates": [
                            -11.108204350748172,
                            10.735418503188756
                        ]
                    },
                    "transmissionMediumOwner": {
                        "id": "c5e1a548-eca0-4cad-9b0e-f3a9237f5c58",
                        "name": "Governement de Guinée"
                    }
                },
                "status": "operational",
                "networkProviders": [
                    {
                        "id": "03208a59-5332-41f1-ad19-35b56df0eba2",
                        "name": "Société de Gestion de la Backbone Nationale de Guinée (SOGEB)"
                    }
                ],
                "transmissionMediumOwner": {
                    "id": "c5e1a548-eca0-4cad-9b0e-f3a9237f5c58",
                    "name": "Governement de Guinée"
                },
                "network": {
                    "id": "86ae7c8c-070e-496e-9685-480072a7eed2",
                    "name": "Backbone National de Guinée",
                    "links": [
                        {
                            "rel": "describedby",
                            "href": "https://standard.ofds.info/en/0__4__0/network-schema.json"
                        }
                    ]
                },
                "featureType": "span"
            }
        },
        {
            "type": "Feature",
            "geometry": {
                "type": "LineString",
                "coordinates": [
                    [
                        -11.108303127675496,
                        10.735433303995428
                    ],
                    [
                        -11.15295241513985,
                        10.74212358572087
                    ],
                    [
                        -11.16955447413129,
                        10.73188790059583
                    ],
                    [
                        -11.19671699669717,
                        10.71887853815534
                    ],
                    [
                        -11.19754065917822,
                        10.71929039601491
                    ],
                    [
                        -11.232548945057,
                        10.73577329534127
                    ],
                    [
                        -11.25029523903561,
                        10.73873539567202
                    ],
                    [
                        -11.25112157265923,
                        10.73874096090258
                    ],
                    [
                        -11.2519493246381,
                        10.7385435497502
                    ],
                    [
                        -11.27202650434084,
                        10.7331969676668
                    ],
                    [
                        -11.29001425794038,
                        10.73291064859986
                    ],
                    [
                        -11.2908392215291,
                        10.7331190619138
                    ],
                    [
                        -11.29187077993383,
                        10.7333288283383
                    ],
                    [
                        -11.30838774770129,
                        10.73506054613751
                    ],
                    [
                        -11.30858878928006,
                        10.73587383392591
                    ],
                    [
                        -11.30919748737917,
                        10.73750174409894
                    ],
                    [
                        -11.30939714573405,
                        10.73851800946273
                    ],
                    [
                        -11.31837931822897,
                        10.75461249684969
                    ],
                    [
                        -11.34325062648133,
                        10.74421634349977
                    ],
                    [
                        -11.37718383508469,
                        10.74057129004794
                    ],
                    [
                        -11.40376582608122,
                        10.74521256271189
                    ],
                    [
                        -11.43376905229459,
                        10.73849553817613
                    ],
                    [
                        -11.46585523691933,
                        10.73056668921251
                    ],
                    [
                        -11.49050616827393,
                        10.72544393997474
                    ],
                    [
                        -11.4917381798789,
                        10.7266693347926
                    ],
                    [
                        -11.5310092562762,
                        10.7575514513179
                    ],
                    [
                        -11.53204230166718,
                        10.7575574713402
                    ],
                    [
                        -11.57507921312828,
                        10.74866954294411
                    ],
                    [
                        -11.57473786214044,
                        10.73668989314081
                    ],
                    [
                        -11.603283173991,
                        10.71688215730217
                    ],
                    [
                        -11.62477778273513,
                        10.71497236297133
                    ],
                    [
                        -11.62580827963983,
                        10.71538401437522
                    ],
                    [
                        -11.6276627206045,
                        10.71620616506168
                    ],
                    [
                        -11.64024273777458,
                        10.71992907282554
                    ],
                    [
                        -11.64086247155829,
                        10.71993248229205
                    ],
                    [
                        -11.65909708768197,
                        10.71028926930364
                    ],
                    [
                        -11.67920257654736,
                        10.70836828822136
                    ],
                    [
                        -11.71461365943763,
                        10.69231870808675
                    ],
                    [
                        -11.75805334099035,
                        10.66051697830983
                    ],
                    [
                        -11.80703971307375,
                        10.65365879904074
                    ],
                    [
                        -11.8070418244563,
                        10.65325283033587
                    ],
                    [
                        -11.8267561606078,
                        10.63609270598656
                    ],
                    [
                        -11.828967210975845,
                        10.63376652262921
                    ]
                ]
            },
            "properties": {
                "id": "39f95270-e81d-4289-8678-6b5785738bb7",
                "name": "Dabola - Timbo",
                "start": {
                    "name": "Dabola",
                    "id": "75d978fb-36c4-4989-b25d-1f459ae66034",
                    "networkProviders": [
                        {
                            "id": "03208a59-5332-41f1-ad19-35b56df0eba2",
                            "name": "Société de Gestion de la Backbone Nationale de Guinée (SOGEB)"
                        }
                    ],
                    "status": "operational",
                    "location": {
                        "type": "Point",
                        "coordinates": [
                            -11.108204350748172,
                            10.735418503188756
                        ]
                    },
                    "transmissionMediumOwner": {
                        "id": "c5e1a548-eca0-4cad-9b0e-f3a9237f5c58",
                        "name": "Governement de Guinée"
                    }
                },
                "end": {
                    "name": "Timbo",
                    "id": "7ea16652-fac0-4917-91a4-ae790f8d90ef",
                    "networkProviders": [
                        {
                            "id": "03208a59-5332-41f1-ad19-35b56df0eba2",
                            "name": "Société de Gestion de la Backbone Nationale de Guinée (SOGEB)"
                        }
                    ],
                    "status": "operational",
                    "location": {
                        "type": "Point",
                        "coordinates": [
                            -11.82903604155557,
                            10.633694107929236
                        ]
                    },
                    "transmissionMediumOwner": {
                        "id": "c5e1a548-eca0-4cad-9b0e-f3a9237f5c58",
                        "name": "Governement de Guinée"
                    }
                },
                "status": "operational",
                "networkProviders": [
                    {
                        "id": "03208a59-5332-41f1-ad19-35b56df0eba2",
                        "name": "Société de Gestion de la Backbone Nationale de Guinée (SOGEB)"
                    }
                ],
                "transmissionMediumOwner": {
                    "id": "c5e1a548-eca0-4cad-9b0e-f3a9237f5c58",
                    "name": "Governement de Guinée"
                },
                "network": {
                    "id": "86ae7c8c-070e-496e-9685-480072a7eed2",
                    "name": "Backbone National de Guinée",
                    "links": [
                        {
                            "rel": "describedby",
                            "href": "https://standard.ofds.info/en/0__4__0/network-schema.json"
                        }
                    ]
                },
                "featureType": "span"
            }
        },
        {
            "type": "Feature",
            "geometry": {
                "type": "LineString",
                "coordinates": [
                    [
                        -12.8639270859329,
                        10.04728137975417
                    ],
                    [
                        -12.8712667794674,
                        10.0463508416668
                    ],
                    [
                        -12.8986897247419,
                        10.01472080463265
                    ],
                    [
                        -12.9123179840623,
                        9.986697217239358
                    ],
                    [
                        -12.91539443301147,
                        9.980661471173848
                    ],
                    [
                        -12.93293581084609,
                        9.96947019018079
                    ],
                    [
                        -12.97691088312367,
                        9.943148675127611
                    ],
                    [
                        -12.98897742350237,
                        9.938122512406373
                    ],
                    [
                        -12.99457238787445,
                        9.936739331065796
                    ],
                    [
                        -13.01003675031225,
                        9.934652349464779
                    ],
                    [
                        -13.04096770866807,
                        9.933245471513997
                    ],
                    [
                        -13.06697605345802,
                        9.92768406337404
                    ],
                    [
                        -13.08525096478217,
                        9.920741935143127
                    ],
                    [
                        -13.12814777858281,
                        9.922774727587981
                    ],
                    [
                        -13.16461836544149,
                        9.908221027954285
                    ]
                ]
            },
            "properties": {
                "id": "3973f0a1-38a0-4a53-aed5-b914e01d0594",
                "name": "Kindia - PoP",
                "start": {
                    "name": "Kindia",
                    "id": "c1bfce02-a4dd-4ff9-96e5-49dc0bb58bfb",
                    "networkProviders": [
                        {
                            "id": "03208a59-5332-41f1-ad19-35b56df0eba2",
                            "name": "Société de Gestion de la Backbone Nationale de Guinée (SOGEB)"
                        }
                    ],
                    "status": "operational",
                    "location": {
                        "type": "Point",
                        "coordinates": [
                            -12.863827977375959,
                            10.047293944895559
                        ]
                    },
                    "transmissionMediumOwner": {
                        "id": "c5e1a548-eca0-4cad-9b0e-f3a9237f5c58",
                        "name": "Governement de Guinée"
                    }
                },
                "end": {
                    "name": "PoP",
                    "id": "7f8dff9f-7f40-4dd5-ac4e-6443bf1644c6",
                    "networkProviders": [
                        {
                            "id": "03208a59-5332-41f1-ad19-35b56df0eba2",
                            "name": "Société de Gestion de la Backbone Nationale de Guinée (SOGEB)"
                        }
                    ],
                    "status": "operational",
                    "location": {
                        "type": "Point",
                        "coordinates": [
                            -13.16471119193755,
                            9.908183985256098
                        ]
                    },
                    "transmissionMediumOwner": {
                        "id": "c5e1a548-eca0-4cad-9b0e-f3a9237f5c58",
                        "name": "Governement de Guinée"
                    }
                },
                "status": "operational",
                "networkProviders": [
                    {
                        "id": "03208a59-5332-41f1-ad19-35b56df0eba2",
                        "name": "Société de Gestion de la Backbone Nationale de Guinée (SOGEB)"
                    }
                ],
                "transmissionMediumOwner": {
                    "id": "c5e1a548-eca0-4cad-9b0e-f3a9237f5c58",
                    "name": "Governement de Guinée"
                },
                "network": {
                    "id": "86ae7c8c-070e-496e-9685-480072a7eed2",
                    "name": "Backbone National de Guinée",
                    "links": [
                        {
                            "rel": "describedby",
                            "href": "https://standard.ofds.info/en/0__4__0/network-schema.json"
                        }
                    ]
                },
                "featureType": "span"
            }
        },
        {
            "type": "Feature",
            "geometry": {
                "type": "LineString",
                "coordinates": [
                    [
                        -13.58607626904742,
                        9.601706315621593
                    ],
                    [
                        -13.63331027315941,
                        9.563602004367228
                    ],
                    [
                        -13.64819267532889,
                        9.557116019341112
                    ],
                    [
                        -13.650722879455225,
                        9.555359589142443
                    ]
                ]
            },
            "properties": {
                "id": "1309da34-3bf9-4ba8-b8f5-6c93333a2a65",
                "name": "PoP - Conakry",
                "start": {
                    "name": "PoP",
                    "id": "bf9c8c63-9df8-4df2-9947-b4d7bfbfcbf9",
                    "networkProviders": [
                        {
                            "id": "03208a59-5332-41f1-ad19-35b56df0eba2",
                            "name": "Société de Gestion de la Backbone Nationale de Guinée (SOGEB)"
                        }
                    ],
                    "status": "operational",
                    "location": {
                        "type": "Point",
                        "coordinates": [
                            -13.585998467074596,
                            9.601769079527479
                        ]
                    },
                    "transmissionMediumOwner": {
                        "id": "c5e1a548-eca0-4cad-9b0e-f3a9237f5c58",
                        "name": "Governement de Guinée"
                    }
                },
                "end": {
                    "name": "Conakry",
                    "id": "f6d90abb-941b-4696-b480-a8f93949cd74",
                    "networkProviders": [
                        {
                            "id": "03208a59-5332-41f1-ad19-35b56df0eba2",
                            "name": "Société de Gestion de la Backbone Nationale de Guinée (SOGEB)"
                        }
                    ],
                    "status": "operational",
                    "location": {
                        "type": "Point",
                        "coordinates": [
                            -13.650804967746257,
                            9.555302604667622
                        ]
                    },
                    "transmissionMediumOwner": {
                        "id": "c5e1a548-eca0-4cad-9b0e-f3a9237f5c58",
                        "name": "Governement de Guinée"
                    }
                },
                "status": "operational",
                "networkProviders": [
                    {
                        "id": "03208a59-5332-41f1-ad19-35b56df0eba2",
                        "name": "Société de Gestion de la Backbone Nationale de Guinée (SOGEB)"
                    }
                ],
                "transmissionMediumOwner": {
                    "id": "c5e1a548-eca0-4cad-9b0e-f3a9237f5c58",
                    "name": "Governement de Guinée"
                },
                "network": {
                    "id": "86ae7c8c-070e-496e-9685-480072a7eed2",
                    "name": "Backbone National de Guinée",
                    "links": [
                        {
                            "rel": "describedby",
                            "href": "https://standard.ofds.info/en/0__4__0/network-schema.json"
                        }
                    ]
                },
                "featureType": "span"
            }
        },
        {
            "type": "Feature",
            "geometry": {
                "type": "LineString",
                "coordinates": [
                    [
                        -13.65088705603729,
                        9.555245620192803
                    ],
                    [
                        -13.6924140088008,
                        9.52641822514851
                    ],
                    [
                        -13.69066250642457,
                        9.52944311593296
                    ],
                    [
                        -13.663709780424172,
                        9.564229121462054
                    ]
                ]
            },
            "properties": {
                "id": "f955dd1f-83fd-4d64-a2e7-c3f76ed2e6cd",
                "name": "Conakry - PoP",
                "start": {
                    "name": "Conakry",
                    "id": "f6d90abb-941b-4696-b480-a8f93949cd74",
                    "networkProviders": [
                        {
                            "id": "03208a59-5332-41f1-ad19-35b56df0eba2",
                            "name": "Société de Gestion de la Backbone Nationale de Guinée (SOGEB)"
                        }
                    ],
                    "status": "operational",
                    "location": {
                        "type": "Point",
                        "coordinates": [
                            -13.650804967746257,
                            9.555302604667622
                        ]
                    },
                    "transmissionMediumOwner": {
                        "id": "c5e1a548-eca0-4cad-9b0e-f3a9237f5c58",
                        "name": "Governement de Guinée"
                    }
                },
                "end": {
                    "name": "PoP",
                    "id": "c63d896f-4eec-401e-b659-dd67a5acd32d",
                    "networkProviders": [
                        {
                            "id": "03208a59-5332-41f1-ad19-35b56df0eba2",
                            "name": "Société de Gestion de la Backbone Nationale de Guinée (SOGEB)"
                        }
                    ],
                    "status": "operational",
                    "location": {
                        "type": "Point",
                        "coordinates": [
                            -13.663648592593473,
                            9.5643080923319
                        ]
                    },
                    "transmissionMediumOwner": {
                        "id": "c5e1a548-eca0-4cad-9b0e-f3a9237f5c58",
                        "name": "Governement de Guinée"
                    }
                },
                "status": "operational",
                "networkProviders": [
                    {
                        "id": "03208a59-5332-41f1-ad19-35b56df0eba2",
                        "name": "Société de Gestion de la Backbone Nationale de Guinée (SOGEB)"
                    }
                ],
                "transmissionMediumOwner": {
                    "id": "c5e1a548-eca0-4cad-9b0e-f3a9237f5c58",
                    "name": "Governement de Guinée"
                },
                "network": {
                    "id": "86ae7c8c-070e-496e-9685-480072a7eed2",
                    "name": "Backbone National de Guinée",
                    "links": [
                        {
                            "rel": "describedby",
                            "href": "https://standard.ofds.info/en/0__4__0/network-schema.json"
                        }
                    ]
                },
                "featureType": "span"
            }
        },
        {
            "type": "Feature",
            "geometry": {
                "type": "LineString",
                "coordinates": [
                    [
                        -13.663587404762774,
                        9.56438706320175
                    ],
                    [
                        -13.66220677601443,
                        9.56616894453252
                    ],
                    [
                        -13.63990074482572,
                        9.619700793652244
                    ],
                    [
                        -13.58563929890616,
                        9.661149629087655
                    ],
                    [
                        -13.58520233737077,
                        9.662875744322596
                    ],
                    [
                        -13.564006476089661,
                        9.68812595128094
                    ]
                ]
            },
            "properties": {
                "id": "0979e8ea-8876-4f30-a0b6-c74c96301eb1",
                "name": "PoP - Tamouta",
                "start": {
                    "name": "PoP",
                    "id": "c63d896f-4eec-401e-b659-dd67a5acd32d",
                    "networkProviders": [
                        {
                            "id": "03208a59-5332-41f1-ad19-35b56df0eba2",
                            "name": "Société de Gestion de la Backbone Nationale de Guinée (SOGEB)"
                        }
                    ],
                    "status": "operational",
                    "location": {
                        "type": "Point",
                        "coordinates": [
                            -13.663648592593473,
                            9.5643080923319
                        ]
                    },
                    "transmissionMediumOwner": {
                        "id": "c5e1a548-eca0-4cad-9b0e-f3a9237f5c58",
                        "name": "Governement de Guinée"
                    }
                },
                "end": {
                    "name": "Tamouta",
                    "id": "ad8cc8ff-ac9a-4101-b91b-2d435979889c",
                    "networkProviders": [
                        {
                            "id": "03208a59-5332-41f1-ad19-35b56df0eba2",
                            "name": "Société de Gestion de la Backbone Nationale de Guinée (SOGEB)"
                        }
                    ],
                    "status": "operational",
                    "location": {
                        "type": "Point",
                        "coordinates": [
                            -13.563942213431833,
                            9.688202506103995
                        ]
                    },
                    "transmissionMediumOwner": {
                        "id": "c5e1a548-eca0-4cad-9b0e-f3a9237f5c58",
                        "name": "Governement de Guinée"
                    }
                },
                "status": "operational",
                "networkProviders": [
                    {
                        "id": "03208a59-5332-41f1-ad19-35b56df0eba2",
                        "name": "Société de Gestion de la Backbone Nationale de Guinée (SOGEB)"
                    }
                ],
                "transmissionMediumOwner": {
                    "id": "c5e1a548-eca0-4cad-9b0e-f3a9237f5c58",
                    "name": "Governement de Guinée"
                },
                "network": {
                    "id": "86ae7c8c-070e-496e-9685-480072a7eed2",
                    "name": "Backbone National de Guinée",
                    "links": [
                        {
                            "rel": "describedby",
                            "href": "https://standard.ofds.info/en/0__4__0/network-schema.json"
                        }
                    ]
                },
                "featureType": "span"
            }
        },
        {
            "type": "Feature",
            "geometry": {
                "type": "LineString",
                "coordinates": [
                    [
                        -13.563877950774005,
                        9.688279060927048
                    ],
                    [
                        -13.56201415995782,
                        9.690499357767623
                    ],
                    [
                        -13.5121175312455,
                        9.730649310544829
                    ],
                    [
                        -13.51081603033307,
                        9.77643793976339
                    ],
                    [
                        -13.51081618921562,
                        9.777300873353036
                    ],
                    [
                        -13.509216399710755,
                        9.789930165337184
                    ]
                ]
            },
            "properties": {
                "id": "2f0b87d8-838c-4756-8e30-232d151770e1",
                "name": "Tamouta - Dubreka",
                "start": {
                    "name": "Tamouta",
                    "id": "ad8cc8ff-ac9a-4101-b91b-2d435979889c",
                    "networkProviders": [
                        {
                            "id": "03208a59-5332-41f1-ad19-35b56df0eba2",
                            "name": "Société de Gestion de la Backbone Nationale de Guinée (SOGEB)"
                        }
                    ],
                    "status": "operational",
                    "location": {
                        "type": "Point",
                        "coordinates": [
                            -13.563942213431833,
                            9.688202506103995
                        ]
                    },
                    "transmissionMediumOwner": {
                        "id": "c5e1a548-eca0-4cad-9b0e-f3a9237f5c58",
                        "name": "Governement de Guinée"
                    }
                },
                "end": {
                    "name": "Dubreka",
                    "id": "741fca98-3d61-49c2-8e99-d040fdeb503d",
                    "networkProviders": [
                        {
                            "id": "03208a59-5332-41f1-ad19-35b56df0eba2",
                            "name": "Société de Gestion de la Backbone Nationale de Guinée (SOGEB)"
                        }
                    ],
                    "status": "operational",
                    "location": {
                        "type": "Point",
                        "coordinates": [
                            -13.509203845140162,
                            9.790029275462155
                        ]
                    },
                    "transmissionMediumOwner": {
                        "id": "c5e1a548-eca0-4cad-9b0e-f3a9237f5c58",
                        "name": "Governement de Guinée"
                    }
                },
                "status": "operational",
                "networkProviders": [
                    {
                        "id": "03208a59-5332-41f1-ad19-35b56df0eba2",
                        "name": "Société de Gestion de la Backbone Nationale de Guinée (SOGEB)"
                    }
                ],
                "transmissionMediumOwner": {
                    "id": "c5e1a548-eca0-4cad-9b0e-f3a9237f5c58",
                    "name": "Governement de Guinée"
                },
                "network": {
                    "id": "86ae7c8c-070e-496e-9685-480072a7eed2",
                    "name": "Backbone National de Guinée",
                    "links": [
                        {
                            "rel": "describedby",
                            "href": "https://standard.ofds.info/en/0__4__0/network-schema.json"
                        }
                    ]
                },
                "featureType": "span"
            }
        },
        {
            "type": "Feature",
            "geometry": {
                "type": "LineString",
                "coordinates": [
                    [
                        -13.509191290569568,
                        9.790128385587126
                    ],
                    [
                        -13.50862994221262,
                        9.794559863780457
                    ],
                    [
                        -13.48673825385349,
                        9.826493239481179
                    ],
                    [
                        -13.48499263923119,
                        9.878282582670696
                    ],
                    [
                        -13.51696635107064,
                        9.883024681916561
                    ],
                    [
                        -13.52003248101089,
                        9.884749960603694
                    ],
                    [
                        -13.52397446475687,
                        9.886043560153219
                    ],
                    [
                        -13.56733820806792,
                        9.900270044469115
                    ],
                    [
                        -13.58879624199992,
                        9.889043955106962
                    ],
                    [
                        -13.60369479834654,
                        9.900687766727469
                    ],
                    [
                        -13.61511826210633,
                        9.96231204453367
                    ],
                    [
                        -13.61643351432149,
                        9.964037450009759
                    ],
                    [
                        -13.63967923290574,
                        10.00329299222648
                    ],
                    [
                        -13.637939052797,
                        10.02616481818974
                    ],
                    [
                        -13.62130573485468,
                        10.06414737201555
                    ],
                    [
                        -13.64158883984788,
                        10.08167501382814
                    ],
                    [
                        -13.66613913650654,
                        10.0864047890466
                    ],
                    [
                        -13.691122373682548,
                        10.0827561503924
                    ]
                ]
            },
            "properties": {
                "id": "11023aef-e8c7-40ba-9294-0a0645f57713",
                "name": "Dubreka - Tanene",
                "start": {
                    "name": "Dubreka",
                    "id": "741fca98-3d61-49c2-8e99-d040fdeb503d",
                    "networkProviders": [
                        {
                            "id": "03208a59-5332-41f1-ad19-35b56df0eba2",
                            "name": "Société de Gestion de la Backbone Nationale de Guinée (SOGEB)"
                        }
                    ],
                    "status": "operational",
                    "location": {
                        "type": "Point",
                        "coordinates": [
                            -13.509203845140162,
                            9.790029275462155
                        ]
                    },
                    "transmissionMediumOwner": {
                        "id": "c5e1a548-eca0-4cad-9b0e-f3a9237f5c58",
                        "name": "Governement de Guinée"
                    }
                },
                "end": {
                    "name": "Tanene",
                    "id": "0b4dd0f7-4bc1-47ac-a31f-91010e6fefbd",
                    "networkProviders": [
                        {
                            "id": "03208a59-5332-41f1-ad19-35b56df0eba2",
                            "name": "Société de Gestion de la Backbone Nationale de Guinée (SOGEB)"
                        }
                    ],
                    "status": "operational",
                    "location": {
                        "type": "Point",
                        "coordinates": [
                            -13.691221205068189,
                            10.082741716713876
                        ]
                    },
                    "transmissionMediumOwner": {
                        "id": "c5e1a548-eca0-4cad-9b0e-f3a9237f5c58",
                        "name": "Governement de Guinée"
                    }
                },
                "status": "operational",
                "networkProviders": [
                    {
                        "id": "03208a59-5332-41f1-ad19-35b56df0eba2",
                        "name": "Société de Gestion de la Backbone Nationale de Guinée (SOGEB)"
                    }
                ],
                "transmissionMediumOwner": {
                    "id": "c5e1a548-eca0-4cad-9b0e-f3a9237f5c58",
                    "name": "Governement de Guinée"
                },
                "network": {
                    "id": "86ae7c8c-070e-496e-9685-480072a7eed2",
                    "name": "Backbone National de Guinée",
                    "links": [
                        {
                            "rel": "describedby",
                            "href": "https://standard.ofds.info/en/0__4__0/network-schema.json"
                        }
                    ]
                },
                "featureType": "span"
            }
        },
        {
            "type": "Feature",
            "geometry": {
                "type": "LineString",
                "coordinates": [
                    [
                        -13.69132003645383,
                        10.082727283035352
                    ],
                    [
                        -13.69288199353707,
                        10.0824991694026
                    ],
                    [
                        -13.74164314377168,
                        10.06721414453907
                    ],
                    [
                        -13.79876294355392,
                        10.08484464489787
                    ],
                    [
                        -13.84755395775917,
                        10.09868473178012
                    ],
                    [
                        -13.87644572016588,
                        10.10054201960508
                    ],
                    [
                        -13.90537561486759,
                        10.11629837776773
                    ],
                    [
                        -13.943925971255,
                        10.13267087638656
                    ],
                    [
                        -13.97345482324739,
                        10.13262562049555
                    ],
                    [
                        -13.98245406935507,
                        10.14082344733774
                    ],
                    [
                        -13.98181631279207,
                        10.14335130019842
                    ],
                    [
                        -13.98058733546553,
                        10.17809819470402
                    ],
                    [
                        -13.98251607872696,
                        10.17999018641421
                    ],
                    [
                        -13.98961547902464,
                        10.20461727709581
                    ],
                    [
                        -14.01853206175377,
                        10.22225656773247
                    ],
                    [
                        -14.03264177116723,
                        10.21464901451218
                    ],
                    [
                        -14.040910058803625,
                        10.188826908618784
                    ]
                ]
            },
            "properties": {
                "id": "ff7d5f30-72c5-47cf-a8d1-540b778b427b",
                "name": "Tanene - Boffa",
                "start": {
                    "name": "Tanene",
                    "id": "0b4dd0f7-4bc1-47ac-a31f-91010e6fefbd",
                    "networkProviders": [
                        {
                            "id": "03208a59-5332-41f1-ad19-35b56df0eba2",
                            "name": "Société de Gestion de la Backbone Nationale de Guinée (SOGEB)"
                        }
                    ],
                    "status": "operational",
                    "location": {
                        "type": "Point",
                        "coordinates": [
                            -13.691221205068189,
                            10.082741716713876
                        ]
                    },
                    "transmissionMediumOwner": {
                        "id": "c5e1a548-eca0-4cad-9b0e-f3a9237f5c58",
                        "name": "Governement de Guinée"
                    }
                },
                "end": {
                    "name": "Boffa",
                    "id": "81a39d4a-6b24-4d2d-b574-ddb3047b4412",
                    "networkProviders": [
                        {
                            "id": "03208a59-5332-41f1-ad19-35b56df0eba2",
                            "name": "Société de Gestion de la Backbone Nationale de Guinée (SOGEB)"
                        }
                    ],
                    "status": "operational",
                    "location": {
                        "type": "Point",
                        "coordinates": [
                            -14.04094053441646,
                            10.18873173238201
                        ]
                    },
                    "transmissionMediumOwner": {
                        "id": "c5e1a548-eca0-4cad-9b0e-f3a9237f5c58",
                        "name": "Governement de Guinée"
                    }
                },
                "status": "operational",
                "networkProviders": [
                    {
                        "id": "03208a59-5332-41f1-ad19-35b56df0eba2",
                        "name": "Société de Gestion de la Backbone Nationale de Guinée (SOGEB)"
                    }
                ],
                "transmissionMediumOwner": {
                    "id": "c5e1a548-eca0-4cad-9b0e-f3a9237f5c58",
                    "name": "Governement de Guinée"
                },
                "network": {
                    "id": "86ae7c8c-070e-496e-9685-480072a7eed2",
                    "name": "Backbone National de Guinée",
                    "links": [
                        {
                            "rel": "describedby",
                            "href": "https://standard.ofds.info/en/0__4__0/network-schema.json"
                        }
                    ]
                },
                "featureType": "span"
            }
        },
        {
            "type": "Feature",
            "geometry": {
                "type": "LineString",
                "coordinates": [
                    [
                        -14.041023625883303,
                        10.188787364230832
                    ],
                    [
                        -14.06728774009349,
                        10.20637185619722
                    ],
                    [
                        -14.09746801561483,
                        10.21936814586783
                    ],
                    [
                        -14.13477696654338,
                        10.22373806402602
                    ],
                    [
                        -14.16439771872817,
                        10.24454588156382
                    ],
                    [
                        -14.16568622272184,
                        10.24580751945521
                    ],
                    [
                        -14.20181345652102,
                        10.30450017208485
                    ],
                    [
                        -14.26232123335488,
                        10.35616121172613
                    ],
                    [
                        -14.31119265269511,
                        10.3800406163247
                    ],
                    [
                        -14.36133868214227,
                        10.39948945300663
                    ],
                    [
                        -14.4003552010214,
                        10.40532626031786
                    ],
                    [
                        -14.420057013035002,
                        10.397012790207082
                    ]
                ]
            },
            "properties": {
                "id": "d5e5a66a-e13b-4f9a-be0b-1f3baeefe596",
                "name": "Boffa - Tougnifili",
                "start": {
                    "name": "Boffa",
                    "id": "81a39d4a-6b24-4d2d-b574-ddb3047b4412",
                    "networkProviders": [
                        {
                            "id": "03208a59-5332-41f1-ad19-35b56df0eba2",
                            "name": "Société de Gestion de la Backbone Nationale de Guinée (SOGEB)"
                        }
                    ],
                    "status": "operational",
                    "location": {
                        "type": "Point",
                        "coordinates": [
                            -14.04094053441646,
                            10.18873173238201
                        ]
                    },
                    "transmissionMediumOwner": {
                        "id": "c5e1a548-eca0-4cad-9b0e-f3a9237f5c58",
                        "name": "Governement de Guinée"
                    }
                },
                "end": {
                    "name": "Tougnifili",
                    "id": "666156a0-a66f-4d11-9bd8-6e39ac3874e2",
                    "networkProviders": [
                        {
                            "id": "03208a59-5332-41f1-ad19-35b56df0eba2",
                            "name": "Société de Gestion de la Backbone Nationale de Guinée (SOGEB)"
                        }
                    ],
                    "status": "operational",
                    "location": {
                        "type": "Point",
                        "coordinates": [
                            -14.42014911864008,
                            10.39697392488879
                        ]
                    },
                    "transmissionMediumOwner": {
                        "id": "c5e1a548-eca0-4cad-9b0e-f3a9237f5c58",
                        "name": "Governement de Guinée"
                    }
                },
                "status": "operational",
                "networkProviders": [
                    {
                        "id": "03208a59-5332-41f1-ad19-35b56df0eba2",
                        "name": "Société de Gestion de la Backbone Nationale de Guinée (SOGEB)"
                    }
                ],
                "transmissionMediumOwner": {
                    "id": "c5e1a548-eca0-4cad-9b0e-f3a9237f5c58",
                    "name": "Governement de Guinée"
                },
                "network": {
                    "id": "86ae7c8c-070e-496e-9685-480072a7eed2",
                    "name": "Backbone National de Guinée",
                    "links": [
                        {
                            "rel": "describedby",
                            "href": "https://standard.ofds.info/en/0__4__0/network-schema.json"
                        }
                    ]
                },
                "featureType": "span"
            }
        },
        {
            "type": "Feature",
            "geometry": {
                "type": "LineString",
                "coordinates": [
                    [
                        -14.420062362733635,
                        10.397023460750763
                    ],
                    [
                        -14.40023575034009,
                        10.40834405407013
                    ],
                    [
                        -14.39835166529435,
                        10.42105500377226
                    ],
                    [
                        -14.40395241472845,
                        10.45378713422133
                    ],
                    [
                        -14.40480495405094,
                        10.48247188271387
                    ],
                    [
                        -14.40481154396047,
                        10.4846869275403
                    ],
                    [
                        -14.4049456870384,
                        10.48673472890427
                    ],
                    [
                        -14.40494898572789,
                        10.48784332601847
                    ],
                    [
                        -14.40304279198897,
                        10.54829343752556
                    ],
                    [
                        -14.37406172390103,
                        10.6028068380252
                    ],
                    [
                        -14.36406926920903,
                        10.66053008931398
                    ],
                    [
                        -14.37221590370535,
                        10.72145248081749
                    ],
                    [
                        -14.38692076452322,
                        10.7685506236513
                    ],
                    [
                        -14.40037453173165,
                        10.78365887729057
                    ],
                    [
                        -14.399496870449457,
                        10.794451937062114
                    ]
                ]
            },
            "properties": {
                "id": "9b3e2911-6218-4efc-8acb-51d3b7d79ad6",
                "name": "Tougnifili - Kolaboui",
                "start": {
                    "name": "Tougnifili",
                    "id": "666156a0-a66f-4d11-9bd8-6e39ac3874e2",
                    "networkProviders": [
                        {
                            "id": "03208a59-5332-41f1-ad19-35b56df0eba2",
                            "name": "Société de Gestion de la Backbone Nationale de Guinée (SOGEB)"
                        }
                    ],
                    "status": "operational",
                    "location": {
                        "type": "Point",
                        "coordinates": [
                            -14.42014911864008,
                            10.39697392488879
                        ]
                    },
                    "transmissionMediumOwner": {
                        "id": "c5e1a548-eca0-4cad-9b0e-f3a9237f5c58",
                        "name": "Governement de Guinée"
                    }
                },
                "end": {
                    "name": "Kolaboui",
                    "id": "0c74f301-bc90-4faf-a57c-87768173c05c",
                    "networkProviders": [
                        {
                            "id": "03208a59-5332-41f1-ad19-35b56df0eba2",
                            "name": "Société de Gestion de la Backbone Nationale de Guinée (SOGEB)"
                        }
                    ],
                    "status": "operational",
                    "location": {
                        "type": "Point",
                        "coordinates": [
                            -14.39948877108635,
                            10.79455153916592
                        ]
                    },
                    "transmissionMediumOwner": {
                        "id": "c5e1a548-eca0-4cad-9b0e-f3a9237f5c58",
                        "name": "Governement de Guinée"
                    }
                },
                "status": "operational",
                "networkProviders": [
                    {
                        "id": "03208a59-5332-41f1-ad19-35b56df0eba2",
                        "name": "Société de Gestion de la Backbone Nationale de Guinée (SOGEB)"
                    }
                ],
                "transmissionMediumOwner": {
                    "id": "c5e1a548-eca0-4cad-9b0e-f3a9237f5c58",
                    "name": "Governement de Guinée"
                },
                "network": {
                    "id": "86ae7c8c-070e-496e-9685-480072a7eed2",
                    "name": "Backbone National de Guinée",
                    "links": [
                        {
                            "rel": "describedby",
                            "href": "https://standard.ofds.info/en/0__4__0/network-schema.json"
                        }
                    ]
                },
                "featureType": "span"
            }
        },
        {
            "type": "Feature",
            "geometry": {
                "type": "LineString",
                "coordinates": [
                    [
                        -13.691221205068189,
                        10.082741716713876
                    ],
                    [
                        -13.71844339893147,
                        10.09834774120808
                    ],
                    [
                        -13.71851370647588,
                        10.09854854110204
                    ],
                    [
                        -13.71879205166959,
                        10.09908413964592
                    ],
                    [
                        -13.71927642753882,
                        10.09975394221895
                    ],
                    [
                        -13.71976033745528,
                        10.10035710916176
                    ],
                    [
                        -13.72936710586181,
                        10.10856692546581
                    ],
                    [
                        -13.72738256756884,
                        10.11297280071606
                    ],
                    [
                        -13.7186813378137,
                        10.12262099400437
                    ],
                    [
                        -13.71869144185344,
                        10.12349449759149
                    ],
                    [
                        -13.72032586103712,
                        10.13907434209512
                    ],
                    [
                        -13.72033251969873,
                        10.1396256140356
                    ],
                    [
                        -13.72045504816077,
                        10.1405079535338
                    ],
                    [
                        -13.72605265890531,
                        10.14891078986349
                    ],
                    [
                        -13.73567801051532,
                        10.1756460277206
                    ],
                    [
                        -13.73952235738276,
                        10.21518506515394
                    ],
                    [
                        -13.73712674396001,
                        10.23214813377651
                    ],
                    [
                        -13.73701808494745,
                        10.23237106066175
                    ],
                    [
                        -13.73948993179724,
                        10.23851020877489
                    ],
                    [
                        -13.75652604760253,
                        10.25168731304182
                    ],
                    [
                        -13.75664291058232,
                        10.252234267805
                    ],
                    [
                        -13.75711075531203,
                        10.25442387403624
                    ],
                    [
                        -13.75744232019988,
                        10.26508583040573
                    ],
                    [
                        -13.75655173600638,
                        10.26552766350736
                    ],
                    [
                        -13.74116706345222,
                        10.2758284069295
                    ],
                    [
                        -13.74038377861585,
                        10.27627294072326
                    ],
                    [
                        -13.73926301837071,
                        10.27660680556693
                    ],
                    [
                        -13.71646520987652,
                        10.29655438613806
                    ],
                    [
                        -13.70213399752409,
                        10.32761126298375
                    ],
                    [
                        -13.68640753795883,
                        10.35733002647859
                    ],
                    [
                        -13.67126101024318,
                        10.36595851647737
                    ],
                    [
                        -13.65986118535156,
                        10.36980481726055
                    ],
                    [
                        -13.66030491540562,
                        10.3703539123003
                    ],
                    [
                        -13.66063766051403,
                        10.37079332841273
                    ],
                    [
                        -13.66614790675493,
                        10.39113724490574
                    ],
                    [
                        -13.65297319727004,
                        10.39415154974409
                    ],
                    [
                        -13.65252313984679,
                        10.39415181097201
                    ],
                    [
                        -13.65173553327441,
                        10.39415226816839
                    ],
                    [
                        -13.63134836968715,
                        10.40392749838587
                    ],
                    [
                        -13.62338233441,
                        10.40801816038491
                    ],
                    [
                        -13.6099918522588,
                        10.40107011183142
                    ],
                    [
                        -13.60987999575522,
                        10.40107015491269
                    ],
                    [
                        -13.5939390505556,
                        10.39689536374374
                    ],
                    [
                        -13.58534828769491,
                        10.39056996351536
                    ],
                    [
                        -13.58375203030021,
                        10.37727485189719
                    ],
                    [
                        -13.58368522045094,
                        10.37713783459182
                    ],
                    [
                        -13.584809328473588,
                        10.367820683861911
                    ]
                ]
            },
            "properties": {
                "id": "c343d019-0cb0-48e8-b7c2-d90ed8cc6f6e",
                "name": "Tanene - Fria",
                "start": {
                    "name": "Tanene",
                    "id": "0b4dd0f7-4bc1-47ac-a31f-91010e6fefbd",
                    "networkProviders": [
                        {
                            "id": "03208a59-5332-41f1-ad19-35b56df0eba2",
                            "name": "Société de Gestion de la Backbone Nationale de Guinée (SOGEB)"
                        }
                    ],
                    "status": "operational",
                    "location": {
                        "type": "Point",
                        "coordinates": [
                            -13.691221205068189,
                            10.082741716713876
                        ]
                    },
                    "transmissionMediumOwner": {
                        "id": "c5e1a548-eca0-4cad-9b0e-f3a9237f5c58",
                        "name": "Governement de Guinée"
                    }
                },
                "end": {
                    "name": "Fria",
                    "id": "9748ed06-d04d-453f-b693-5761de919403",
                    "networkProviders": [
                        {
                            "id": "03208a59-5332-41f1-ad19-35b56df0eba2",
                            "name": "Société de Gestion de la Backbone Nationale de Guinée (SOGEB)"
                        }
                    ],
                    "status": "operational",
                    "location": {
                        "type": "Point",
                        "coordinates": [
                            -13.58482129654052,
                            10.36772148673734
                        ]
                    },
                    "transmissionMediumOwner": {
                        "id": "c5e1a548-eca0-4cad-9b0e-f3a9237f5c58",
                        "name": "Governement de Guinée"
                    }
                },
                "status": "operational",
                "networkProviders": [
                    {
                        "id": "03208a59-5332-41f1-ad19-35b56df0eba2",
                        "name": "Société de Gestion de la Backbone Nationale de Guinée (SOGEB)"
                    }
                ],
                "transmissionMediumOwner": {
                    "id": "c5e1a548-eca0-4cad-9b0e-f3a9237f5c58",
                    "name": "Governement de Guinée"
                },
                "network": {
                    "id": "86ae7c8c-070e-496e-9685-480072a7eed2",
                    "name": "Backbone National de Guinée",
                    "links": [
                        {
                            "rel": "describedby",
                            "href": "https://standard.ofds.info/en/0__4__0/network-schema.json"
                        }
                    ]
                },
                "featureType": "span"
            }
        },
        {
            "type": "Feature",
            "geometry": {
                "type": "LineString",
                "coordinates": [
                    [
                        -12.28980131491369,
                        11.32149183200285
                    ],
                    [
                        -12.29280116982094,
                        11.31809252411975
                    ],
                    [
                        -12.2975336044065,
                        11.31568160242213
                    ],
                    [
                        -12.3286323019426,
                        11.30870784670589
                    ],
                    [
                        -12.32909381449903,
                        11.30691236369361
                    ],
                    [
                        -12.33047622396755,
                        11.30287374265758
                    ],
                    [
                        -12.36317695694114,
                        11.25668823577633
                    ],
                    [
                        -12.38569886666809,
                        11.21633514671345
                    ],
                    [
                        -12.38847548693711,
                        11.13995344918449
                    ],
                    [
                        -12.38801690897047,
                        11.13860263960295
                    ],
                    [
                        -12.39171381499247,
                        11.09095922103411
                    ],
                    [
                        -12.39401650154149,
                        11.07793635552693
                    ],
                    [
                        -12.395945844750592,
                        11.058493052946911
                    ]
                ]
            },
            "properties": {
                "id": "18fb2823-be79-4813-a10e-04a5e9a58281",
                "name": "Labe - Pita",
                "start": {
                    "name": "Labe",
                    "id": "4edab88c-6046-488f-aafc-0188aea4ac2d",
                    "networkProviders": [
                        {
                            "id": "03208a59-5332-41f1-ad19-35b56df0eba2",
                            "name": "Société de Gestion de la Backbone Nationale de Guinée (SOGEB)"
                        }
                    ],
                    "status": "operational",
                    "location": {
                        "type": "Point",
                        "coordinates": [
                            -12.289917120837982,
                            11.322048309252391
                        ]
                    },
                    "transmissionMediumOwner": {
                        "id": "c5e1a548-eca0-4cad-9b0e-f3a9237f5c58",
                        "name": "Governement de Guinée"
                    }
                },
                "end": {
                    "name": "Pita",
                    "id": "c2a925fe-38cc-4063-a58b-775544f53cfa",
                    "networkProviders": [
                        {
                            "id": "03208a59-5332-41f1-ad19-35b56df0eba2",
                            "name": "Société de Gestion de la Backbone Nationale de Guinée (SOGEB)"
                        }
                    ],
                    "status": "operational",
                    "location": {
                        "type": "Point",
                        "coordinates": [
                            -12.395955718823181,
                            11.058393545207622
                        ]
                    },
                    "transmissionMediumOwner": {
                        "id": "c5e1a548-eca0-4cad-9b0e-f3a9237f5c58",
                        "name": "Governement de Guinée"
                    }
                },
                "status": "operational",
                "networkProviders": [
                    {
                        "id": "03208a59-5332-41f1-ad19-35b56df0eba2",
                        "name": "Société de Gestion de la Backbone Nationale de Guinée (SOGEB)"
                    }
                ],
                "transmissionMediumOwner": {
                    "id": "c5e1a548-eca0-4cad-9b0e-f3a9237f5c58",
                    "name": "Governement de Guinée"
                },
                "network": {
                    "id": "86ae7c8c-070e-496e-9685-480072a7eed2",
                    "name": "Backbone National de Guinée",
                    "links": [
                        {
                            "rel": "describedby",
                            "href": "https://standard.ofds.info/en/0__4__0/network-schema.json"
                        }
                    ]
                },
                "featureType": "span"
            }
        },
        {
            "type": "Feature",
            "geometry": {
                "type": "LineString",
                "coordinates": [
                    [
                        -12.39596559289577,
                        11.058294037468333
                    ],
                    [
                        -12.40037718524325,
                        11.01383542353842
                    ],
                    [
                        -12.37198331892725,
                        10.93823164759731
                    ],
                    [
                        -12.34450898942619,
                        10.88099113153203
                    ],
                    [
                        -12.32987980419597,
                        10.8359110565958
                    ],
                    [
                        -12.32804743733541,
                        10.83500507530905
                    ],
                    [
                        -12.30110191059636,
                        10.78410619926412
                    ],
                    [
                        -12.26552295208532,
                        10.73414326147181
                    ],
                    [
                        -12.25000511306627,
                        10.72287305051597
                    ],
                    [
                        -12.25522358023914,
                        10.70304695181271
                    ],
                    [
                        -12.252074844307922,
                        10.690532922920543
                    ]
                ]
            },
            "properties": {
                "id": "d72f0e8d-9b54-4417-a6fd-4de01cc3f731",
                "name": "Pita - Dalaba",
                "start": {
                    "name": "Pita",
                    "id": "c2a925fe-38cc-4063-a58b-775544f53cfa",
                    "networkProviders": [
                        {
                            "id": "03208a59-5332-41f1-ad19-35b56df0eba2",
                            "name": "Société de Gestion de la Backbone Nationale de Guinée (SOGEB)"
                        }
                    ],
                    "status": "operational",
                    "location": {
                        "type": "Point",
                        "coordinates": [
                            -12.395955718823181,
                            11.058393545207622
                        ]
                    },
                    "transmissionMediumOwner": {
                        "id": "c5e1a548-eca0-4cad-9b0e-f3a9237f5c58",
                        "name": "Governement de Guinée"
                    }
                },
                "end": {
                    "name": "Dalaba",
                    "id": "b2049e16-5f7a-4ece-92b8-363bdf03bd04",
                    "networkProviders": [
                        {
                            "id": "03208a59-5332-41f1-ad19-35b56df0eba2",
                            "name": "Société de Gestion de la Backbone Nationale de Guinée (SOGEB)"
                        }
                    ],
                    "status": "operational",
                    "location": {
                        "type": "Point",
                        "coordinates": [
                            -12.25205047261114,
                            10.69043606242657
                        ]
                    },
                    "transmissionMediumOwner": {
                        "id": "c5e1a548-eca0-4cad-9b0e-f3a9237f5c58",
                        "name": "Governement de Guinée"
                    }
                },
                "status": "operational",
                "networkProviders": [
                    {
                        "id": "03208a59-5332-41f1-ad19-35b56df0eba2",
                        "name": "Société de Gestion de la Backbone Nationale de Guinée (SOGEB)"
                    }
                ],
                "transmissionMediumOwner": {
                    "id": "c5e1a548-eca0-4cad-9b0e-f3a9237f5c58",
                    "name": "Governement de Guinée"
                },
                "network": {
                    "id": "86ae7c8c-070e-496e-9685-480072a7eed2",
                    "name": "Backbone National de Guinée",
                    "links": [
                        {
                            "rel": "describedby",
                            "href": "https://standard.ofds.info/en/0__4__0/network-schema.json"
                        }
                    ]
                },
                "featureType": "span"
            }
        },
        {
            "type": "Feature",
            "geometry": {
                "type": "LineString",
                "coordinates": [
                    [
                        -12.251960962364297,
                        10.690391709684334
                    ],
                    [
                        -12.23833500699641,
                        10.68363998563635
                    ],
                    [
                        -12.23787981770312,
                        10.68273876126029
                    ],
                    [
                        -12.1918353402792,
                        10.63889823927437
                    ],
                    [
                        -12.19512755896372,
                        10.61500833103918
                    ],
                    [
                        -12.18336496815887,
                        10.57577075468542
                    ],
                    [
                        -12.20546914487591,
                        10.53670355472022
                    ],
                    [
                        -12.19643205572149,
                        10.51351663183309
                    ],
                    [
                        -12.1762892800545,
                        10.5102847142411
                    ],
                    [
                        -12.14522877699844,
                        10.49078013718948
                    ],
                    [
                        -12.14431500258323,
                        10.49032596412706
                    ],
                    [
                        -12.14248749651627,
                        10.48941762695208
                    ],
                    [
                        -12.11473747764665,
                        10.45282242647764
                    ],
                    [
                        -12.09480428709017,
                        10.41404383194699
                    ],
                    [
                        -12.08309267818015,
                        10.38027720452627
                    ],
                    [
                        -12.082421696116565,
                        10.379754043715197
                    ]
                ]
            },
            "properties": {
                "id": "63abab90-3758-402b-9f0d-06159869ea28",
                "name": "Dalaba - Mamou",
                "start": {
                    "name": "Dalaba",
                    "id": "b2049e16-5f7a-4ece-92b8-363bdf03bd04",
                    "networkProviders": [
                        {
                            "id": "03208a59-5332-41f1-ad19-35b56df0eba2",
                            "name": "Société de Gestion de la Backbone Nationale de Guinée (SOGEB)"
                        }
                    ],
                    "status": "operational",
                    "location": {
                        "type": "Point",
                        "coordinates": [
                            -12.25205047261114,
                            10.69043606242657
                        ]
                    },
                    "transmissionMediumOwner": {
                        "id": "c5e1a548-eca0-4cad-9b0e-f3a9237f5c58",
                        "name": "Governement de Guinée"
                    }
                },
                "end": {
                    "name": "Mamou",
                    "id": "4b909117-9d1b-4a23-b8fe-2cab53edeea3",
                    "networkProviders": [
                        {
                            "id": "03208a59-5332-41f1-ad19-35b56df0eba2",
                            "name": "Société de Gestion de la Backbone Nationale de Guinée (SOGEB)"
                        }
                    ],
                    "status": "operational",
                    "location": {
                        "type": "Point",
                        "coordinates": [
                            -12.082342906304122,
                            10.379692611756848
                        ]
                    },
                    "transmissionMediumOwner": {
                        "id": "c5e1a548-eca0-4cad-9b0e-f3a9237f5c58",
                        "name": "Governement de Guinée"
                    }
                },
                "status": "operational",
                "networkProviders": [
                    {
                        "id": "03208a59-5332-41f1-ad19-35b56df0eba2",
                        "name": "Société de Gestion de la Backbone Nationale de Guinée (SOGEB)"
                    }
                ],
                "transmissionMediumOwner": {
                    "id": "c5e1a548-eca0-4cad-9b0e-f3a9237f5c58",
                    "name": "Governement de Guinée"
                },
                "network": {
                    "id": "86ae7c8c-070e-496e-9685-480072a7eed2",
                    "name": "Backbone National de Guinée",
                    "links": [
                        {
                            "rel": "describedby",
                            "href": "https://standard.ofds.info/en/0__4__0/network-schema.json"
                        }
                    ]
                },
                "featureType": "span"
            }
        },
        {
            "type": "Feature",
            "geometry": {
                "type": "LineString",
                "coordinates": [
                    [
                        -12.082264116491679,
                        10.379631179798501
                    ],
                    [
                        -12.05122676223555,
                        10.35543153526638
                    ],
                    [
                        -11.99777703347822,
                        10.29724251534308
                    ],
                    [
                        -11.95842434841367,
                        10.29167508854312
                    ],
                    [
                        -11.93187850075037,
                        10.28705836786698
                    ],
                    [
                        -11.88190298400178,
                        10.24747532941825
                    ],
                    [
                        -11.84158679062172,
                        10.1854585242764
                    ],
                    [
                        -11.83838306970354,
                        10.18499380110711
                    ],
                    [
                        -11.80500182401511,
                        10.17582956802908
                    ],
                    [
                        -11.80361893403882,
                        10.17672551828281
                    ],
                    [
                        -11.8008606075969,
                        10.17761552036086
                    ],
                    [
                        -11.7980981329816,
                        10.17895661024332
                    ],
                    [
                        -11.79533927631331,
                        10.1798467387702
                    ],
                    [
                        -11.76496192509361,
                        10.19099577524788
                    ],
                    [
                        -11.70175883319656,
                        10.16625719229299
                    ],
                    [
                        -11.69948069061967,
                        10.16489418178249
                    ],
                    [
                        -11.66213629218188,
                        10.14128433419094
                    ],
                    [
                        -11.65984912751265,
                        10.14127262002139
                    ],
                    [
                        -11.6566469950909,
                        10.1412562024163
                    ],
                    [
                        -11.65252977644196,
                        10.14123506351946
                    ],
                    [
                        -11.58151289655707,
                        10.14897456975145
                    ],
                    [
                        -11.50905849241103,
                        10.16159822712962
                    ],
                    [
                        -11.47435759542019,
                        10.15374182440729
                    ],
                    [
                        -11.4706911714708,
                        10.15507173041066
                    ],
                    [
                        -11.42995966755905,
                        10.15978977865212
                    ],
                    [
                        -11.42204368696394,
                        10.1786696873814
                    ],
                    [
                        -11.41930187934588,
                        10.17820302694456
                    ],
                    [
                        -11.418195683465402,
                        10.178196607806404
                    ]
                ]
            },
            "properties": {
                "id": "3e5db83f-1965-4ecc-b7db-5cb1c3357e65",
                "name": "Mamou - Marela",
                "start": {
                    "name": "Mamou",
                    "id": "4b909117-9d1b-4a23-b8fe-2cab53edeea3",
                    "networkProviders": [
                        {
                            "id": "03208a59-5332-41f1-ad19-35b56df0eba2",
                            "name": "Société de Gestion de la Backbone Nationale de Guinée (SOGEB)"
                        }
                    ],
                    "status": "operational",
                    "location": {
                        "type": "Point",
                        "coordinates": [
                            -12.082342906304122,
                            10.379692611756848
                        ]
                    },
                    "transmissionMediumOwner": {
                        "id": "c5e1a548-eca0-4cad-9b0e-f3a9237f5c58",
                        "name": "Governement de Guinée"
                    }
                },
                "end": {
                    "name": "Marela",
                    "id": "e9c6db2d-3927-417e-be4d-b5230916475f",
                    "networkProviders": [
                        {
                            "id": "03208a59-5332-41f1-ad19-35b56df0eba2",
                            "name": "Société de Gestion de la Backbone Nationale de Guinée (SOGEB)"
                        }
                    ],
                    "status": "operational",
                    "location": {
                        "type": "Point",
                        "coordinates": [
                            -11.418095711965071,
                            10.17819602768232
                        ]
                    },
                    "transmissionMediumOwner": {
                        "id": "c5e1a548-eca0-4cad-9b0e-f3a9237f5c58",
                        "name": "Governement de Guinée"
                    }
                },
                "status": "operational",
                "networkProviders": [
                    {
                        "id": "03208a59-5332-41f1-ad19-35b56df0eba2",
                        "name": "Société de Gestion de la Backbone Nationale de Guinée (SOGEB)"
                    }
                ],
                "transmissionMediumOwner": {
                    "id": "c5e1a548-eca0-4cad-9b0e-f3a9237f5c58",
                    "name": "Governement de Guinée"
                },
                "network": {
                    "id": "86ae7c8c-070e-496e-9685-480072a7eed2",
                    "name": "Backbone National de Guinée",
                    "links": [
                        {
                            "rel": "describedby",
                            "href": "https://standard.ofds.info/en/0__4__0/network-schema.json"
                        }
                    ]
                },
                "featureType": "span"
            }
        },
        {
            "type": "Feature",
            "geometry": {
                "type": "LineString",
                "coordinates": [
                    [
                        -11.41799574046474,
                        10.178195447558236
                    ],
                    [
                        -11.41609911023789,
                        10.17818444161284
                    ],
                    [
                        -11.41243868881512,
                        10.17816318967803
                    ],
                    [
                        -11.41015087773901,
                        10.17814990104029
                    ],
                    [
                        -11.34147121460315,
                        10.18000337931878
                    ],
                    [
                        -11.33826554721262,
                        10.17998459574861
                    ],
                    [
                        -11.30392217960743,
                        10.17842984406484
                    ],
                    [
                        -11.30255190876326,
                        10.17797077376994
                    ],
                    [
                        -11.29981135305886,
                        10.17705262647264
                    ],
                    [
                        -11.27430488594162,
                        10.16111879983315
                    ],
                    [
                        -11.20572411502212,
                        10.17459233117956
                    ],
                    [
                        -11.20390739685344,
                        10.17277767748831
                    ],
                    [
                        -11.20345005178353,
                        10.17277465447098
                    ],
                    [
                        -11.12421248763276,
                        10.07593496324831
                    ],
                    [
                        -11.09146356178956,
                        10.0489676268632
                    ],
                    [
                        -11.03833298865314,
                        10.06570039744988
                    ],
                    [
                        -11.03650821388448,
                        10.06523705134479
                    ],
                    [
                        -11.03331234421315,
                        10.06476392795136
                    ],
                    [
                        -10.9941505736193,
                        10.04692418275905
                    ],
                    [
                        -10.94501662749636,
                        10.02181598520887
                    ],
                    [
                        -10.94227913728143,
                        10.02134584730005
                    ],
                    [
                        -10.81008511459197,
                        10.02259222666976
                    ],
                    [
                        -10.75582037263841,
                        10.03883433288123
                    ],
                    [
                        -10.74335780224825,
                        10.0450466775766
                    ],
                    [
                        -10.741645857715655,
                        10.042137378933731
                    ]
                ]
            },
            "properties": {
                "id": "8780dec2-58ab-49a4-b5e7-f87d8e0c01e1",
                "name": "Marela - Faranah",
                "start": {
                    "name": "Marela",
                    "id": "e9c6db2d-3927-417e-be4d-b5230916475f",
                    "networkProviders": [
                        {
                            "id": "03208a59-5332-41f1-ad19-35b56df0eba2",
                            "name": "Société de Gestion de la Backbone Nationale de Guinée (SOGEB)"
                        }
                    ],
                    "status": "operational",
                    "location": {
                        "type": "Point",
                        "coordinates": [
                            -11.418095711965071,
                            10.17819602768232
                        ]
                    },
                    "transmissionMediumOwner": {
                        "id": "c5e1a548-eca0-4cad-9b0e-f3a9237f5c58",
                        "name": "Governement de Guinée"
                    }
                },
                "end": {
                    "name": "Faranah",
                    "id": "f124a233-1ddd-4605-a07a-f46482b325d0",
                    "networkProviders": [
                        {
                            "id": "03208a59-5332-41f1-ad19-35b56df0eba2",
                            "name": "Société de Gestion de la Backbone Nationale de Guinée (SOGEB)"
                        }
                    ],
                    "status": "operational",
                    "location": {
                        "type": "Point",
                        "coordinates": [
                            -10.741595202098347,
                            10.042051294182805
                        ]
                    },
                    "transmissionMediumOwner": {
                        "id": "c5e1a548-eca0-4cad-9b0e-f3a9237f5c58",
                        "name": "Governement de Guinée"
                    }
                },
                "status": "operational",
                "networkProviders": [
                    {
                        "id": "03208a59-5332-41f1-ad19-35b56df0eba2",
                        "name": "Société de Gestion de la Backbone Nationale de Guinée (SOGEB)"
                    }
                ],
                "transmissionMediumOwner": {
                    "id": "c5e1a548-eca0-4cad-9b0e-f3a9237f5c58",
                    "name": "Governement de Guinée"
                },
                "network": {
                    "id": "86ae7c8c-070e-496e-9685-480072a7eed2",
                    "name": "Backbone National de Guinée",
                    "links": [
                        {
                            "rel": "describedby",
                            "href": "https://standard.ofds.info/en/0__4__0/network-schema.json"
                        }
                    ]
                },
                "featureType": "span"
            }
        },
        {
            "type": "Feature",
            "geometry": {
                "type": "LineString",
                "coordinates": [
                    [
                        -10.74154454648104,
                        10.04196520943188
                    ],
                    [
                        -10.67323716056844,
                        9.92588283564588
                    ],
                    [
                        -10.65936269909029,
                        9.896523306877269
                    ],
                    [
                        -10.63457171641988,
                        9.863945097310701
                    ],
                    [
                        -10.62569654488954,
                        9.769933565864484
                    ],
                    [
                        -10.62617217698812,
                        9.768137176037374
                    ],
                    [
                        -10.62710453035403,
                        9.766344667173811
                    ],
                    [
                        -10.631136121439049,
                        9.738513732602453
                    ]
                ]
            },
            "properties": {
                "id": "24598388-a983-446b-a41a-173028e17c7a",
                "name": "Faranah - Tiro",
                "start": {
                    "name": "Faranah",
                    "id": "f124a233-1ddd-4605-a07a-f46482b325d0",
                    "networkProviders": [
                        {
                            "id": "03208a59-5332-41f1-ad19-35b56df0eba2",
                            "name": "Société de Gestion de la Backbone Nationale de Guinée (SOGEB)"
                        }
                    ],
                    "status": "operational",
                    "location": {
                        "type": "Point",
                        "coordinates": [
                            -10.741595202098347,
                            10.042051294182805
                        ]
                    },
                    "transmissionMediumOwner": {
                        "id": "c5e1a548-eca0-4cad-9b0e-f3a9237f5c58",
                        "name": "Governement de Guinée"
                    }
                },
                "end": {
                    "name": "Tiro",
                    "id": "2f13d811-63b2-4cc6-b059-9233ea36b683",
                    "networkProviders": [
                        {
                            "id": "03208a59-5332-41f1-ad19-35b56df0eba2",
                            "name": "Société de Gestion de la Backbone Nationale de Guinée (SOGEB)"
                        }
                    ],
                    "status": "operational",
                    "location": {
                        "type": "Point",
                        "coordinates": [
                            -10.631150440620637,
                            9.738414884232796
                        ]
                    },
                    "transmissionMediumOwner": {
                        "id": "c5e1a548-eca0-4cad-9b0e-f3a9237f5c58",
                        "name": "Governement de Guinée"
                    }
                },
                "status": "operational",
                "networkProviders": [
                    {
                        "id": "03208a59-5332-41f1-ad19-35b56df0eba2",
                        "name": "Société de Gestion de la Backbone Nationale de Guinée (SOGEB)"
                    }
                ],
                "transmissionMediumOwner": {
                    "id": "c5e1a548-eca0-4cad-9b0e-f3a9237f5c58",
                    "name": "Governement de Guinée"
                },
                "network": {
                    "id": "86ae7c8c-070e-496e-9685-480072a7eed2",
                    "name": "Backbone National de Guinée",
                    "links": [
                        {
                            "rel": "describedby",
                            "href": "https://standard.ofds.info/en/0__4__0/network-schema.json"
                        }
                    ]
                },
                "featureType": "span"
            }
        },
        {
            "type": "Feature",
            "geometry": {
                "type": "LineString",
                "coordinates": [
                    [
                        -10.631164759802223,
                        9.73831603586314
                    ],
                    [
                        -10.63153048040926,
                        9.735791388380001
                    ],
                    [
                        -10.59567200426608,
                        9.704848040852022
                    ],
                    [
                        -10.59521971474468,
                        9.704394012672896
                    ],
                    [
                        -10.5626647246733,
                        9.672166254524061
                    ],
                    [
                        -10.53917891969279,
                        9.6105003265937
                    ],
                    [
                        -10.51382883930964,
                        9.540111962520033
                    ],
                    [
                        -10.51247395993705,
                        9.538751974150474
                    ],
                    [
                        -10.50078096062207,
                        9.522025415960142
                    ],
                    [
                        -10.49485597904556,
                        9.52197323255543
                    ],
                    [
                        -10.45317119128816,
                        9.541374255422726
                    ],
                    [
                        -10.45089561456348,
                        9.540904437428336
                    ],
                    [
                        -10.44634912718876,
                        9.539515312130664
                    ],
                    [
                        -10.39177274875811,
                        9.524187527101658
                    ],
                    [
                        -10.39040904272818,
                        9.523725519013587
                    ],
                    [
                        -10.31522866755391,
                        9.486849584592404
                    ],
                    [
                        -10.25962500410504,
                        9.443645646788804
                    ],
                    [
                        -10.17661869007096,
                        9.355825711287258
                    ],
                    [
                        -10.14936867100405,
                        9.306188492071358
                    ],
                    [
                        -10.11152817095545,
                        9.221236496815918
                    ],
                    [
                        -10.11157666909746,
                        9.192626188549761
                    ]
                ]
            },
            "properties": {
                "id": "09a2cdfb-2dd0-4991-90e0-2d983944917a",
                "name": "Tiro - Kissidougou",
                "start": {
                    "name": "Tiro",
                    "id": "2f13d811-63b2-4cc6-b059-9233ea36b683",
                    "networkProviders": [
                        {
                            "id": "03208a59-5332-41f1-ad19-35b56df0eba2",
                            "name": "Société de Gestion de la Backbone Nationale de Guinée (SOGEB)"
                        }
                    ],
                    "status": "operational",
                    "location": {
                        "type": "Point",
                        "coordinates": [
                            -10.631150440620637,
                            9.738414884232796
                        ]
                    },
                    "transmissionMediumOwner": {
                        "id": "c5e1a548-eca0-4cad-9b0e-f3a9237f5c58",
                        "name": "Governement de Guinée"
                    }
                },
                "end": {
                    "name": "Kissidougou",
                    "id": "20398ea6-2735-49ce-bfd8-d546066e6505",
                    "networkProviders": [
                        {
                            "id": "03208a59-5332-41f1-ad19-35b56df0eba2",
                            "name": "Société de Gestion de la Backbone Nationale de Guinée (SOGEB)"
                        }
                    ],
                    "status": "operational",
                    "location": {
                        "type": "Point",
                        "coordinates": [
                            -10.11157683859617,
                            9.192526196876699
                        ]
                    },
                    "transmissionMediumOwner": {
                        "id": "c5e1a548-eca0-4cad-9b0e-f3a9237f5c58",
                        "name": "Governement de Guinée"
                    }
                },
                "status": "operational",
                "networkProviders": [
                    {
                        "id": "03208a59-5332-41f1-ad19-35b56df0eba2",
                        "name": "Société de Gestion de la Backbone Nationale de Guinée (SOGEB)"
                    }
                ],
                "transmissionMediumOwner": {
                    "id": "c5e1a548-eca0-4cad-9b0e-f3a9237f5c58",
                    "name": "Governement de Guinée"
                },
                "network": {
                    "id": "86ae7c8c-070e-496e-9685-480072a7eed2",
                    "name": "Backbone National de Guinée",
                    "links": [
                        {
                            "rel": "describedby",
                            "href": "https://standard.ofds.info/en/0__4__0/network-schema.json"
                        }
                    ]
                },
                "featureType": "span"
            }
        },
        {
            "type": "Feature",
            "geometry": {
                "type": "LineString",
                "coordinates": [
                    [
                        -10.1115188237468,
                        9.192444872763513
                    ],
                    [
                        -10.09210168419963,
                        9.165226295598092
                    ],
                    [
                        -10.08825819903045,
                        9.146445240682084
                    ],
                    [
                        -10.08915261395095,
                        9.097184392353705
                    ],
                    [
                        -10.08780954930176,
                        8.992158458307658
                    ],
                    [
                        -10.10008041458112,
                        8.971584197140544
                    ],
                    [
                        -10.15245271464087,
                        8.907311022382142
                    ],
                    [
                        -10.17923857642135,
                        8.879159112292655
                    ],
                    [
                        -10.17941051086531,
                        8.844858356734818
                    ],
                    [
                        -10.15161564060129,
                        8.799178064428292
                    ],
                    [
                        -10.13594005928973,
                        8.786962895915133
                    ],
                    [
                        -10.12693118893414,
                        8.751596735966851
                    ],
                    [
                        -10.12579360511829,
                        8.662753338034205
                    ],
                    [
                        -10.12426654519492,
                        8.603763104593003
                    ],
                    [
                        -10.13608388995071,
                        8.58126407244027
                    ],
                    [
                        -10.131008334507525,
                        8.566219697693068
                    ]
                ]
            },
            "properties": {
                "id": "fcce8fb4-af80-4eb6-9a33-12a3878e95a7",
                "name": "Kissidougou - Gueckedou",
                "start": {
                    "name": "Kissidougou",
                    "id": "20398ea6-2735-49ce-bfd8-d546066e6505",
                    "networkProviders": [
                        {
                            "id": "03208a59-5332-41f1-ad19-35b56df0eba2",
                            "name": "Société de Gestion de la Backbone Nationale de Guinée (SOGEB)"
                        }
                    ],
                    "status": "operational",
                    "location": {
                        "type": "Point",
                        "coordinates": [
                            -10.11157683859617,
                            9.192526196876699
                        ]
                    },
                    "transmissionMediumOwner": {
                        "id": "c5e1a548-eca0-4cad-9b0e-f3a9237f5c58",
                        "name": "Governement de Guinée"
                    }
                },
                "end": {
                    "name": "Gueckedou",
                    "id": "c68dd13e-bde1-4cbf-b690-f4b31313da6e",
                    "networkProviders": [
                        {
                            "id": "03208a59-5332-41f1-ad19-35b56df0eba2",
                            "name": "Société de Gestion de la Backbone Nationale de Guinée (SOGEB)"
                        }
                    ],
                    "status": "operational",
                    "location": {
                        "type": "Point",
                        "coordinates": [
                            -10.130948442712677,
                            8.566139765617523
                        ]
                    },
                    "transmissionMediumOwner": {
                        "id": "c5e1a548-eca0-4cad-9b0e-f3a9237f5c58",
                        "name": "Governement de Guinée"
                    }
                },
                "status": "operational",
                "networkProviders": [
                    {
                        "id": "03208a59-5332-41f1-ad19-35b56df0eba2",
                        "name": "Société de Gestion de la Backbone Nationale de Guinée (SOGEB)"
                    }
                ],
                "transmissionMediumOwner": {
                    "id": "c5e1a548-eca0-4cad-9b0e-f3a9237f5c58",
                    "name": "Governement de Guinée"
                },
                "network": {
                    "id": "86ae7c8c-070e-496e-9685-480072a7eed2",
                    "name": "Backbone National de Guinée",
                    "links": [
                        {
                            "rel": "describedby",
                            "href": "https://standard.ofds.info/en/0__4__0/network-schema.json"
                        }
                    ]
                },
                "featureType": "span"
            }
        },
        {
            "type": "Feature",
            "geometry": {
                "type": "LineString",
                "coordinates": [
                    [
                        -10.130864609772399,
                        8.56608535308112
                    ],
                    [
                        -10.1095340227331,
                        8.552240540529645
                    ],
                    [
                        -10.10752284019809,
                        8.552220439328744
                    ],
                    [
                        -10.04998793550781,
                        8.5552302584428
                    ],
                    [
                        -10.04878147575531,
                        8.55521811863266
                    ],
                    [
                        -10.0463718238181,
                        8.554795276474463
                    ],
                    [
                        -10.02547976797779,
                        8.552592139594895
                    ],
                    [
                        -10.0234807146824,
                        8.551376596818418
                    ],
                    [
                        -9.996587489036518,
                        8.547121472528868
                    ],
                    [
                        -9.994984067308925,
                        8.546706994467014
                    ],
                    [
                        -9.990165177575756,
                        8.546259980620007
                    ],
                    [
                        -9.984149934544309,
                        8.545004430716002
                    ],
                    [
                        -9.943624747844009,
                        8.539417486092209
                    ],
                    [
                        -9.942022798445876,
                        8.539003172141959
                    ],
                    [
                        -9.928003556978965,
                        8.535676709539246
                    ],
                    [
                        -9.925586520298092,
                        8.536049843228767
                    ],
                    [
                        -9.921159914386449,
                        8.5364024227051
                    ],
                    [
                        -9.915929117700625,
                        8.536746764299583
                    ],
                    [
                        -9.911495464483622,
                        8.537497209435102
                    ],
                    [
                        -9.904240883681947,
                        8.538616798839138
                    ],
                    [
                        -9.846219222051676,
                        8.575911286577487
                    ],
                    [
                        -9.842602739194943,
                        8.5766656630118
                    ],
                    [
                        -9.776903025713352,
                        8.600964257649618
                    ],
                    [
                        -9.77485689064881,
                        8.603723861718187
                    ],
                    [
                        -9.770779318870893,
                        8.608052874743633
                    ],
                    [
                        -9.765907303513243,
                        8.611579961508722
                    ],
                    [
                        -9.733352948255536,
                        8.636326143001567
                    ],
                    [
                        -9.729717359403667,
                        8.637085234309225
                    ],
                    [
                        -9.726886440224181,
                        8.637852966320771
                    ],
                    [
                        -9.69338424067521,
                        8.663867988037467
                    ],
                    [
                        -9.655758498886952,
                        8.649074440688562
                    ],
                    [
                        -9.653750622419011,
                        8.64865352035679
                    ],
                    [
                        -9.60613934875035,
                        8.637716919942617
                    ],
                    [
                        -9.605340184460406,
                        8.637309167248263
                    ],
                    [
                        -9.577043750626563,
                        8.61945941283282
                    ],
                    [
                        -9.574228963349622,
                        8.619428150766279
                    ],
                    [
                        -9.54559768199256,
                        8.62349121461909
                    ],
                    [
                        -9.542781333462871,
                        8.623459866966474
                    ],
                    [
                        -9.542378986569519,
                        8.62345538784653
                    ],
                    [
                        -9.514212617491872,
                        8.608000393828698
                    ],
                    [
                        -9.493420211753055,
                        8.572981183266577
                    ],
                    [
                        -9.46731913463304,
                        8.54678082546443
                    ],
                    [
                        -9.466862257960448,
                        8.545243256297896
                    ]
                ]
            },
            "properties": {
                "id": "0673140f-6e86-4de4-9ca1-d7a86f296a04",
                "name": "Gueckedou - Macenta",
                "start": {
                    "name": "Gueckedou",
                    "id": "c68dd13e-bde1-4cbf-b690-f4b31313da6e",
                    "networkProviders": [
                        {
                            "id": "03208a59-5332-41f1-ad19-35b56df0eba2",
                            "name": "Société de Gestion de la Backbone Nationale de Guinée (SOGEB)"
                        }
                    ],
                    "status": "operational",
                    "location": {
                        "type": "Point",
                        "coordinates": [
                            -10.130948442712677,
                            8.566139765617523
                        ]
                    },
                    "transmissionMediumOwner": {
                        "id": "c5e1a548-eca0-4cad-9b0e-f3a9237f5c58",
                        "name": "Governement de Guinée"
                    }
                },
                "end": {
                    "name": "Macenta",
                    "id": "eaccf57c-82ad-498a-bf5c-9817f974f34b",
                    "networkProviders": [
                        {
                            "id": "03208a59-5332-41f1-ad19-35b56df0eba2",
                            "name": "Société de Gestion de la Backbone Nationale de Guinée (SOGEB)"
                        }
                    ],
                    "status": "operational",
                    "location": {
                        "type": "Point",
                        "coordinates": [
                            -9.466833782095206,
                            8.545147423844606
                        ]
                    },
                    "transmissionMediumOwner": {
                        "id": "c5e1a548-eca0-4cad-9b0e-f3a9237f5c58",
                        "name": "Governement de Guinée"
                    }
                },
                "status": "operational",
                "networkProviders": [
                    {
                        "id": "03208a59-5332-41f1-ad19-35b56df0eba2",
                        "name": "Société de Gestion de la Backbone Nationale de Guinée (SOGEB)"
                    }
                ],
                "transmissionMediumOwner": {
                    "id": "c5e1a548-eca0-4cad-9b0e-f3a9237f5c58",
                    "name": "Governement de Guinée"
                },
                "network": {
                    "id": "86ae7c8c-070e-496e-9685-480072a7eed2",
                    "name": "Backbone National de Guinée",
                    "links": [
                        {
                            "rel": "describedby",
                            "href": "https://standard.ofds.info/en/0__4__0/network-schema.json"
                        }
                    ]
                },
                "featureType": "span"
            }
        },
        {
            "type": "Feature",
            "geometry": {
                "type": "LineString",
                "coordinates": [
                    [
                        -9.466805306229965,
                        8.545051591391315
                    ],
                    [
                        -9.447715045156794,
                        8.480805376672995
                    ],
                    [
                        -9.407137473153988,
                        8.44528383676277
                    ],
                    [
                        -9.397319785746454,
                        8.399163329451849
                    ],
                    [
                        -9.394916799675828,
                        8.399135212811034
                    ],
                    [
                        -9.388914765443916,
                        8.398669244130208
                    ],
                    [
                        -9.35131465543037,
                        8.39506116329548
                    ],
                    [
                        -9.316794322691482,
                        8.39860672613221
                    ],
                    [
                        -9.24490898128401,
                        8.354076263672077
                    ],
                    [
                        -9.243714229629202,
                        8.352460848126329
                    ],
                    [
                        -9.16027502574092,
                        8.267003002469984
                    ],
                    [
                        -9.122413811400493,
                        8.14374548731583
                    ],
                    [
                        -9.092789311319402,
                        8.086387550620012
                    ]
                ]
            },
            "properties": {
                "id": "2e764507-3888-4c49-8e0c-d2282871b625",
                "name": "Macenta - N'Zébéla",
                "start": {
                    "name": "Macenta",
                    "id": "eaccf57c-82ad-498a-bf5c-9817f974f34b",
                    "networkProviders": [
                        {
                            "id": "03208a59-5332-41f1-ad19-35b56df0eba2",
                            "name": "Société de Gestion de la Backbone Nationale de Guinée (SOGEB)"
                        }
                    ],
                    "status": "operational",
                    "location": {
                        "type": "Point",
                        "coordinates": [
                            -9.466833782095206,
                            8.545147423844606
                        ]
                    },
                    "transmissionMediumOwner": {
                        "id": "c5e1a548-eca0-4cad-9b0e-f3a9237f5c58",
                        "name": "Governement de Guinée"
                    }
                },
                "end": {
                    "name": "N'Zébéla",
                    "id": "c390512b-1e55-46bc-9f00-0d6715711275",
                    "networkProviders": [
                        {
                            "id": "03208a59-5332-41f1-ad19-35b56df0eba2",
                            "name": "Société de Gestion de la Backbone Nationale de Guinée (SOGEB)"
                        }
                    ],
                    "status": "operational",
                    "location": {
                        "type": "Point",
                        "coordinates": [
                            -9.092743449320933,
                            8.086298754198205
                        ]
                    },
                    "transmissionMediumOwner": {
                        "id": "c5e1a548-eca0-4cad-9b0e-f3a9237f5c58",
                        "name": "Governement de Guinée"
                    }
                },
                "status": "operational",
                "networkProviders": [
                    {
                        "id": "03208a59-5332-41f1-ad19-35b56df0eba2",
                        "name": "Société de Gestion de la Backbone Nationale de Guinée (SOGEB)"
                    }
                ],
                "transmissionMediumOwner": {
                    "id": "c5e1a548-eca0-4cad-9b0e-f3a9237f5c58",
                    "name": "Governement de Guinée"
                },
                "network": {
                    "id": "86ae7c8c-070e-496e-9685-480072a7eed2",
                    "name": "Backbone National de Guinée",
                    "links": [
                        {
                            "rel": "describedby",
                            "href": "https://standard.ofds.info/en/0__4__0/network-schema.json"
                        }
                    ]
                },
                "featureType": "span"
            }
        },
        {
            "type": "Feature",
            "geometry": {
                "type": "LineString",
                "coordinates": [
                    [
                        -8.53347167777962,
                        7.802303874284918
                    ],
                    [
                        -8.51965785206093,
                        7.791463562593322
                    ],
                    [
                        -8.499665905047596,
                        7.770694976467559
                    ],
                    [
                        -8.441103621761284,
                        7.72945334513251
                    ],
                    [
                        -8.378180589010714,
                        7.720889829801932
                    ],
                    [
                        -8.32594930070135,
                        7.710546503510593
                    ],
                    [
                        -8.314776908710115,
                        7.682493697643259
                    ],
                    [
                        -8.314552299441393,
                        7.67998381218471
                    ]
                ]
            },
            "properties": {
                "id": "873e302d-b727-4f75-9b6a-f3591436bd53",
                "name": "Lola - N'Zoo",
                "start": {
                    "name": "Lola",
                    "id": "dcf00d5a-7e9c-4ea9-972c-9d56128ea480",
                    "networkProviders": [
                        {
                            "id": "03208a59-5332-41f1-ad19-35b56df0eba2",
                            "name": "Société de Gestion de la Backbone Nationale de Guinée (SOGEB)"
                        }
                    ],
                    "status": "operational",
                    "location": {
                        "type": "Point",
                        "coordinates": [
                            -8.53355028108082,
                            7.802365557724564
                        ]
                    },
                    "transmissionMediumOwner": {
                        "id": "c5e1a548-eca0-4cad-9b0e-f3a9237f5c58",
                        "name": "Governement de Guinée"
                    }
                },
                "end": {
                    "name": "N'Zoo",
                    "id": "c759027b-fad4-4956-99f3-461b30fb6dab",
                    "networkProviders": [
                        {
                            "id": "03208a59-5332-41f1-ad19-35b56df0eba2",
                            "name": "Société de Gestion de la Backbone Nationale de Guinée (SOGEB)"
                        }
                    ],
                    "status": "operational",
                    "location": {
                        "type": "Point",
                        "coordinates": [
                            -8.314543389627271,
                            7.679884249895809
                        ]
                    },
                    "transmissionMediumOwner": {
                        "id": "c5e1a548-eca0-4cad-9b0e-f3a9237f5c58",
                        "name": "Governement de Guinée"
                    }
                },
                "status": "operational",
                "networkProviders": [
                    {
                        "id": "03208a59-5332-41f1-ad19-35b56df0eba2",
                        "name": "Société de Gestion de la Backbone Nationale de Guinée (SOGEB)"
                    }
                ],
                "transmissionMediumOwner": {
                    "id": "c5e1a548-eca0-4cad-9b0e-f3a9237f5c58",
                    "name": "Governement de Guinée"
                },
                "network": {
                    "id": "86ae7c8c-070e-496e-9685-480072a7eed2",
                    "name": "Backbone National de Guinée",
                    "links": [
                        {
                            "rel": "describedby",
                            "href": "https://standard.ofds.info/en/0__4__0/network-schema.json"
                        }
                    ]
                },
                "featureType": "span"
            }
        },
        {
            "type": "Feature",
            "geometry": {
                "type": "LineString",
                "coordinates": [
                    [
                        -8.31453447981315,
                        7.679784687606909
                    ],
                    [
                        -8.313804494359434,
                        7.67162750030268
                    ],
                    [
                        -8.301126367989578,
                        7.651262290756711
                    ],
                    [
                        -8.308646234103458,
                        7.6134127915250405
                    ]
                ]
            },
            "properties": {
                "id": "b6e47c4a-56f7-4b11-b414-db48c932cce7",
                "name": "N'Zoo - Cote d'Ivoire border",
                "start": {
                    "name": "N'Zoo",
                    "id": "c759027b-fad4-4956-99f3-461b30fb6dab",
                    "networkProviders": [
                        {
                            "id": "03208a59-5332-41f1-ad19-35b56df0eba2",
                            "name": "Société de Gestion de la Backbone Nationale de Guinée (SOGEB)"
                        }
                    ],
                    "status": "operational",
                    "location": {
                        "type": "Point",
                        "coordinates": [
                            -8.314543389627271,
                            7.679884249895809
                        ]
                    },
                    "transmissionMediumOwner": {
                        "id": "c5e1a548-eca0-4cad-9b0e-f3a9237f5c58",
                        "name": "Governement de Guinée"
                    }
                },
                "end": {
                    "name": "Cote d'Ivoire border",
                    "id": "e48d5482-d96c-4dc5-b4c3-fe6cc9106781",
                    "networkProviders": [
                        {
                            "id": "03208a59-5332-41f1-ad19-35b56df0eba2",
                            "name": "Société de Gestion de la Backbone Nationale de Guinée (SOGEB)"
                        }
                    ],
                    "status": "operational",
                    "location": {
                        "type": "Point",
                        "coordinates": [
                            -8.308665720815615,
                            7.613314709686134
                        ]
                    },
                    "transmissionMediumOwner": {
                        "id": "c5e1a548-eca0-4cad-9b0e-f3a9237f5c58",
                        "name": "Governement de Guinée"
                    }
                },
                "status": "operational",
                "networkProviders": [
                    {
                        "id": "03208a59-5332-41f1-ad19-35b56df0eba2",
                        "name": "Société de Gestion de la Backbone Nationale de Guinée (SOGEB)"
                    }
                ],
                "transmissionMediumOwner": {
                    "id": "c5e1a548-eca0-4cad-9b0e-f3a9237f5c58",
                    "name": "Governement de Guinée"
                },
                "network": {
                    "id": "86ae7c8c-070e-496e-9685-480072a7eed2",
                    "name": "Backbone National de Guinée",
                    "links": [
                        {
                            "rel": "describedby",
                            "href": "https://standard.ofds.info/en/0__4__0/network-schema.json"
                        }
                    ]
                },
                "featureType": "span"
            }
        },
        {
            "type": "Feature",
            "geometry": {
                "type": "LineString",
                "coordinates": [
                    [
                        -8.823301257798812,
                        7.745431005923969
                    ],
                    [
                        -8.759786636901286,
                        7.807755429141313
                    ],
                    [
                        -8.759314212917243,
                        7.809100952345183
                    ],
                    [
                        -8.766084989150292,
                        7.847483184862757
                    ],
                    [
                        -8.691930528834229,
                        7.946697661101296
                    ],
                    [
                        -8.692803897360768,
                        7.949412226415935
                    ],
                    [
                        -8.69459285221597,
                        7.951688267974399
                    ],
                    [
                        -8.726695273358128,
                        8.03454695783563
                    ],
                    [
                        -8.706746557272023,
                        8.077841322966218
                    ],
                    [
                        -8.70808745123014,
                        8.07966090310841
                    ],
                    [
                        -8.709434421582117,
                        8.081030022527631
                    ],
                    [
                        -8.733840206729829,
                        8.128203252730188
                    ],
                    [
                        -8.731516580539969,
                        8.131777227828204
                    ],
                    [
                        -8.726881360882198,
                        8.138024135369587
                    ],
                    [
                        -8.724096701931321,
                        8.142042501664658
                    ],
                    [
                        -8.707856364721941,
                        8.165257353981367
                    ],
                    [
                        -8.7069222225079,
                        8.167047276020133
                    ],
                    [
                        -8.711679321737964,
                        8.18603504644524
                    ],
                    [
                        -8.711667457262024,
                        8.186936128282092
                    ],
                    [
                        -8.746407713000014,
                        8.211734526645529
                    ],
                    [
                        -8.74818280949198,
                        8.215364267813461
                    ],
                    [
                        -8.776719321059556,
                        8.26444587595396
                    ],
                    [
                        -8.77577408527856,
                        8.267168038556793
                    ]
                ]
            },
            "properties": {
                "id": "d60175c9-57a3-4314-a0d5-e64f8e822199",
                "name": "Nzerekore - PoP",
                "start": {
                    "name": "Nzerekore",
                    "id": "1be7b2f7-b60c-4093-b26f-f4693620332c",
                    "networkProviders": [
                        {
                            "id": "03208a59-5332-41f1-ad19-35b56df0eba2",
                            "name": "Société de Gestion de la Backbone Nationale de Guinée (SOGEB)"
                        }
                    ],
                    "status": "operational",
                    "location": {
                        "type": "Point",
                        "coordinates": [
                            -8.823301257798812,
                            7.745431005923969
                        ]
                    },
                    "transmissionMediumOwner": {
                        "id": "c5e1a548-eca0-4cad-9b0e-f3a9237f5c58",
                        "name": "Governement de Guinée"
                    }
                },
                "end": {
                    "name": "PoP",
                    "id": "5ecdb44e-a6f6-43a6-8872-0329741ec694",
                    "networkProviders": [
                        {
                            "id": "03208a59-5332-41f1-ad19-35b56df0eba2",
                            "name": "Société de Gestion de la Backbone Nationale de Guinée (SOGEB)"
                        }
                    ],
                    "status": "operational",
                    "location": {
                        "type": "Point",
                        "coordinates": [
                            -8.775741320921808,
                            8.267262395867899
                        ]
                    },
                    "transmissionMediumOwner": {
                        "id": "c5e1a548-eca0-4cad-9b0e-f3a9237f5c58",
                        "name": "Governement de Guinée"
                    }
                },
                "status": "operational",
                "networkProviders": [
                    {
                        "id": "03208a59-5332-41f1-ad19-35b56df0eba2",
                        "name": "Société de Gestion de la Backbone Nationale de Guinée (SOGEB)"
                    }
                ],
                "transmissionMediumOwner": {
                    "id": "c5e1a548-eca0-4cad-9b0e-f3a9237f5c58",
                    "name": "Governement de Guinée"
                },
                "network": {
                    "id": "86ae7c8c-070e-496e-9685-480072a7eed2",
                    "name": "Backbone National de Guinée",
                    "links": [
                        {
                            "rel": "describedby",
                            "href": "https://standard.ofds.info/en/0__4__0/network-schema.json"
                        }
                    ]
                },
                "featureType": "span"
            }
        },
        {
            "type": "Feature",
            "geometry": {
                "type": "LineString",
                "coordinates": [
                    [
                        -8.775708556565055,
                        8.267356753179005
                    ],
                    [
                        -8.762460008794204,
                        8.305510938630634
                    ],
                    [
                        -8.71061959452945,
                        8.367463000086781
                    ],
                    [
                        -8.696124017631949,
                        8.430358615544163
                    ],
                    [
                        -8.691766672235149,
                        8.449223088736783
                    ],
                    [
                        -8.708710950148387,
                        8.510269152352821
                    ],
                    [
                        -8.697404860336878,
                        8.606536621886882
                    ],
                    [
                        -8.68629311205152,
                        8.654163532172054
                    ],
                    [
                        -8.650277252717869,
                        8.689688551890228
                    ]
                ]
            },
            "properties": {
                "id": "84526567-adbc-4afd-838e-3e8b733c9893",
                "name": "PoP - Beyla",
                "start": {
                    "name": "PoP",
                    "id": "5ecdb44e-a6f6-43a6-8872-0329741ec694",
                    "networkProviders": [
                        {
                            "id": "03208a59-5332-41f1-ad19-35b56df0eba2",
                            "name": "Société de Gestion de la Backbone Nationale de Guinée (SOGEB)"
                        }
                    ],
                    "status": "operational",
                    "location": {
                        "type": "Point",
                        "coordinates": [
                            -8.775741320921808,
                            8.267262395867899
                        ]
                    },
                    "transmissionMediumOwner": {
                        "id": "c5e1a548-eca0-4cad-9b0e-f3a9237f5c58",
                        "name": "Governement de Guinée"
                    }
                },
                "end": {
                    "name": "Beyla",
                    "id": "a433f44a-e74c-4fe2-80f8-1140967b2113",
                    "networkProviders": [
                        {
                            "id": "03208a59-5332-41f1-ad19-35b56df0eba2",
                            "name": "Société de Gestion de la Backbone Nationale de Guinée (SOGEB)"
                        }
                    ],
                    "status": "operational",
                    "location": {
                        "type": "Point",
                        "coordinates": [
                            -8.65020608088513,
                            8.68975875376263
                        ]
                    },
                    "transmissionMediumOwner": {
                        "id": "c5e1a548-eca0-4cad-9b0e-f3a9237f5c58",
                        "name": "Governement de Guinée"
                    }
                },
                "status": "operational",
                "networkProviders": [
                    {
                        "id": "03208a59-5332-41f1-ad19-35b56df0eba2",
                        "name": "Société de Gestion de la Backbone Nationale de Guinée (SOGEB)"
                    }
                ],
                "transmissionMediumOwner": {
                    "id": "c5e1a548-eca0-4cad-9b0e-f3a9237f5c58",
                    "name": "Governement de Guinée"
                },
                "network": {
                    "id": "86ae7c8c-070e-496e-9685-480072a7eed2",
                    "name": "Backbone National de Guinée",
                    "links": [
                        {
                            "rel": "describedby",
                            "href": "https://standard.ofds.info/en/0__4__0/network-schema.json"
                        }
                    ]
                },
                "featureType": "span"
            }
        },
        {
            "type": "Feature",
            "geometry": {
                "type": "LineString",
                "coordinates": [
                    [
                        -8.650303452851196,
                        8.689781083548354
                    ],
                    [
                        -8.700196270970848,
                        8.701222733365453
                    ],
                    [
                        -8.701101958979606,
                        8.701685023354571
                    ],
                    [
                        -8.756441962554902,
                        8.724476632763333
                    ],
                    [
                        -8.823698496124079,
                        8.725349571799047
                    ],
                    [
                        -8.865684609567559,
                        8.720927076357723
                    ],
                    [
                        -8.881549848553714,
                        8.734123535627141
                    ]
                ]
            },
            "properties": {
                "id": "cc1058bf-ae98-4930-9a45-e052361e378e",
                "name": "Beyla - PoP",
                "start": {
                    "name": "Beyla",
                    "id": "a433f44a-e74c-4fe2-80f8-1140967b2113",
                    "networkProviders": [
                        {
                            "id": "03208a59-5332-41f1-ad19-35b56df0eba2",
                            "name": "Société de Gestion de la Backbone Nationale de Guinée (SOGEB)"
                        }
                    ],
                    "status": "operational",
                    "location": {
                        "type": "Point",
                        "coordinates": [
                            -8.65020608088513,
                            8.68975875376263
                        ]
                    },
                    "transmissionMediumOwner": {
                        "id": "c5e1a548-eca0-4cad-9b0e-f3a9237f5c58",
                        "name": "Governement de Guinée"
                    }
                },
                "end": {
                    "name": "PoP",
                    "id": "3bb29999-06ae-4675-a867-e59304e2b31e",
                    "networkProviders": [
                        {
                            "id": "03208a59-5332-41f1-ad19-35b56df0eba2",
                            "name": "Société de Gestion de la Backbone Nationale de Guinée (SOGEB)"
                        }
                    ],
                    "status": "operational",
                    "location": {
                        "type": "Point",
                        "coordinates": [
                            -8.88162670596639,
                            8.73418746442877
                        ]
                    },
                    "transmissionMediumOwner": {
                        "id": "c5e1a548-eca0-4cad-9b0e-f3a9237f5c58",
                        "name": "Governement de Guinée"
                    }
                },
                "status": "operational",
                "networkProviders": [
                    {
                        "id": "03208a59-5332-41f1-ad19-35b56df0eba2",
                        "name": "Société de Gestion de la Backbone Nationale de Guinée (SOGEB)"
                    }
                ],
                "transmissionMediumOwner": {
                    "id": "c5e1a548-eca0-4cad-9b0e-f3a9237f5c58",
                    "name": "Governement de Guinée"
                },
                "network": {
                    "id": "86ae7c8c-070e-496e-9685-480072a7eed2",
                    "name": "Backbone National de Guinée",
                    "links": [
                        {
                            "rel": "describedby",
                            "href": "https://standard.ofds.info/en/0__4__0/network-schema.json"
                        }
                    ]
                },
                "featureType": "span"
            }
        },
        {
            "type": "Feature",
            "geometry": {
                "type": "LineString",
                "coordinates": [
                    [
                        -8.881703563379066,
                        8.734251393230398
                    ],
                    [
                        -8.8882307637661,
                        8.73968061709056
                    ],
                    [
                        -8.888663272118592,
                        8.741487968551139
                    ],
                    [
                        -8.912414391079272,
                        8.773320222725664
                    ],
                    [
                        -8.951967770833038,
                        8.782375549999319
                    ],
                    [
                        -8.977742481839599,
                        8.872851650928522
                    ],
                    [
                        -8.977713424211055,
                        8.875104653942058
                    ],
                    [
                        -8.97814062525981,
                        8.877363131465952
                    ],
                    [
                        -8.966625889548034,
                        8.921382554983973
                    ],
                    [
                        -8.96204094277573,
                        8.92312844880515
                    ],
                    [
                        -8.95519705010042,
                        8.959087944753685
                    ],
                    [
                        -8.973830456799249,
                        9.001676550283806
                    ],
                    [
                        -9.003767444423268,
                        9.058348587311444
                    ],
                    [
                        -9.003744597153982,
                        9.06015054538895
                    ],
                    [
                        -9.003716048957674,
                        9.06240297182119
                    ],
                    [
                        -9.012262075609751,
                        9.108460742373618
                    ],
                    [
                        -9.018890491736725,
                        9.162606625785374
                    ],
                    [
                        -9.017510094415886,
                        9.163490740926513
                    ],
                    [
                        -9.003405251929742,
                        9.196661279716594
                    ],
                    [
                        -8.995239111622997,
                        9.229134285760011
                    ],
                    [
                        -9.006334996055642,
                        9.254054155141173
                    ],
                    [
                        -9.003659165454884,
                        9.269517018172385
                    ]
                ]
            },
            "properties": {
                "id": "0b927b7a-6a94-4544-9cbb-3cdab16a9929",
                "name": "PoP - Kerouane",
                "start": {
                    "name": "PoP",
                    "id": "3bb29999-06ae-4675-a867-e59304e2b31e",
                    "networkProviders": [
                        {
                            "id": "03208a59-5332-41f1-ad19-35b56df0eba2",
                            "name": "Société de Gestion de la Backbone Nationale de Guinée (SOGEB)"
                        }
                    ],
                    "status": "operational",
                    "location": {
                        "type": "Point",
                        "coordinates": [
                            -8.88162670596639,
                            8.73418746442877
                        ]
                    },
                    "transmissionMediumOwner": {
                        "id": "c5e1a548-eca0-4cad-9b0e-f3a9237f5c58",
                        "name": "Governement de Guinée"
                    }
                },
                "end": {
                    "name": "Kerouane",
                    "id": "60521be7-6f4f-4f15-8da8-60ac10d1540e",
                    "networkProviders": [
                        {
                            "id": "03208a59-5332-41f1-ad19-35b56df0eba2",
                            "name": "Société de Gestion de la Backbone Nationale de Guinée (SOGEB)"
                        }
                    ],
                    "status": "operational",
                    "location": {
                        "type": "Point",
                        "coordinates": [
                            -9.003642129594052,
                            9.269615463560744
                        ]
                    },
                    "transmissionMediumOwner": {
                        "id": "c5e1a548-eca0-4cad-9b0e-f3a9237f5c58",
                        "name": "Governement de Guinée"
                    }
                },
                "status": "operational",
                "networkProviders": [
                    {
                        "id": "03208a59-5332-41f1-ad19-35b56df0eba2",
                        "name": "Société de Gestion de la Backbone Nationale de Guinée (SOGEB)"
                    }
                ],
                "transmissionMediumOwner": {
                    "id": "c5e1a548-eca0-4cad-9b0e-f3a9237f5c58",
                    "name": "Governement de Guinée"
                },
                "network": {
                    "id": "86ae7c8c-070e-496e-9685-480072a7eed2",
                    "name": "Backbone National de Guinée",
                    "links": [
                        {
                            "rel": "describedby",
                            "href": "https://standard.ofds.info/en/0__4__0/network-schema.json"
                        }
                    ]
                },
                "featureType": "span"
            }
        },
        {
            "type": "Feature",
            "geometry": {
                "type": "LineString",
                "coordinates": [
                    [
                        -9.00362509373322,
                        9.269713908949102
                    ],
                    [
                        -9.003378096486157,
                        9.271141235701151
                    ],
                    [
                        -8.974732207694844,
                        9.334673222971137
                    ],
                    [
                        -8.976974406766985,
                        9.40949840883988
                    ],
                    [
                        -8.9756712033562,
                        9.513024929644265
                    ],
                    [
                        -8.990160698259832,
                        9.55915966616
                    ],
                    [
                        -9.025093378611915,
                        9.579406876144716
                    ],
                    [
                        -9.042580830785422,
                        9.606651861885107
                    ],
                    [
                        -9.057990609402049,
                        9.617652729543824
                    ],
                    [
                        -9.057180532229388,
                        9.648669593083737
                    ],
                    [
                        -9.074850880922753,
                        9.661948800737386
                    ],
                    [
                        -9.069009204830579,
                        9.689380800113597
                    ],
                    [
                        -9.06843348953861,
                        9.734894094719603
                    ],
                    [
                        -9.068042491844347,
                        9.769214142196747
                    ],
                    [
                        -9.102999353091647,
                        9.827775093076086
                    ],
                    [
                        -9.142271328969292,
                        9.897840245948455
                    ],
                    [
                        -9.150443050980074,
                        9.940287607647916
                    ],
                    [
                        -9.137685464930566,
                        9.985437445557022
                    ]
                ]
            },
            "properties": {
                "id": "08967436-5b63-4757-ae9e-38b271e2f52f",
                "name": "Kerouane - PoP",
                "start": {
                    "name": "Kerouane",
                    "id": "60521be7-6f4f-4f15-8da8-60ac10d1540e",
                    "networkProviders": [
                        {
                            "id": "03208a59-5332-41f1-ad19-35b56df0eba2",
                            "name": "Société de Gestion de la Backbone Nationale de Guinée (SOGEB)"
                        }
                    ],
                    "status": "operational",
                    "location": {
                        "type": "Point",
                        "coordinates": [
                            -9.003642129594052,
                            9.269615463560744
                        ]
                    },
                    "transmissionMediumOwner": {
                        "id": "c5e1a548-eca0-4cad-9b0e-f3a9237f5c58",
                        "name": "Governement de Guinée"
                    }
                },
                "end": {
                    "name": "PoP",
                    "id": "8838d48d-3d6d-4330-abb5-5997787ea1b2",
                    "networkProviders": [
                        {
                            "id": "03208a59-5332-41f1-ad19-35b56df0eba2",
                            "name": "Société de Gestion de la Backbone Nationale de Guinée (SOGEB)"
                        }
                    ],
                    "status": "operational",
                    "location": {
                        "type": "Point",
                        "coordinates": [
                            -9.137658294047178,
                            9.985533604891248
                        ]
                    },
                    "transmissionMediumOwner": {
                        "id": "c5e1a548-eca0-4cad-9b0e-f3a9237f5c58",
                        "name": "Governement de Guinée"
                    }
                },
                "status": "operational",
                "networkProviders": [
                    {
                        "id": "03208a59-5332-41f1-ad19-35b56df0eba2",
                        "name": "Société de Gestion de la Backbone Nationale de Guinée (SOGEB)"
                    }
                ],
                "transmissionMediumOwner": {
                    "id": "c5e1a548-eca0-4cad-9b0e-f3a9237f5c58",
                    "name": "Governement de Guinée"
                },
                "network": {
                    "id": "86ae7c8c-070e-496e-9685-480072a7eed2",
                    "name": "Backbone National de Guinée",
                    "links": [
                        {
                            "rel": "describedby",
                            "href": "https://standard.ofds.info/en/0__4__0/network-schema.json"
                        }
                    ]
                },
                "featureType": "span"
            }
        },
        {
            "type": "Feature",
            "geometry": {
                "type": "LineString",
                "coordinates": [
                    [
                        -9.13763112316379,
                        9.985629764225475
                    ],
                    [
                        -9.135804146172035,
                        9.99209554189856
                    ],
                    [
                        -9.132459804916085,
                        10.01273962277506
                    ],
                    [
                        -9.15327918703669,
                        10.12914378125462
                    ],
                    [
                        -9.210048762036184,
                        10.21866853438795
                    ],
                    [
                        -9.25032176570133,
                        10.26170351320163
                    ],
                    [
                        -9.282417716615605,
                        10.31801469548938
                    ],
                    [
                        -9.292424130874874,
                        10.36130514905502
                    ],
                    [
                        -9.310118597412572,
                        10.38218451943077
                    ],
                    [
                        -9.311186961124035,
                        10.383276325625205
                    ]
                ]
            },
            "properties": {
                "id": "d175e768-45af-4161-b5ce-8b6d83c1b023",
                "name": "PoP - Kankan",
                "start": {
                    "name": "PoP",
                    "id": "8838d48d-3d6d-4330-abb5-5997787ea1b2",
                    "networkProviders": [
                        {
                            "id": "03208a59-5332-41f1-ad19-35b56df0eba2",
                            "name": "Société de Gestion de la Backbone Nationale de Guinée (SOGEB)"
                        }
                    ],
                    "status": "operational",
                    "location": {
                        "type": "Point",
                        "coordinates": [
                            -9.137658294047178,
                            9.985533604891248
                        ]
                    },
                    "transmissionMediumOwner": {
                        "id": "c5e1a548-eca0-4cad-9b0e-f3a9237f5c58",
                        "name": "Governement de Guinée"
                    }
                },
                "end": {
                    "name": "Kankan",
                    "id": "c56aacae-17c3-45cd-b637-67493fb60085",
                    "networkProviders": [
                        {
                            "id": "03208a59-5332-41f1-ad19-35b56df0eba2",
                            "name": "Société de Gestion de la Backbone Nationale de Guinée (SOGEB)"
                        }
                    ],
                    "status": "operational",
                    "location": {
                        "type": "Point",
                        "coordinates": [
                            -9.311256867170288,
                            10.383347765579137
                        ]
                    },
                    "transmissionMediumOwner": {
                        "id": "c5e1a548-eca0-4cad-9b0e-f3a9237f5c58",
                        "name": "Governement de Guinée"
                    }
                },
                "status": "operational",
                "networkProviders": [
                    {
                        "id": "03208a59-5332-41f1-ad19-35b56df0eba2",
                        "name": "Société de Gestion de la Backbone Nationale de Guinée (SOGEB)"
                    }
                ],
                "transmissionMediumOwner": {
                    "id": "c5e1a548-eca0-4cad-9b0e-f3a9237f5c58",
                    "name": "Governement de Guinée"
                },
                "network": {
                    "id": "86ae7c8c-070e-496e-9685-480072a7eed2",
                    "name": "Backbone National de Guinée",
                    "links": [
                        {
                            "rel": "describedby",
                            "href": "https://standard.ofds.info/en/0__4__0/network-schema.json"
                        }
                    ]
                },
                "featureType": "span"
            }
        },
        {
            "type": "Feature",
            "geometry": {
                "type": "LineString",
                "coordinates": [
                    [
                        -9.311256867170288,
                        10.383347765579137
                    ],
                    [
                        -9.283368501504224,
                        10.36428513674244
                    ],
                    [
                        -9.256578865382036,
                        10.36767436457349
                    ],
                    [
                        -9.258588986484884,
                        10.39632240997747
                    ],
                    [
                        -9.245292161820851,
                        10.40955777115797
                    ],
                    [
                        -9.242007230598704,
                        10.40952005370877
                    ],
                    [
                        -9.237308977415445,
                        10.40992765881878
                    ],
                    [
                        -9.223219181786341,
                        10.41068834133123
                    ],
                    [
                        -9.221341936307555,
                        10.41066661406853
                    ],
                    [
                        -9.216643286323434,
                        10.41107380798352
                    ],
                    [
                        -9.185522195755079,
                        10.42271403273283
                    ],
                    [
                        -9.180087591161133,
                        10.44527123539807
                    ],
                    [
                        -9.17443665773514,
                        10.47184454242088
                    ],
                    [
                        -9.173961721479495,
                        10.47230070196626
                    ],
                    [
                        -9.125195689640659,
                        10.50588907189465
                    ],
                    [
                        -9.061279784403343,
                        10.50834941826163
                    ],
                    [
                        -9.033700923407789,
                        10.4960028781091
                    ],
                    [
                        -9.030410772244963,
                        10.49596206673077
                    ],
                    [
                        -9.027590516524315,
                        10.49592704245777
                    ],
                    [
                        -8.979776538399143,
                        10.52119808253159
                    ],
                    [
                        -8.95100062878695,
                        10.52638150005576
                    ],
                    [
                        -8.889296478055655,
                        10.55727818599985
                    ],
                    [
                        -8.855011064043838,
                        10.55544984740891
                    ],
                    [
                        -8.786937509680422,
                        10.58227254854706
                    ],
                    [
                        -8.735506265233226,
                        10.59036874883675
                    ],
                    [
                        -8.703691391374003,
                        10.60134061079234
                    ],
                    [
                        -8.697027651790236,
                        10.616494621903245
                    ]
                ]
            },
            "properties": {
                "id": "54f8f495-2c0a-4133-a9e9-87f2b0b538e8",
                "name": "Kankan - Mandiana",
                "start": {
                    "name": "Kankan",
                    "id": "c56aacae-17c3-45cd-b637-67493fb60085",
                    "networkProviders": [
                        {
                            "id": "03208a59-5332-41f1-ad19-35b56df0eba2",
                            "name": "Société de Gestion de la Backbone Nationale de Guinée (SOGEB)"
                        }
                    ],
                    "status": "operational",
                    "location": {
                        "type": "Point",
                        "coordinates": [
                            -9.311256867170288,
                            10.383347765579137
                        ]
                    },
                    "transmissionMediumOwner": {
                        "id": "c5e1a548-eca0-4cad-9b0e-f3a9237f5c58",
                        "name": "Governement de Guinée"
                    }
                },
                "end": {
                    "name": "Mandiana",
                    "id": "a713c848-cbc9-4c30-82c3-22e401d0fd3f",
                    "networkProviders": [
                        {
                            "id": "03208a59-5332-41f1-ad19-35b56df0eba2",
                            "name": "Société de Gestion de la Backbone Nationale de Guinée (SOGEB)"
                        }
                    ],
                    "status": "operational",
                    "location": {
                        "type": "Point",
                        "coordinates": [
                            -8.69698743157882,
                            10.6165860866916
                        ]
                    },
                    "transmissionMediumOwner": {
                        "id": "c5e1a548-eca0-4cad-9b0e-f3a9237f5c58",
                        "name": "Governement de Guinée"
                    }
                },
                "status": "operational",
                "networkProviders": [
                    {
                        "id": "03208a59-5332-41f1-ad19-35b56df0eba2",
                        "name": "Société de Gestion de la Backbone Nationale de Guinée (SOGEB)"
                    }
                ],
                "transmissionMediumOwner": {
                    "id": "c5e1a548-eca0-4cad-9b0e-f3a9237f5c58",
                    "name": "Governement de Guinée"
                },
                "network": {
                    "id": "86ae7c8c-070e-496e-9685-480072a7eed2",
                    "name": "Backbone National de Guinée",
                    "links": [
                        {
                            "rel": "describedby",
                            "href": "https://standard.ofds.info/en/0__4__0/network-schema.json"
                        }
                    ]
                },
                "featureType": "span"
            }
        },
        {
            "type": "Feature",
            "geometry": {
                "type": "LineString",
                "coordinates": [
                    [
                        -9.176610166878143,
                        11.414493009407838
                    ],
                    [
                        -9.151106894431035,
                        11.46407468534323
                    ],
                    [
                        -9.14974570635556,
                        11.46791547789586
                    ],
                    [
                        -9.144459932578314,
                        11.57513532628327
                    ],
                    [
                        -9.104009955098295,
                        11.66072492961913
                    ],
                    [
                        -9.022936231512428,
                        11.74909733807332
                    ],
                    [
                        -8.972899217200865,
                        11.77807833503719
                    ],
                    [
                        -8.97175071254036,
                        11.78334416923653
                    ],
                    [
                        -8.970574529003304,
                        11.79072125740328
                    ],
                    [
                        -8.970505276260043,
                        11.79599970732472
                    ],
                    [
                        -8.944777392633107,
                        11.86536381491481
                    ],
                    [
                        -8.921870691447081,
                        11.88408076322547
                    ],
                    [
                        -8.852481579626414,
                        11.90959435530743
                    ],
                    [
                        -8.820239194984008,
                        11.92093277299212
                    ],
                    [
                        -8.788612888836509,
                        11.948269177815787
                    ]
                ]
            },
            "properties": {
                "id": "ba1aae56-cb93-4e8e-b840-9163d26dadb4",
                "name": "Siguiri - Mali Border",
                "start": {
                    "name": "Siguiri",
                    "id": "4a8cbec5-9c61-403d-816f-986cb06ebfc8",
                    "networkProviders": [
                        {
                            "id": "03208a59-5332-41f1-ad19-35b56df0eba2",
                            "name": "Société de Gestion de la Backbone Nationale de Guinée (SOGEB)"
                        }
                    ],
                    "status": "operational",
                    "location": {
                        "type": "Point",
                        "coordinates": [
                            -9.176610166878143,
                            11.414493009407838
                        ]
                    },
                    "transmissionMediumOwner": {
                        "id": "c5e1a548-eca0-4cad-9b0e-f3a9237f5c58",
                        "name": "Governement de Guinée"
                    }
                },
                "end": {
                    "name": "Mali Border",
                    "id": "c23d84a8-9ab3-4d3f-ae19-9e15136bfda7",
                    "networkProviders": [
                        {
                            "id": "03208a59-5332-41f1-ad19-35b56df0eba2",
                            "name": "Société de Gestion de la Backbone Nationale de Guinée (SOGEB)"
                        }
                    ],
                    "status": "operational",
                    "location": {
                        "type": "Point",
                        "coordinates": [
                            -8.788537303682544,
                            11.948334510338587
                        ]
                    },
                    "transmissionMediumOwner": {
                        "id": "c5e1a548-eca0-4cad-9b0e-f3a9237f5c58",
                        "name": "Governement de Guinée"
                    }
                },
                "status": "operational",
                "networkProviders": [
                    {
                        "id": "03208a59-5332-41f1-ad19-35b56df0eba2",
                        "name": "Société de Gestion de la Backbone Nationale de Guinée (SOGEB)"
                    }
                ],
                "transmissionMediumOwner": {
                    "id": "c5e1a548-eca0-4cad-9b0e-f3a9237f5c58",
                    "name": "Governement de Guinée"
                },
                "network": {
                    "id": "86ae7c8c-070e-496e-9685-480072a7eed2",
                    "name": "Backbone National de Guinée",
                    "links": [
                        {
                            "rel": "describedby",
                            "href": "https://standard.ofds.info/en/0__4__0/network-schema.json"
                        }
                    ]
                },
                "featureType": "span"
            }
        },
        {
            "type": "Feature",
            "geometry": {
                "type": "LineString",
                "coordinates": [
                    [
                        -9.120883826645196,
                        7.61560129541474
                    ],
                    [
                        -9.121168299786849,
                        7.615888098070707
                    ],
                    [
                        -9.12187806385065,
                        7.616603669034621
                    ],
                    [
                        -9.128305428681093,
                        7.618432021255096
                    ],
                    [
                        -9.128672486789972,
                        7.617370841475622
                    ],
                    [
                        -9.12939440606807,
                        7.616667431286439
                    ],
                    [
                        -9.144832642457274,
                        7.611121741839238
                    ],
                    [
                        -9.145375540942023,
                        7.610416795930599
                    ],
                    [
                        -9.162966245674513,
                        7.604178787710664
                    ],
                    [
                        -9.1740438344486,
                        7.585289727324124
                    ],
                    [
                        -9.175476918637418,
                        7.58512420599477
                    ],
                    [
                        -9.182997359756355,
                        7.584654176820552
                    ],
                    [
                        -9.184245481009444,
                        7.585196712041177
                    ],
                    [
                        -9.186741749560651,
                        7.5862817607641
                    ],
                    [
                        -9.189241098094975,
                        7.587011976876853
                    ],
                    [
                        -9.214855196730932,
                        7.584914325027048
                    ],
                    [
                        -9.215929245075804,
                        7.584923000920659
                    ],
                    [
                        -9.22829263144299,
                        7.583780319610189
                    ],
                    [
                        -9.24738172828352,
                        7.571508763111184
                    ],
                    [
                        -9.258834682257543,
                        7.568724480983318
                    ]
                ]
            },
            "properties": {
                "id": "2e5b38e8-9486-4e2b-93e9-78662c9d9652",
                "name": "Pela - Yomou",
                "start": {
                    "name": "Pela",
                    "id": "4e9455c7-7d63-4788-a35c-4d5b86144d3f",
                    "networkProviders": [
                        {
                            "id": "03208a59-5332-41f1-ad19-35b56df0eba2",
                            "name": "Société de Gestion de la Backbone Nationale de Guinée (SOGEB)"
                        }
                    ],
                    "status": "operational",
                    "location": {
                        "type": "Point",
                        "coordinates": [
                            -9.120813418411492,
                            7.615530310616981
                        ]
                    },
                    "transmissionMediumOwner": {
                        "id": "c5e1a548-eca0-4cad-9b0e-f3a9237f5c58",
                        "name": "Governement de Guinée"
                    }
                },
                "end": {
                    "name": "Yomou",
                    "id": "10eb5ce5-31a1-4424-b905-9373a61baf61",
                    "networkProviders": [
                        {
                            "id": "03208a59-5332-41f1-ad19-35b56df0eba2",
                            "name": "Société de Gestion de la Backbone Nationale de Guinée (SOGEB)"
                        }
                    ],
                    "status": "operational",
                    "location": {
                        "type": "Point",
                        "coordinates": [
                            -9.258931737382639,
                            7.568700886297542
                        ]
                    },
                    "transmissionMediumOwner": {
                        "id": "c5e1a548-eca0-4cad-9b0e-f3a9237f5c58",
                        "name": "Governement de Guinée"
                    }
                },
                "status": "operational",
                "networkProviders": [
                    {
                        "id": "03208a59-5332-41f1-ad19-35b56df0eba2",
                        "name": "Société de Gestion de la Backbone Nationale de Guinée (SOGEB)"
                    }
                ],
                "transmissionMediumOwner": {
                    "id": "c5e1a548-eca0-4cad-9b0e-f3a9237f5c58",
                    "name": "Governement de Guinée"
                },
                "network": {
                    "id": "86ae7c8c-070e-496e-9685-480072a7eed2",
                    "name": "Backbone National de Guinée",
                    "links": [
                        {
                            "rel": "describedby",
                            "href": "https://standard.ofds.info/en/0__4__0/network-schema.json"
                        }
                    ]
                },
                "featureType": "span"
            }
        },
        {
            "type": "Feature",
            "geometry": {
                "type": "LineString",
                "coordinates": [
                    [
                        -13.092217463944179,
                        9.433171727750402
                    ],
                    [
                        -13.07481189927659,
                        9.40688099582846
                    ],
                    [
                        -13.05023896937162,
                        9.346463402763163
                    ],
                    [
                        -13.04964134721318,
                        9.345875472833853
                    ],
                    [
                        -13.03466057668951,
                        9.305856055099586
                    ],
                    [
                        -13.028623244534101,
                        9.275333070200368
                    ]
                ]
            },
            "properties": {
                "id": "24618e13-59cd-4076-bcce-0f2938453452",
                "name": "Forecariah - Farmoreya",
                "start": {
                    "name": "Forecariah",
                    "id": "dac2de02-103e-408f-b5ad-9527a495b112",
                    "networkProviders": [
                        {
                            "id": "03208a59-5332-41f1-ad19-35b56df0eba2",
                            "name": "Société de Gestion de la Backbone Nationale de Guinée (SOGEB)"
                        }
                    ],
                    "status": "operational",
                    "location": {
                        "type": "Point",
                        "coordinates": [
                            -13.092272655667454,
                            9.433255093664043
                        ]
                    },
                    "transmissionMediumOwner": {
                        "id": "c5e1a548-eca0-4cad-9b0e-f3a9237f5c58",
                        "name": "Governement de Guinée"
                    }
                },
                "end": {
                    "name": "Farmoreya",
                    "id": "6a17e12b-f45e-4f31-bbf4-5404e206c423",
                    "networkProviders": [
                        {
                            "id": "03208a59-5332-41f1-ad19-35b56df0eba2",
                            "name": "Société de Gestion de la Backbone Nationale de Guinée (SOGEB)"
                        }
                    ],
                    "status": "operational",
                    "location": {
                        "type": "Point",
                        "coordinates": [
                            -13.028603841848165,
                            9.27523497589735
                        ]
                    },
                    "transmissionMediumOwner": {
                        "id": "c5e1a548-eca0-4cad-9b0e-f3a9237f5c58",
                        "name": "Governement de Guinée"
                    }
                },
                "status": "operational",
                "networkProviders": [
                    {
                        "id": "03208a59-5332-41f1-ad19-35b56df0eba2",
                        "name": "Société de Gestion de la Backbone Nationale de Guinée (SOGEB)"
                    }
                ],
                "transmissionMediumOwner": {
                    "id": "c5e1a548-eca0-4cad-9b0e-f3a9237f5c58",
                    "name": "Governement de Guinée"
                },
                "network": {
                    "id": "86ae7c8c-070e-496e-9685-480072a7eed2",
                    "name": "Backbone National de Guinée",
                    "links": [
                        {
                            "rel": "describedby",
                            "href": "https://standard.ofds.info/en/0__4__0/network-schema.json"
                        }
                    ]
                },
                "featureType": "span"
            }
        },
        {
            "type": "Feature",
            "geometry": {
                "type": "LineString",
                "coordinates": [
                    [
                        -13.028584439162227,
                        9.275136881594332
                    ],
                    [
                        -13.02744320138416,
                        9.269367117306123
                    ],
                    [
                        -12.98975627293668,
                        9.21020375399351
                    ],
                    [
                        -12.96316387597069,
                        9.177632863414615
                    ]
                ]
            },
            "properties": {
                "id": "2bb92b26-3fe5-4264-9de5-e974bb745de6",
                "name": "Farmoreya - Sierra Leone border",
                "start": {
                    "name": "Farmoreya",
                    "id": "6a17e12b-f45e-4f31-bbf4-5404e206c423",
                    "networkProviders": [
                        {
                            "id": "03208a59-5332-41f1-ad19-35b56df0eba2",
                            "name": "Société de Gestion de la Backbone Nationale de Guinée (SOGEB)"
                        }
                    ],
                    "status": "operational",
                    "location": {
                        "type": "Point",
                        "coordinates": [
                            -13.028603841848165,
                            9.27523497589735
                        ]
                    },
                    "transmissionMediumOwner": {
                        "id": "c5e1a548-eca0-4cad-9b0e-f3a9237f5c58",
                        "name": "Governement de Guinée"
                    }
                },
                "end": {
                    "name": "Sierra Leone border",
                    "id": "ad17f22a-0289-4042-8f1e-1e400ef1c163",
                    "networkProviders": [
                        {
                            "id": "03208a59-5332-41f1-ad19-35b56df0eba2",
                            "name": "Société de Gestion de la Backbone Nationale de Guinée (SOGEB)"
                        }
                    ],
                    "status": "operational",
                    "location": {
                        "type": "Point",
                        "coordinates": [
                            -12.963100640403942,
                            9.177555411249326
                        ]
                    },
                    "transmissionMediumOwner": {
                        "id": "c5e1a548-eca0-4cad-9b0e-f3a9237f5c58",
                        "name": "Governement de Guinée"
                    }
                },
                "status": "operational",
                "networkProviders": [
                    {
                        "id": "03208a59-5332-41f1-ad19-35b56df0eba2",
                        "name": "Société de Gestion de la Backbone Nationale de Guinée (SOGEB)"
                    }
                ],
                "transmissionMediumOwner": {
                    "id": "c5e1a548-eca0-4cad-9b0e-f3a9237f5c58",
                    "name": "Governement de Guinée"
                },
                "network": {
                    "id": "86ae7c8c-070e-496e-9685-480072a7eed2",
                    "name": "Backbone National de Guinée",
                    "links": [
                        {
                            "rel": "describedby",
                            "href": "https://standard.ofds.info/en/0__4__0/network-schema.json"
                        }
                    ]
                },
                "featureType": "span"
            }
        },
        {
            "type": "Feature",
            "geometry": {
                "type": "LineString",
                "coordinates": [
                    [
                        -12.395955718823181,
                        11.058393545207622
                    ],
                    [
                        -12.43788417426318,
                        11.10710776434339
                    ],
                    [
                        -12.44000316378903,
                        11.10987859621619
                    ],
                    [
                        -12.44070971456428,
                        11.11126401867799
                    ],
                    [
                        -12.44282886321076,
                        11.1140349468446
                    ],
                    [
                        -12.44706720234868,
                        11.11888429182843
                    ],
                    [
                        -12.46473107293135,
                        11.13828409203245
                    ],
                    [
                        -12.51203005096394,
                        11.10364506168914
                    ],
                    [
                        -12.52826513318955,
                        11.08632368155913
                    ],
                    [
                        -12.52755705612194,
                        11.08424543755029
                    ],
                    [
                        -12.50775302304289,
                        11.04130213329954
                    ],
                    [
                        -12.55224327041648,
                        11.02466152755945
                    ],
                    [
                        -12.60662778030601,
                        10.99867014533161
                    ],
                    [
                        -12.64899824751105,
                        11.00416363528422
                    ],
                    [
                        -12.66945961685458,
                        10.98681983057933
                    ],
                    [
                        -12.70334065895921,
                        10.99509141179889
                    ],
                    [
                        -12.74212852501251,
                        10.97634176336471
                    ],
                    [
                        -12.76680501138095,
                        10.96522951257355
                    ],
                    [
                        -12.77245444657735,
                        10.97076242134121
                    ],
                    [
                        -12.79644698821948,
                        10.97904115664328
                    ],
                    [
                        -12.80422661228831,
                        10.99426750223541
                    ],
                    [
                        -12.81901916809775,
                        10.97970291094971
                    ],
                    [
                        -12.85568433189895,
                        10.97134062634857
                    ],
                    [
                        -12.89233325111008,
                        10.95397325806701
                    ],
                    [
                        -12.92548160625885,
                        10.95045881986704
                    ],
                    [
                        -12.95157420483098,
                        10.92111930694881
                    ],
                    [
                        -12.95851569707041,
                        10.871901122162
                    ],
                    [
                        -12.97536607503987,
                        10.83584769385968
                    ],
                    [
                        -12.99227209371091,
                        10.82404363593409
                    ],
                    [
                        -12.99721131890354,
                        10.82403559165875
                    ],
                    [
                        -13.00003550318472,
                        10.82472375903918
                    ],
                    [
                        -13.00427113214416,
                        10.82540962174804
                    ],
                    [
                        -13.01698105667296,
                        10.82816004530762
                    ],
                    [
                        -13.01768685026,
                        10.82815888427944
                    ],
                    [
                        -13.02476615862017,
                        10.83646173079019
                    ],
                    [
                        -13.02406916560105,
                        10.83992736139701
                    ],
                    [
                        -13.02407451263443,
                        10.84200610015948
                    ],
                    [
                        -13.02553906572895,
                        10.862099895759
                    ],
                    [
                        -13.02625246440463,
                        10.86487093987736
                    ],
                    [
                        -13.03482821341712,
                        10.90159605181724
                    ],
                    [
                        -13.03259383088011,
                        10.909577504419001
                    ]
                ]
            },
            "properties": {
                "id": "ae37d5b8-a304-4095-afc6-14b3210232a8",
                "name": "Pita - Telimele",
                "start": {
                    "name": "Pita",
                    "id": "c2a925fe-38cc-4063-a58b-775544f53cfa",
                    "networkProviders": [
                        {
                            "id": "03208a59-5332-41f1-ad19-35b56df0eba2",
                            "name": "Société de Gestion de la Backbone Nationale de Guinée (SOGEB)"
                        }
                    ],
                    "status": "operational",
                    "location": {
                        "type": "Point",
                        "coordinates": [
                            -12.395955718823181,
                            11.058393545207622
                        ]
                    },
                    "transmissionMediumOwner": {
                        "id": "c5e1a548-eca0-4cad-9b0e-f3a9237f5c58",
                        "name": "Governement de Guinée"
                    }
                },
                "end": {
                    "name": "Telimele",
                    "id": "1c9fa750-abad-4144-8281-8b0a15136e38",
                    "networkProviders": [
                        {
                            "id": "03208a59-5332-41f1-ad19-35b56df0eba2",
                            "name": "Société de Gestion de la Backbone Nationale de Guinée (SOGEB)"
                        }
                    ],
                    "status": "operational",
                    "location": {
                        "type": "Point",
                        "coordinates": [
                            -13.032566894904663,
                            10.909673722594604
                        ]
                    },
                    "transmissionMediumOwner": {
                        "id": "c5e1a548-eca0-4cad-9b0e-f3a9237f5c58",
                        "name": "Governement de Guinée"
                    }
                },
                "status": "operational",
                "networkProviders": [
                    {
                        "id": "03208a59-5332-41f1-ad19-35b56df0eba2",
                        "name": "Société de Gestion de la Backbone Nationale de Guinée (SOGEB)"
                    }
                ],
                "transmissionMediumOwner": {
                    "id": "c5e1a548-eca0-4cad-9b0e-f3a9237f5c58",
                    "name": "Governement de Guinée"
                },
                "network": {
                    "id": "86ae7c8c-070e-496e-9685-480072a7eed2",
                    "name": "Backbone National de Guinée",
                    "links": [
                        {
                            "rel": "describedby",
                            "href": "https://standard.ofds.info/en/0__4__0/network-schema.json"
                        }
                    ]
                },
                "featureType": "span"
            }
        },
        {
            "type": "Feature",
            "geometry": {
                "type": "LineString",
                "coordinates": [
                    [
                        -12.289917120837982,
                        11.322048309252391
                    ],
                    [
                        -12.28688044901137,
                        11.32557153120748
                    ],
                    [
                        -12.28626993855698,
                        11.32676860683163
                    ],
                    [
                        -12.26550697747913,
                        11.3755401871378
                    ],
                    [
                        -12.2612196500327,
                        11.41922190456193
                    ],
                    [
                        -12.24867334224249,
                        11.470982436286
                    ],
                    [
                        -12.24559391378928,
                        11.51615892388575
                    ],
                    [
                        -12.24620445198249,
                        11.51915240365912
                    ],
                    [
                        -12.24712050532124,
                        11.52184669718321
                    ],
                    [
                        -12.27337362568524,
                        11.58649160434981
                    ],
                    [
                        -12.27276228728802,
                        11.58768812227286
                    ],
                    [
                        -12.27184492813962,
                        11.59038045036955
                    ],
                    [
                        -12.28434938715492,
                        11.64094782738707
                    ],
                    [
                        -12.2846537140627,
                        11.64364097013629
                    ],
                    [
                        -12.2843329490749,
                        11.67506503712
                    ],
                    [
                        -12.29014441320628,
                        11.68442802802928
                    ],
                    [
                        -12.3387157966294,
                        11.71196028205776
                    ],
                    [
                        -12.33871565992586,
                        11.71315691040652
                    ],
                    [
                        -12.34604614684813,
                        11.73739034469514
                    ],
                    [
                        -12.35643167424565,
                        11.79511583130322
                    ],
                    [
                        -12.34695558926014,
                        11.82024430325047
                    ],
                    [
                        -12.34481279732783,
                        11.85712329500203
                    ],
                    [
                        -12.31332268967227,
                        11.88194872555799
                    ],
                    [
                        -12.31301684341189,
                        11.88254698308899
                    ],
                    [
                        -12.29894634279794,
                        11.90677682865039
                    ],
                    [
                        -12.2986334283911,
                        11.92801985970393
                    ],
                    [
                        -12.29189616917604,
                        11.95046236016912
                    ],
                    [
                        -12.29993612854052,
                        11.96386895405521
                    ],
                    [
                        -12.31424292763654,
                        11.96707014319595
                    ],
                    [
                        -12.31424263764252,
                        11.96787028588937
                    ],
                    [
                        -12.32037012676204,
                        11.98147409420404
                    ],
                    [
                        -12.32118930714441,
                        12.01863370138999
                    ],
                    [
                        -12.29378904151698,
                        12.04302294618881
                    ],
                    [
                        -12.298259125467757,
                        12.074122306969608
                    ]
                ]
            },
            "properties": {
                "id": "494b7c44-82af-4c9e-95b5-39a0fa85473c",
                "name": "Labe - Mali",
                "start": {
                    "name": "Labe",
                    "id": "4edab88c-6046-488f-aafc-0188aea4ac2d",
                    "networkProviders": [
                        {
                            "id": "03208a59-5332-41f1-ad19-35b56df0eba2",
                            "name": "Société de Gestion de la Backbone Nationale de Guinée (SOGEB)"
                        }
                    ],
                    "status": "operational",
                    "location": {
                        "type": "Point",
                        "coordinates": [
                            -12.289917120837982,
                            11.322048309252391
                        ]
                    },
                    "transmissionMediumOwner": {
                        "id": "c5e1a548-eca0-4cad-9b0e-f3a9237f5c58",
                        "name": "Governement de Guinée"
                    }
                },
                "end": {
                    "name": "Mali",
                    "id": "7c10ea86-78a2-4922-b409-1eec74aaf975",
                    "networkProviders": [
                        {
                            "id": "03208a59-5332-41f1-ad19-35b56df0eba2",
                            "name": "Société de Gestion de la Backbone Nationale de Guinée (SOGEB)"
                        }
                    ],
                    "status": "operational",
                    "location": {
                        "type": "Point",
                        "coordinates": [
                            -12.29827333581375,
                            12.0742211714835
                        ]
                    },
                    "transmissionMediumOwner": {
                        "id": "c5e1a548-eca0-4cad-9b0e-f3a9237f5c58",
                        "name": "Governement de Guinée"
                    }
                },
                "status": "operational",
                "networkProviders": [
                    {
                        "id": "03208a59-5332-41f1-ad19-35b56df0eba2",
                        "name": "Société de Gestion de la Backbone Nationale de Guinée (SOGEB)"
                    }
                ],
                "transmissionMediumOwner": {
                    "id": "c5e1a548-eca0-4cad-9b0e-f3a9237f5c58",
                    "name": "Governement de Guinée"
                },
                "network": {
                    "id": "86ae7c8c-070e-496e-9685-480072a7eed2",
                    "name": "Backbone National de Guinée",
                    "links": [
                        {
                            "rel": "describedby",
                            "href": "https://standard.ofds.info/en/0__4__0/network-schema.json"
                        }
                    ]
                },
                "featureType": "span"
            }
        },
        {
            "type": "Feature",
            "geometry": {
                "type": "LineString",
                "coordinates": [
                    [
                        -14.280196611706772,
                        10.940738256833113
                    ],
                    [
                        -14.27949073087768,
                        10.9549037994723
                    ],
                    [
                        -14.280016943961746,
                        10.955369423630996
                    ]
                ]
            },
            "properties": {
                "id": "91f1d084-433b-42cd-9349-21cc3c266519",
                "name": "Boke - fork",
                "start": {
                    "name": "Boke",
                    "id": "4b1dc7c5-7f32-478a-a32c-eab2c27ee238",
                    "networkProviders": [
                        {
                            "id": "03208a59-5332-41f1-ad19-35b56df0eba2",
                            "name": "Société de Gestion de la Backbone Nationale de Guinée (SOGEB)"
                        }
                    ],
                    "status": "operational",
                    "location": {
                        "type": "Point",
                        "coordinates": [
                            -14.280225220858823,
                            10.94064245776643
                        ]
                    },
                    "transmissionMediumOwner": {
                        "id": "c5e1a548-eca0-4cad-9b0e-f3a9237f5c58",
                        "name": "Governement de Guinée"
                    }
                },
                "end": {
                    "name": "fork",
                    "id": "d70fc1a7-ebc5-449f-ad53-387661cff4ad",
                    "networkProviders": [
                        {
                            "id": "03208a59-5332-41f1-ad19-35b56df0eba2",
                            "name": "Société de Gestion de la Backbone Nationale de Guinée (SOGEB)"
                        }
                    ],
                    "status": "operational",
                    "location": {
                        "type": "Point",
                        "coordinates": [
                            -14.280016943961746,
                            10.955369423630996
                        ]
                    },
                    "transmissionMediumOwner": {
                        "id": "c5e1a548-eca0-4cad-9b0e-f3a9237f5c58",
                        "name": "Governement de Guinée"
                    }
                },
                "status": "operational",
                "networkProviders": [
                    {
                        "id": "03208a59-5332-41f1-ad19-35b56df0eba2",
                        "name": "Société de Gestion de la Backbone Nationale de Guinée (SOGEB)"
                    }
                ],
                "transmissionMediumOwner": {
                    "id": "c5e1a548-eca0-4cad-9b0e-f3a9237f5c58",
                    "name": "Governement de Guinée"
                },
                "network": {
                    "id": "86ae7c8c-070e-496e-9685-480072a7eed2",
                    "name": "Backbone National de Guinée",
                    "links": [
                        {
                            "rel": "describedby",
                            "href": "https://standard.ofds.info/en/0__4__0/network-schema.json"
                        }
                    ]
                },
                "featureType": "span"
            }
        },
        {
            "type": "Feature",
            "geometry": {
                "type": "LineString",
                "coordinates": [
                    [
                        -14.280016943961746,
                        10.955369423630996
                    ],
                    [
                        -14.29211969928054,
                        10.96607865043257
                    ],
                    [
                        -14.3021240184891,
                        10.98698842595699
                    ],
                    [
                        -14.30213591340108,
                        10.98960700942167
                    ],
                    [
                        -14.30214609601421,
                        10.99185147975559
                    ],
                    [
                        -14.30216134742411,
                        10.99521814129828
                    ],
                    [
                        -14.30527599659889,
                        11.00979363885318
                    ],
                    [
                        -14.30871095454016,
                        11.01090129310484
                    ],
                    [
                        -14.44461657215225,
                        11.06115913567518
                    ],
                    [
                        -14.44995536385391,
                        11.06150825163119
                    ],
                    [
                        -14.49885339054777,
                        11.07848717196017
                    ],
                    [
                        -14.502183433028277,
                        11.083332879411858
                    ]
                ]
            },
            "properties": {
                "id": "e2063548-c5e2-4e69-9996-3cd65ef4bc00",
                "name": "fork - PoP",
                "start": {
                    "name": "fork",
                    "id": "d70fc1a7-ebc5-449f-ad53-387661cff4ad",
                    "networkProviders": [
                        {
                            "id": "03208a59-5332-41f1-ad19-35b56df0eba2",
                            "name": "Société de Gestion de la Backbone Nationale de Guinée (SOGEB)"
                        }
                    ],
                    "status": "operational",
                    "location": {
                        "type": "Point",
                        "coordinates": [
                            -14.280016943961746,
                            10.955369423630996
                        ]
                    },
                    "transmissionMediumOwner": {
                        "id": "c5e1a548-eca0-4cad-9b0e-f3a9237f5c58",
                        "name": "Governement de Guinée"
                    }
                },
                "end": {
                    "name": "PoP",
                    "id": "dfa57ab4-2e82-4ac5-a1b0-1c3e5289fe72",
                    "networkProviders": [
                        {
                            "id": "03208a59-5332-41f1-ad19-35b56df0eba2",
                            "name": "Société de Gestion de la Backbone Nationale de Guinée (SOGEB)"
                        }
                    ],
                    "status": "operational",
                    "location": {
                        "type": "Point",
                        "coordinates": [
                            -14.502240038496534,
                            11.083415248793314
                        ]
                    },
                    "transmissionMediumOwner": {
                        "id": "c5e1a548-eca0-4cad-9b0e-f3a9237f5c58",
                        "name": "Governement de Guinée"
                    }
                },
                "status": "operational",
                "networkProviders": [
                    {
                        "id": "03208a59-5332-41f1-ad19-35b56df0eba2",
                        "name": "Société de Gestion de la Backbone Nationale de Guinée (SOGEB)"
                    }
                ],
                "transmissionMediumOwner": {
                    "id": "c5e1a548-eca0-4cad-9b0e-f3a9237f5c58",
                    "name": "Governement de Guinée"
                },
                "network": {
                    "id": "86ae7c8c-070e-496e-9685-480072a7eed2",
                    "name": "Backbone National de Guinée",
                    "links": [
                        {
                            "rel": "describedby",
                            "href": "https://standard.ofds.info/en/0__4__0/network-schema.json"
                        }
                    ]
                },
                "featureType": "span"
            }
        },
        {
            "type": "Feature",
            "geometry": {
                "type": "LineString",
                "coordinates": [
                    [
                        -13.786245945389128,
                        11.093178363203986
                    ],
                    [
                        -13.81437039182428,
                        11.05194296418395
                    ],
                    [
                        -13.88465100685839,
                        11.01604041979522
                    ],
                    [
                        -13.94988144987497,
                        10.97966222513996
                    ],
                    [
                        -14.00416647666667,
                        10.96315521282238
                    ],
                    [
                        -14.06194196674222,
                        10.96119845736183
                    ],
                    [
                        -14.11715931025891,
                        10.97543416905605
                    ],
                    [
                        -14.14511779396578,
                        10.9950765748041
                    ],
                    [
                        -14.18253579591044,
                        11.02504934395133
                    ],
                    [
                        -14.19925503795783,
                        11.03992569935369
                    ],
                    [
                        -14.199351012585266,
                        11.039925327590879
                    ]
                ]
            },
            "properties": {
                "id": "d9de4702-7a95-4137-9250-f001267b62a5",
                "name": "Sangaredi - fork",
                "start": {
                    "name": "Sangaredi",
                    "id": "35ba5a7f-d5b6-4944-9994-fb99654e804d",
                    "networkProviders": [
                        {
                            "id": "03208a59-5332-41f1-ad19-35b56df0eba2",
                            "name": "Société de Gestion de la Backbone Nationale de Guinée (SOGEB)"
                        }
                    ],
                    "status": "operational",
                    "location": {
                        "type": "Point",
                        "coordinates": [
                            -13.78618962265091,
                            11.09326094227233
                        ]
                    },
                    "transmissionMediumOwner": {
                        "id": "c5e1a548-eca0-4cad-9b0e-f3a9237f5c58",
                        "name": "Governement de Guinée"
                    }
                },
                "end": {
                    "name": "fork",
                    "id": "4efdf2df-264c-46ef-898a-067fab75cb37",
                    "networkProviders": [
                        {
                            "id": "03208a59-5332-41f1-ad19-35b56df0eba2",
                            "name": "Société de Gestion de la Backbone Nationale de Guinée (SOGEB)"
                        }
                    ],
                    "status": "operational",
                    "location": {
                        "type": "Point",
                        "coordinates": [
                            -14.199351012585266,
                            11.039925327590879
                        ]
                    },
                    "transmissionMediumOwner": {
                        "id": "c5e1a548-eca0-4cad-9b0e-f3a9237f5c58",
                        "name": "Governement de Guinée"
                    }
                },
                "status": "operational",
                "networkProviders": [
                    {
                        "id": "03208a59-5332-41f1-ad19-35b56df0eba2",
                        "name": "Société de Gestion de la Backbone Nationale de Guinée (SOGEB)"
                    }
                ],
                "transmissionMediumOwner": {
                    "id": "c5e1a548-eca0-4cad-9b0e-f3a9237f5c58",
                    "name": "Governement de Guinée"
                },
                "network": {
                    "id": "86ae7c8c-070e-496e-9685-480072a7eed2",
                    "name": "Backbone National de Guinée",
                    "links": [
                        {
                            "rel": "describedby",
                            "href": "https://standard.ofds.info/en/0__4__0/network-schema.json"
                        }
                    ]
                },
                "featureType": "span"
            }
        },
        {
            "type": "Feature",
            "geometry": {
                "type": "LineString",
                "coordinates": [
                    [
                        -14.280016943961746,
                        10.955369423630996
                    ],
                    [
                        -14.28007894178274,
                        10.95529935839924
                    ],
                    [
                        -14.27975560660965,
                        10.95610239684633
                    ],
                    [
                        -14.27458887917263,
                        10.97055430665773
                    ],
                    [
                        -14.27393686682824,
                        10.970877593646
                    ],
                    [
                        -14.26172836357958,
                        10.98102785786457
                    ],
                    [
                        -14.25132197133492,
                        10.99671868542162
                    ],
                    [
                        -14.24158325804473,
                        11.01215143319955
                    ],
                    [
                        -14.22201704993368,
                        11.02923145311523
                    ],
                    [
                        -14.20976614592045,
                        11.02959884542363
                    ],
                    [
                        -14.2089512230113,
                        11.03008296756443
                    ],
                    [
                        -14.19934967242454,
                        11.0395793504717
                    ],
                    [
                        -14.199351012585266,
                        11.039925327590879
                    ]
                ]
            },
            "properties": {
                "id": "91b04c81-70f0-49e0-8d09-b6327297ce45",
                "name": "fork - fork",
                "start": {
                    "name": "fork",
                    "id": "d70fc1a7-ebc5-449f-ad53-387661cff4ad",
                    "networkProviders": [
                        {
                            "id": "03208a59-5332-41f1-ad19-35b56df0eba2",
                            "name": "Société de Gestion de la Backbone Nationale de Guinée (SOGEB)"
                        }
                    ],
                    "status": "operational",
                    "location": {
                        "type": "Point",
                        "coordinates": [
                            -14.280016943961746,
                            10.955369423630996
                        ]
                    },
                    "transmissionMediumOwner": {
                        "id": "c5e1a548-eca0-4cad-9b0e-f3a9237f5c58",
                        "name": "Governement de Guinée"
                    }
                },
                "end": {
                    "name": "fork",
                    "id": "4efdf2df-264c-46ef-898a-067fab75cb37",
                    "networkProviders": [
                        {
                            "id": "03208a59-5332-41f1-ad19-35b56df0eba2",
                            "name": "Société de Gestion de la Backbone Nationale de Guinée (SOGEB)"
                        }
                    ],
                    "status": "operational",
                    "location": {
                        "type": "Point",
                        "coordinates": [
                            -14.199351012585266,
                            11.039925327590879
                        ]
                    },
                    "transmissionMediumOwner": {
                        "id": "c5e1a548-eca0-4cad-9b0e-f3a9237f5c58",
                        "name": "Governement de Guinée"
                    }
                },
                "status": "operational",
                "networkProviders": [
                    {
                        "id": "03208a59-5332-41f1-ad19-35b56df0eba2",
                        "name": "Société de Gestion de la Backbone Nationale de Guinée (SOGEB)"
                    }
                ],
                "transmissionMediumOwner": {
                    "id": "c5e1a548-eca0-4cad-9b0e-f3a9237f5c58",
                    "name": "Governement de Guinée"
                },
                "network": {
                    "id": "86ae7c8c-070e-496e-9685-480072a7eed2",
                    "name": "Backbone National de Guinée",
                    "links": [
                        {
                            "rel": "describedby",
                            "href": "https://standard.ofds.info/en/0__4__0/network-schema.json"
                        }
                    ]
                },
                "featureType": "span"
            }
        },
        {
            "type": "Feature",
            "geometry": {
                "type": "LineString",
                "coordinates": [
                    [
                        -14.199351012585266,
                        11.039925327590879
                    ],
                    [
                        -14.19935277787845,
                        11.040381057295
                    ],
                    [
                        -14.19935464102237,
                        11.04086208015557
                    ],
                    [
                        -14.19665228241196,
                        11.06027372179338
                    ],
                    [
                        -14.18155318197443,
                        11.09858389125828
                    ],
                    [
                        -14.18204643155045,
                        11.09938379987035
                    ],
                    [
                        -14.18554032702991,
                        11.11572595933991
                    ],
                    [
                        -14.18537753203273,
                        11.11588690392862
                    ],
                    [
                        -14.17579020122753,
                        11.13019324721619
                    ],
                    [
                        -14.13192283002527,
                        11.16977262903748
                    ],
                    [
                        -14.10894775500698,
                        11.190859412541
                    ],
                    [
                        -14.08405733352734,
                        11.21235342359551
                    ],
                    [
                        -14.06994166135904,
                        11.24350792940576
                    ],
                    [
                        -14.0680189515713,
                        11.25522121842482
                    ],
                    [
                        -14.04119138334828,
                        11.27958392228037
                    ],
                    [
                        -14.04037491898822,
                        11.27990720126755
                    ],
                    [
                        -14.01476739350723,
                        11.30019122856813
                    ],
                    [
                        -14.01296778910969,
                        11.30003642861767
                    ],
                    [
                        -14.01035086442286,
                        11.30004448600388
                    ],
                    [
                        -13.99955160381059,
                        11.29895489953181
                    ],
                    [
                        -13.99889928533293,
                        11.29959833837249
                    ],
                    [
                        -13.98817494065879,
                        11.32384811626439
                    ],
                    [
                        -13.96253918655272,
                        11.36383480015537
                    ],
                    [
                        -13.96123057124785,
                        11.36399883435056
                    ],
                    [
                        -13.95926733639087,
                        11.36416468417651
                    ],
                    [
                        -13.94092543518669,
                        11.36084645189356
                    ],
                    [
                        -13.93540548205499,
                        11.37625964132774
                    ],
                    [
                        -13.91184675366536,
                        11.39406268699601
                    ],
                    [
                        -13.91168549504907,
                        11.39486485893289
                    ],
                    [
                        -13.90681454952735,
                        11.40754538300632
                    ],
                    [
                        -13.90648830329667,
                        11.40786696290776
                    ],
                    [
                        -13.8888556074591,
                        11.4205823098995
                    ],
                    [
                        -13.88836477991188,
                        11.4205836334924
                    ],
                    [
                        -13.88754673047553,
                        11.42058583788766
                    ],
                    [
                        -13.87595601879715,
                        11.43055949327529
                    ],
                    [
                        -13.875401951254487,
                        11.431379104630699
                    ]
                ]
            },
            "properties": {
                "id": "89fbc648-adcf-46a8-90de-f1b6a4d9435a",
                "name": "fork - Wendou Borou",
                "start": {
                    "name": "fork",
                    "id": "4efdf2df-264c-46ef-898a-067fab75cb37",
                    "networkProviders": [
                        {
                            "id": "03208a59-5332-41f1-ad19-35b56df0eba2",
                            "name": "Société de Gestion de la Backbone Nationale de Guinée (SOGEB)"
                        }
                    ],
                    "status": "operational",
                    "location": {
                        "type": "Point",
                        "coordinates": [
                            -14.199351012585266,
                            11.039925327590879
                        ]
                    },
                    "transmissionMediumOwner": {
                        "id": "c5e1a548-eca0-4cad-9b0e-f3a9237f5c58",
                        "name": "Governement de Guinée"
                    }
                },
                "end": {
                    "name": "Wendou Borou",
                    "id": "96307e82-1f23-433d-a588-eee97308db85",
                    "networkProviders": [
                        {
                            "id": "03208a59-5332-41f1-ad19-35b56df0eba2",
                            "name": "Société de Gestion de la Backbone Nationale de Guinée (SOGEB)"
                        }
                    ],
                    "status": "operational",
                    "location": {
                        "type": "Point",
                        "coordinates": [
                            -13.875345960383347,
                            11.431461929828442
                        ]
                    },
                    "transmissionMediumOwner": {
                        "id": "c5e1a548-eca0-4cad-9b0e-f3a9237f5c58",
                        "name": "Governement de Guinée"
                    }
                },
                "status": "operational",
                "networkProviders": [
                    {
                        "id": "03208a59-5332-41f1-ad19-35b56df0eba2",
                        "name": "Société de Gestion de la Backbone Nationale de Guinée (SOGEB)"
                    }
                ],
                "transmissionMediumOwner": {
                    "id": "c5e1a548-eca0-4cad-9b0e-f3a9237f5c58",
                    "name": "Governement de Guinée"
                },
                "network": {
                    "id": "86ae7c8c-070e-496e-9685-480072a7eed2",
                    "name": "Backbone National de Guinée",
                    "links": [
                        {
                            "rel": "describedby",
                            "href": "https://standard.ofds.info/en/0__4__0/network-schema.json"
                        }
                    ]
                },
                "featureType": "span"
            }
        },
        {
            "type": "Feature",
            "geometry": {
                "type": "LineString",
                "coordinates": [
                    [
                        -13.076820343307254,
                        11.806732420019653
                    ],
                    [
                        -13.07630242615957,
                        11.80618682566943
                    ],
                    [
                        -13.07655738706952,
                        11.77554446724143
                    ],
                    [
                        -13.09245467713989,
                        11.76199154003221
                    ],
                    [
                        -13.09245465079869,
                        11.76174046831584
                    ],
                    [
                        -13.06835586404759,
                        11.7348727325983
                    ],
                    [
                        -13.05784641971256,
                        11.73537152635982
                    ],
                    [
                        -13.05477312737263,
                        11.72382566524
                    ],
                    [
                        -13.03324588643451,
                        11.71955253854913
                    ],
                    [
                        -13.00275569719896,
                        11.70247669673607
                    ],
                    [
                        -12.99352626091978,
                        11.70824469280507
                    ],
                    [
                        -12.99378215720308,
                        11.7089976667841
                    ],
                    [
                        -12.99428402772569,
                        11.72832232619247
                    ],
                    [
                        -12.97632268643469,
                        11.75241273742104
                    ],
                    [
                        -12.97555271994737,
                        11.75341665886982
                    ],
                    [
                        -12.96374671438694,
                        11.76571533475296
                    ],
                    [
                        -12.94221520766792,
                        11.75240116078519
                    ],
                    [
                        -12.92837918148598,
                        11.73682982747274
                    ],
                    [
                        -12.91186107709283,
                        11.73435248159227
                    ],
                    [
                        -12.89673106242948,
                        11.73559477907433
                    ],
                    [
                        -12.84980452874963,
                        11.70968990198684
                    ],
                    [
                        -12.82098189734249,
                        11.70913091729333
                    ],
                    [
                        -12.79204388974537,
                        11.69103082308902
                    ],
                    [
                        -12.78102472025919,
                        11.68976285255373
                    ],
                    [
                        -12.77693348803732,
                        11.68197812755904
                    ],
                    [
                        -12.76388373282881,
                        11.66364003909803
                    ],
                    [
                        -12.76261079193686,
                        11.65635952231809
                    ],
                    [
                        -12.75185465769828,
                        11.64755852000434
                    ],
                    [
                        -12.74365453076,
                        11.64428252914278
                    ],
                    [
                        -12.7423725909459,
                        11.64428051321977
                    ],
                    [
                        -12.72339342576123,
                        11.64726224399987
                    ],
                    [
                        -12.70690948554922,
                        11.65545777163344
                    ],
                    [
                        -12.69103780057988,
                        11.64263165973535
                    ],
                    [
                        -12.66567958631201,
                        11.63656731557263
                    ],
                    [
                        -12.6274920179328,
                        11.64327885281347
                    ],
                    [
                        -12.60035738427138,
                        11.63018161245844
                    ],
                    [
                        -12.57678744512078,
                        11.62762907283425
                    ],
                    [
                        -12.56269878211995,
                        11.62408899167211
                    ],
                    [
                        -12.56141722927659,
                        11.62408655155913
                    ],
                    [
                        -12.55910984692293,
                        11.62433313049758
                    ],
                    [
                        -12.55782823647941,
                        11.62433067939206
                    ],
                    [
                        -12.54423018936866,
                        11.62957543517748
                    ],
                    [
                        -12.534801557704647,
                        11.637525233090132
                    ]
                ]
            },
            "properties": {
                "id": "073a0308-3694-4321-8d7c-309546e195df",
                "name": "fork - Thiaguelbori",
                "start": {
                    "name": "fork",
                    "id": "861d5c54-f243-4439-955a-c0cc740cfd3f",
                    "networkProviders": [
                        {
                            "id": "03208a59-5332-41f1-ad19-35b56df0eba2",
                            "name": "Société de Gestion de la Backbone Nationale de Guinée (SOGEB)"
                        }
                    ],
                    "status": "operational",
                    "location": {
                        "type": "Point",
                        "coordinates": [
                            -13.076820343307254,
                            11.806732420019653
                        ]
                    },
                    "transmissionMediumOwner": {
                        "id": "c5e1a548-eca0-4cad-9b0e-f3a9237f5c58",
                        "name": "Governement de Guinée"
                    }
                },
                "end": {
                    "name": "Thiaguelbori",
                    "id": "026da682-950a-4809-a286-de25e60bf5fa",
                    "networkProviders": [
                        {
                            "id": "03208a59-5332-41f1-ad19-35b56df0eba2",
                            "name": "Société de Gestion de la Backbone Nationale de Guinée (SOGEB)"
                        }
                    ],
                    "status": "operational",
                    "location": {
                        "type": "Point",
                        "coordinates": [
                            -12.53472514926025,
                            11.63758965725192
                        ]
                    },
                    "transmissionMediumOwner": {
                        "id": "c5e1a548-eca0-4cad-9b0e-f3a9237f5c58",
                        "name": "Governement de Guinée"
                    }
                },
                "status": "operational",
                "networkProviders": [
                    {
                        "id": "03208a59-5332-41f1-ad19-35b56df0eba2",
                        "name": "Société de Gestion de la Backbone Nationale de Guinée (SOGEB)"
                    }
                ],
                "transmissionMediumOwner": {
                    "id": "c5e1a548-eca0-4cad-9b0e-f3a9237f5c58",
                    "name": "Governement de Guinée"
                },
                "network": {
                    "id": "86ae7c8c-070e-496e-9685-480072a7eed2",
                    "name": "Backbone National de Guinée",
                    "links": [
                        {
                            "rel": "describedby",
                            "href": "https://standard.ofds.info/en/0__4__0/network-schema.json"
                        }
                    ]
                },
                "featureType": "span"
            }
        },
        {
            "type": "Feature",
            "geometry": {
                "type": "LineString",
                "coordinates": [
                    [
                        -13.20247300878185,
                        11.757322754192861
                    ],
                    [
                        -13.20023813195529,
                        11.75674351820748
                    ],
                    [
                        -13.18174744905487,
                        11.7692218699705
                    ],
                    [
                        -13.1130509885359,
                        11.78805546566409
                    ],
                    [
                        -13.08355564513753,
                        11.80076998241287
                    ],
                    [
                        -13.08255565335359,
                        11.80150365824194
                    ],
                    [
                        -13.0815556510361,
                        11.80223732751855
                    ],
                    [
                        -13.076820343307254,
                        11.806732420019653
                    ]
                ]
            },
            "properties": {
                "id": "53526603-62dd-4c24-9cd1-501e461d3dd9",
                "name": "Gaoual - fork",
                "start": {
                    "name": "Gaoual",
                    "id": "c1dd8390-fd5f-421c-8d27-73ea528bad0f",
                    "networkProviders": [
                        {
                            "id": "03208a59-5332-41f1-ad19-35b56df0eba2",
                            "name": "Société de Gestion de la Backbone Nationale de Guinée (SOGEB)"
                        }
                    ],
                    "status": "operational",
                    "location": {
                        "type": "Point",
                        "coordinates": [
                            -13.202569696948643,
                            11.7573478138583
                        ]
                    },
                    "transmissionMediumOwner": {
                        "id": "c5e1a548-eca0-4cad-9b0e-f3a9237f5c58",
                        "name": "Governement de Guinée"
                    }
                },
                "end": {
                    "name": "fork",
                    "id": "861d5c54-f243-4439-955a-c0cc740cfd3f",
                    "networkProviders": [
                        {
                            "id": "03208a59-5332-41f1-ad19-35b56df0eba2",
                            "name": "Société de Gestion de la Backbone Nationale de Guinée (SOGEB)"
                        }
                    ],
                    "status": "operational",
                    "location": {
                        "type": "Point",
                        "coordinates": [
                            -13.076820343307254,
                            11.806732420019653
                        ]
                    },
                    "transmissionMediumOwner": {
                        "id": "c5e1a548-eca0-4cad-9b0e-f3a9237f5c58",
                        "name": "Governement de Guinée"
                    }
                },
                "status": "operational",
                "networkProviders": [
                    {
                        "id": "03208a59-5332-41f1-ad19-35b56df0eba2",
                        "name": "Société de Gestion de la Backbone Nationale de Guinée (SOGEB)"
                    }
                ],
                "transmissionMediumOwner": {
                    "id": "c5e1a548-eca0-4cad-9b0e-f3a9237f5c58",
                    "name": "Governement de Guinée"
                },
                "network": {
                    "id": "86ae7c8c-070e-496e-9685-480072a7eed2",
                    "name": "Backbone National de Guinée",
                    "links": [
                        {
                            "rel": "describedby",
                            "href": "https://standard.ofds.info/en/0__4__0/network-schema.json"
                        }
                    ]
                },
                "featureType": "span"
            }
        },
        {
            "type": "Feature",
            "geometry": {
                "type": "LineString",
                "coordinates": [
                    [
                        -13.076820343307254,
                        11.806732420019653
                    ],
                    [
                        -13.05604922048475,
                        11.82644985419402
                    ],
                    [
                        -13.05554890250147,
                        11.82791773441627
                    ],
                    [
                        -13.05554850067898,
                        11.83476883925885
                    ],
                    [
                        -13.05604875873274,
                        11.83501374233762
                    ],
                    [
                        -13.08829927153145,
                        11.86215663235518
                    ],
                    [
                        -13.11880470290378,
                        11.88785350660573
                    ],
                    [
                        -13.13530281780224,
                        11.92545940776163
                    ],
                    [
                        -13.13555304707893,
                        11.92668284689097
                    ],
                    [
                        -13.13580335390194,
                        11.92839563185751
                    ],
                    [
                        -13.13230681012639,
                        11.95652976445583
                    ],
                    [
                        -13.10879876646719,
                        12.04584444173376
                    ],
                    [
                        -13.09754157604277,
                        12.08767020860841
                    ],
                    [
                        -13.06900680501769,
                        12.16291834205095
                    ],
                    [
                        -13.06800403400454,
                        12.17661669210037
                    ],
                    [
                        -13.08627070154189,
                        12.19716694084534
                    ],
                    [
                        -13.10203351012145,
                        12.22965490061439
                    ],
                    [
                        -13.10253405618788,
                        12.23038880903795
                    ],
                    [
                        -13.111947266336218,
                        12.237442780223846
                    ]
                ]
            },
            "properties": {
                "id": "ebcc2b39-fbdc-4f70-bc87-e4fdd1593d4f",
                "name": "fork - PoP",
                "start": {
                    "name": "fork",
                    "id": "861d5c54-f243-4439-955a-c0cc740cfd3f",
                    "networkProviders": [
                        {
                            "id": "03208a59-5332-41f1-ad19-35b56df0eba2",
                            "name": "Société de Gestion de la Backbone Nationale de Guinée (SOGEB)"
                        }
                    ],
                    "status": "operational",
                    "location": {
                        "type": "Point",
                        "coordinates": [
                            -13.076820343307254,
                            11.806732420019653
                        ]
                    },
                    "transmissionMediumOwner": {
                        "id": "c5e1a548-eca0-4cad-9b0e-f3a9237f5c58",
                        "name": "Governement de Guinée"
                    }
                },
                "end": {
                    "name": "PoP",
                    "id": "f5667ae7-8b9d-489e-8ff6-c08b3e3f7a8e",
                    "networkProviders": [
                        {
                            "id": "03208a59-5332-41f1-ad19-35b56df0eba2",
                            "name": "Société de Gestion de la Backbone Nationale de Guinée (SOGEB)"
                        }
                    ],
                    "status": "operational",
                    "location": {
                        "type": "Point",
                        "coordinates": [
                            -13.112027195144977,
                            12.237502676423444
                        ]
                    },
                    "transmissionMediumOwner": {
                        "id": "c5e1a548-eca0-4cad-9b0e-f3a9237f5c58",
                        "name": "Governement de Guinée"
                    }
                },
                "status": "operational",
                "networkProviders": [
                    {
                        "id": "03208a59-5332-41f1-ad19-35b56df0eba2",
                        "name": "Société de Gestion de la Backbone Nationale de Guinée (SOGEB)"
                    }
                ],
                "transmissionMediumOwner": {
                    "id": "c5e1a548-eca0-4cad-9b0e-f3a9237f5c58",
                    "name": "Governement de Guinée"
                },
                "network": {
                    "id": "86ae7c8c-070e-496e-9685-480072a7eed2",
                    "name": "Backbone National de Guinée",
                    "links": [
                        {
                            "rel": "describedby",
                            "href": "https://standard.ofds.info/en/0__4__0/network-schema.json"
                        }
                    ]
                },
                "featureType": "span"
            }
        },
        {
            "type": "Feature",
            "geometry": {
                "type": "LineString",
                "coordinates": [
                    [
                        -9.31132677321654,
                        10.383419205533068
                    ],
                    [
                        -9.3533085977211,
                        10.42632221277308
                    ],
                    [
                        -9.4402773761506,
                        10.46524509065022
                    ],
                    [
                        -9.52528231642309,
                        10.50210871235846
                    ],
                    [
                        -9.583974121054,
                        10.53068665352753
                    ],
                    [
                        -9.644781689095993,
                        10.5552710740352
                    ],
                    [
                        -9.640573623378652,
                        10.56723286544553
                    ],
                    [
                        -9.644045177543786,
                        10.62126571340779
                    ],
                    [
                        -9.65992444822352,
                        10.65941359933378
                    ],
                    [
                        -9.681991716217569,
                        10.69162143496295
                    ],
                    [
                        -9.682774989532554,
                        10.6987424870364
                    ]
                ]
            },
            "properties": {
                "id": "a1b4c000-c6ec-4b94-9438-341e6daefdcf",
                "name": "Kankan - fork",
                "start": {
                    "name": "Kankan",
                    "id": "c56aacae-17c3-45cd-b637-67493fb60085",
                    "networkProviders": [
                        {
                            "id": "03208a59-5332-41f1-ad19-35b56df0eba2",
                            "name": "Société de Gestion de la Backbone Nationale de Guinée (SOGEB)"
                        }
                    ],
                    "status": "operational",
                    "location": {
                        "type": "Point",
                        "coordinates": [
                            -9.311256867170288,
                            10.383347765579137
                        ]
                    },
                    "transmissionMediumOwner": {
                        "id": "c5e1a548-eca0-4cad-9b0e-f3a9237f5c58",
                        "name": "Governement de Guinée"
                    }
                },
                "end": {
                    "name": "fork",
                    "id": "7a4caad2-8ca7-4c86-a648-6895300e84d3",
                    "networkProviders": [
                        {
                            "id": "03208a59-5332-41f1-ad19-35b56df0eba2",
                            "name": "Société de Gestion de la Backbone Nationale de Guinée (SOGEB)"
                        }
                    ],
                    "status": "operational",
                    "location": {
                        "type": "Point",
                        "coordinates": [
                            -9.682774989532554,
                            10.6987424870364
                        ]
                    },
                    "transmissionMediumOwner": {
                        "id": "c5e1a548-eca0-4cad-9b0e-f3a9237f5c58",
                        "name": "Governement de Guinée"
                    }
                },
                "status": "operational",
                "networkProviders": [
                    {
                        "id": "03208a59-5332-41f1-ad19-35b56df0eba2",
                        "name": "Société de Gestion de la Backbone Nationale de Guinée (SOGEB)"
                    }
                ],
                "transmissionMediumOwner": {
                    "id": "c5e1a548-eca0-4cad-9b0e-f3a9237f5c58",
                    "name": "Governement de Guinée"
                },
                "network": {
                    "id": "86ae7c8c-070e-496e-9685-480072a7eed2",
                    "name": "Backbone National de Guinée",
                    "links": [
                        {
                            "rel": "describedby",
                            "href": "https://standard.ofds.info/en/0__4__0/network-schema.json"
                        }
                    ]
                },
                "featureType": "span"
            }
        },
        {
            "type": "Feature",
            "geometry": {
                "type": "LineString",
                "coordinates": [
                    [
                        -9.320698785210615,
                        11.0879082060333
                    ],
                    [
                        -9.32342979400688,
                        11.08813485088569
                    ],
                    [
                        -9.364209134618278,
                        11.0739627381746
                    ],
                    [
                        -9.389517258934603,
                        11.05476585897416
                    ],
                    [
                        -9.392268521787184,
                        11.04212491647894
                    ],
                    [
                        -9.390994162830493,
                        11.04084130626429
                    ],
                    [
                        -9.390739296723345,
                        11.04058458224076
                    ],
                    [
                        -9.383113821688912,
                        11.03136149945869
                    ],
                    [
                        -9.373439409881714,
                        11.02050971440413
                    ],
                    [
                        -9.37206128367711,
                        11.00756619405472
                    ],
                    [
                        -9.374358204820805,
                        10.99010752216777
                    ],
                    [
                        -9.386710085000558,
                        10.97378925684316
                    ],
                    [
                        -9.406908887663281,
                        10.96948083459914
                    ],
                    [
                        -9.407938358319903,
                        10.96974722463354
                    ],
                    [
                        -9.42260722082015,
                        10.97373298411672
                    ],
                    [
                        -9.423368601952802,
                        10.974756482257
                    ],
                    [
                        -9.44750233129252,
                        10.98621102058217
                    ],
                    [
                        -9.46871417836991,
                        10.98469845409753
                    ],
                    [
                        -9.474098098644934,
                        10.9740759079495
                    ],
                    [
                        -9.486677664772072,
                        10.95953160240655
                    ],
                    [
                        -9.484060833255155,
                        10.90218050681297
                    ],
                    [
                        -9.491158069227254,
                        10.85182866950939
                    ],
                    [
                        -9.523415095196572,
                        10.78503501149422
                    ],
                    [
                        -9.555488539299022,
                        10.73828297824332
                    ],
                    [
                        -9.579975820816975,
                        10.71264940822174
                    ],
                    [
                        -9.619984474749797,
                        10.71059699855359
                    ],
                    [
                        -9.6377716355506,
                        10.71182367553085
                    ],
                    [
                        -9.638287613686119,
                        10.71182983660057
                    ],
                    [
                        -9.656442129748292,
                        10.7044414941837
                    ],
                    [
                        -9.656700172368543,
                        10.70444455308129
                    ],
                    [
                        -9.6792216115646,
                        10.6991333374489
                    ],
                    [
                        -9.682774989532554,
                        10.6987424870364
                    ]
                ]
            },
            "properties": {
                "id": "0cc76913-5676-45a7-9de6-95938ba5a514",
                "name": "Damisa Koro - fork",
                "start": {
                    "name": "Damisa Koro",
                    "id": "ad9e7f47-d058-42f8-b16b-12c5ec20ca3f",
                    "networkProviders": [
                        {
                            "id": "03208a59-5332-41f1-ad19-35b56df0eba2",
                            "name": "Société de Gestion de la Backbone Nationale de Guinée (SOGEB)"
                        }
                    ],
                    "status": "operational",
                    "location": {
                        "type": "Point",
                        "coordinates": [
                            -9.32059919125607,
                            11.08789994078818
                        ]
                    },
                    "transmissionMediumOwner": {
                        "id": "c5e1a548-eca0-4cad-9b0e-f3a9237f5c58",
                        "name": "Governement de Guinée"
                    }
                },
                "end": {
                    "name": "fork",
                    "id": "7a4caad2-8ca7-4c86-a648-6895300e84d3",
                    "networkProviders": [
                        {
                            "id": "03208a59-5332-41f1-ad19-35b56df0eba2",
                            "name": "Société de Gestion de la Backbone Nationale de Guinée (SOGEB)"
                        }
                    ],
                    "status": "operational",
                    "location": {
                        "type": "Point",
                        "coordinates": [
                            -9.682774989532554,
                            10.6987424870364
                        ]
                    },
                    "transmissionMediumOwner": {
                        "id": "c5e1a548-eca0-4cad-9b0e-f3a9237f5c58",
                        "name": "Governement de Guinée"
                    }
                },
                "status": "operational",
                "networkProviders": [
                    {
                        "id": "03208a59-5332-41f1-ad19-35b56df0eba2",
                        "name": "Société de Gestion de la Backbone Nationale de Guinée (SOGEB)"
                    }
                ],
                "transmissionMediumOwner": {
                    "id": "c5e1a548-eca0-4cad-9b0e-f3a9237f5c58",
                    "name": "Governement de Guinée"
                },
                "network": {
                    "id": "86ae7c8c-070e-496e-9685-480072a7eed2",
                    "name": "Backbone National de Guinée",
                    "links": [
                        {
                            "rel": "describedby",
                            "href": "https://standard.ofds.info/en/0__4__0/network-schema.json"
                        }
                    ]
                },
                "featureType": "span"
            }
        },
        {
            "type": "Feature",
            "geometry": {
                "type": "LineString",
                "coordinates": [
                    [
                        -9.682774989532554,
                        10.6987424870364
                    ],
                    [
                        -9.695866736468222,
                        10.69730247284812
                    ],
                    [
                        -9.72209662564,
                        10.68290934877352
                    ],
                    [
                        -9.741029489978905,
                        10.67425914331018
                    ],
                    [
                        -9.74206102583105,
                        10.67427114068791
                    ],
                    [
                        -9.75952713287989,
                        10.68030295764441
                    ],
                    [
                        -9.778297744274324,
                        10.68508088753608
                    ],
                    [
                        -9.810279478755737,
                        10.6851917199284
                    ],
                    [
                        -9.823175760182032,
                        10.68533736838299
                    ],
                    [
                        -9.86198844772889,
                        10.66928571965244
                    ],
                    [
                        -9.88135194923625,
                        10.65424881449032
                    ],
                    [
                        -9.884221921436302,
                        10.654619584456656
                    ]
                ]
            },
            "properties": {
                "id": "8a3efcdb-0f9d-421f-87dd-543ef70a3444",
                "name": "fork - Kouroussa",
                "start": {
                    "name": "fork",
                    "id": "7a4caad2-8ca7-4c86-a648-6895300e84d3",
                    "networkProviders": [
                        {
                            "id": "03208a59-5332-41f1-ad19-35b56df0eba2",
                            "name": "Société de Gestion de la Backbone Nationale de Guinée (SOGEB)"
                        }
                    ],
                    "status": "operational",
                    "location": {
                        "type": "Point",
                        "coordinates": [
                            -9.682774989532554,
                            10.6987424870364
                        ]
                    },
                    "transmissionMediumOwner": {
                        "id": "c5e1a548-eca0-4cad-9b0e-f3a9237f5c58",
                        "name": "Governement de Guinée"
                    }
                },
                "end": {
                    "name": "Kouroussa",
                    "id": "9118e0fc-bd88-4e22-bcf5-1d0aa51dc86e",
                    "networkProviders": [
                        {
                            "id": "03208a59-5332-41f1-ad19-35b56df0eba2",
                            "name": "Société de Gestion de la Backbone Nationale de Guinée (SOGEB)"
                        }
                    ],
                    "status": "operational",
                    "location": {
                        "type": "Point",
                        "coordinates": [
                            -9.884320995260984,
                            10.654632383743923
                        ]
                    },
                    "transmissionMediumOwner": {
                        "id": "c5e1a548-eca0-4cad-9b0e-f3a9237f5c58",
                        "name": "Governement de Guinée"
                    }
                },
                "status": "operational",
                "networkProviders": [
                    {
                        "id": "03208a59-5332-41f1-ad19-35b56df0eba2",
                        "name": "Société de Gestion de la Backbone Nationale de Guinée (SOGEB)"
                    }
                ],
                "transmissionMediumOwner": {
                    "id": "c5e1a548-eca0-4cad-9b0e-f3a9237f5c58",
                    "name": "Governement de Guinée"
                },
                "network": {
                    "id": "86ae7c8c-070e-496e-9685-480072a7eed2",
                    "name": "Backbone National de Guinée",
                    "links": [
                        {
                            "rel": "describedby",
                            "href": "https://standard.ofds.info/en/0__4__0/network-schema.json"
                        }
                    ]
                },
                "featureType": "span"
            }
        },
        {
            "type": "Feature",
            "geometry": {
                "type": "LineString",
                "coordinates": [
                    [
                        -13.38832443583404,
                        9.712459738607269
                    ],
                    [
                        -13.3873241865848,
                        9.70767109110043
                    ],
                    [
                        -13.35482684519212,
                        9.655848221243879
                    ],
                    [
                        -13.35422477469309,
                        9.654670736415625
                    ],
                    [
                        -13.30690418517714,
                        9.624128096859833
                    ],
                    [
                        -13.30689168949439,
                        9.620005146139812
                    ],
                    [
                        -13.31095698798221,
                        9.580540231675204
                    ],
                    [
                        -13.28936418131565,
                        9.54820689766069
                    ],
                    [
                        -13.23137422176251,
                        9.516552451816946
                    ],
                    [
                        -13.17163819059459,
                        9.486179284279531
                    ],
                    [
                        -13.14596634013492,
                        9.482696973510457
                    ],
                    [
                        -13.10712177125887,
                        9.455684364115623
                    ],
                    [
                        -13.09232784739073,
                        9.433338459577683
                    ]
                ]
            },
            "properties": {
                "id": "4c01e0a2-b82c-4c94-a3e6-ff67d3139602",
                "name": "fork - Forecariah",
                "start": {
                    "name": "fork",
                    "id": "a8a0fcbb-1471-4157-9ada-9fb6fbacce54",
                    "networkProviders": [
                        {
                            "id": "03208a59-5332-41f1-ad19-35b56df0eba2",
                            "name": "Société de Gestion de la Backbone Nationale de Guinée (SOGEB)"
                        }
                    ],
                    "status": "operational",
                    "location": {
                        "type": "Point",
                        "coordinates": [
                            -13.38832443583404,
                            9.712459738607269
                        ]
                    },
                    "transmissionMediumOwner": {
                        "id": "c5e1a548-eca0-4cad-9b0e-f3a9237f5c58",
                        "name": "Governement de Guinée"
                    }
                },
                "end": {
                    "name": "Forecariah",
                    "id": "dac2de02-103e-408f-b5ad-9527a495b112",
                    "networkProviders": [
                        {
                            "id": "03208a59-5332-41f1-ad19-35b56df0eba2",
                            "name": "Société de Gestion de la Backbone Nationale de Guinée (SOGEB)"
                        }
                    ],
                    "status": "operational",
                    "location": {
                        "type": "Point",
                        "coordinates": [
                            -13.092272655667454,
                            9.433255093664043
                        ]
                    },
                    "transmissionMediumOwner": {
                        "id": "c5e1a548-eca0-4cad-9b0e-f3a9237f5c58",
                        "name": "Governement de Guinée"
                    }
                },
                "status": "operational",
                "networkProviders": [
                    {
                        "id": "03208a59-5332-41f1-ad19-35b56df0eba2",
                        "name": "Société de Gestion de la Backbone Nationale de Guinée (SOGEB)"
                    }
                ],
                "transmissionMediumOwner": {
                    "id": "c5e1a548-eca0-4cad-9b0e-f3a9237f5c58",
                    "name": "Governement de Guinée"
                },
                "network": {
                    "id": "86ae7c8c-070e-496e-9685-480072a7eed2",
                    "name": "Backbone National de Guinée",
                    "links": [
                        {
                            "rel": "describedby",
                            "href": "https://standard.ofds.info/en/0__4__0/network-schema.json"
                        }
                    ]
                },
                "featureType": "span"
            }
        },
        {
            "type": "Feature",
            "geometry": {
                "type": "LineString",
                "coordinates": [
                    [
                        -13.164788650528521,
                        9.90812075835338
                    ],
                    [
                        -13.20127282020887,
                        9.878339929419383
                    ],
                    [
                        -13.2209664462649,
                        9.862368572690372
                    ],
                    [
                        -13.23011103314566,
                        9.85403528533213
                    ],
                    [
                        -13.23996048625352,
                        9.845005832362212
                    ],
                    [
                        -13.24840423704463,
                        9.837363770265712
                    ],
                    [
                        -13.27092730525196,
                        9.817208641464022
                    ],
                    [
                        -13.30717409676299,
                        9.787528986641513
                    ],
                    [
                        -13.34134321217035,
                        9.778905145992521
                    ],
                    [
                        -13.34835753479927,
                        9.769410274134062
                    ],
                    [
                        -13.36035487360672,
                        9.746162029588561
                    ],
                    [
                        -13.37568412899675,
                        9.715100036813828
                    ],
                    [
                        -13.38832443583404,
                        9.712459738607269
                    ]
                ]
            },
            "properties": {
                "id": "028561a1-36b8-416b-b9cf-833aaf4f00cf",
                "name": "PoP - fork",
                "start": {
                    "name": "PoP",
                    "id": "7f8dff9f-7f40-4dd5-ac4e-6443bf1644c6",
                    "networkProviders": [
                        {
                            "id": "03208a59-5332-41f1-ad19-35b56df0eba2",
                            "name": "Société de Gestion de la Backbone Nationale de Guinée (SOGEB)"
                        }
                    ],
                    "status": "operational",
                    "location": {
                        "type": "Point",
                        "coordinates": [
                            -13.16471119193755,
                            9.908183985256098
                        ]
                    },
                    "transmissionMediumOwner": {
                        "id": "c5e1a548-eca0-4cad-9b0e-f3a9237f5c58",
                        "name": "Governement de Guinée"
                    }
                },
                "end": {
                    "name": "fork",
                    "id": "a8a0fcbb-1471-4157-9ada-9fb6fbacce54",
                    "networkProviders": [
                        {
                            "id": "03208a59-5332-41f1-ad19-35b56df0eba2",
                            "name": "Société de Gestion de la Backbone Nationale de Guinée (SOGEB)"
                        }
                    ],
                    "status": "operational",
                    "location": {
                        "type": "Point",
                        "coordinates": [
                            -13.38832443583404,
                            9.712459738607269
                        ]
                    },
                    "transmissionMediumOwner": {
                        "id": "c5e1a548-eca0-4cad-9b0e-f3a9237f5c58",
                        "name": "Governement de Guinée"
                    }
                },
                "status": "operational",
                "networkProviders": [
                    {
                        "id": "03208a59-5332-41f1-ad19-35b56df0eba2",
                        "name": "Société de Gestion de la Backbone Nationale de Guinée (SOGEB)"
                    }
                ],
                "transmissionMediumOwner": {
                    "id": "c5e1a548-eca0-4cad-9b0e-f3a9237f5c58",
                    "name": "Governement de Guinée"
                },
                "network": {
                    "id": "86ae7c8c-070e-496e-9685-480072a7eed2",
                    "name": "Backbone National de Guinée",
                    "links": [
                        {
                            "rel": "describedby",
                            "href": "https://standard.ofds.info/en/0__4__0/network-schema.json"
                        }
                    ]
                },
                "featureType": "span"
            }
        },
        {
            "type": "Feature",
            "geometry": {
                "type": "LineString",
                "coordinates": [
                    [
                        -13.38832443583404,
                        9.712459738607269
                    ],
                    [
                        -13.39013027024034,
                        9.71208253721448
                    ],
                    [
                        -13.39144349720863,
                        9.712082758187538
                    ],
                    [
                        -13.39319431299431,
                        9.712946009615917
                    ],
                    [
                        -13.39538288228722,
                        9.713809313533817
                    ],
                    [
                        -13.39800913650169,
                        9.715104143712537
                    ],
                    [
                        -13.39975998581118,
                        9.715967345386309
                    ],
                    [
                        -13.4229598591654,
                        9.728050913683065
                    ],
                    [
                        -13.42602432113394,
                        9.728482554713542
                    ],
                    [
                        -13.47769020430518,
                        9.725028231194015
                    ],
                    [
                        -13.50729730585969,
                        9.687923683180506
                    ],
                    [
                        -13.54974392998405,
                        9.64562791183837
                    ],
                    [
                        -13.58299079790814,
                        9.604195407005392
                    ],
                    [
                        -13.58592066510177,
                        9.601831843433365
                    ]
                ]
            },
            "properties": {
                "id": "fbb4f5ac-4c63-46b0-8388-46a659caa72e",
                "name": "fork - PoP",
                "start": {
                    "name": "fork",
                    "id": "a8a0fcbb-1471-4157-9ada-9fb6fbacce54",
                    "networkProviders": [
                        {
                            "id": "03208a59-5332-41f1-ad19-35b56df0eba2",
                            "name": "Société de Gestion de la Backbone Nationale de Guinée (SOGEB)"
                        }
                    ],
                    "status": "operational",
                    "location": {
                        "type": "Point",
                        "coordinates": [
                            -13.38832443583404,
                            9.712459738607269
                        ]
                    },
                    "transmissionMediumOwner": {
                        "id": "c5e1a548-eca0-4cad-9b0e-f3a9237f5c58",
                        "name": "Governement de Guinée"
                    }
                },
                "end": {
                    "name": "PoP",
                    "id": "bf9c8c63-9df8-4df2-9947-b4d7bfbfcbf9",
                    "networkProviders": [
                        {
                            "id": "03208a59-5332-41f1-ad19-35b56df0eba2",
                            "name": "Société de Gestion de la Backbone Nationale de Guinée (SOGEB)"
                        }
                    ],
                    "status": "operational",
                    "location": {
                        "type": "Point",
                        "coordinates": [
                            -13.585998467074596,
                            9.601769079527479
                        ]
                    },
                    "transmissionMediumOwner": {
                        "id": "c5e1a548-eca0-4cad-9b0e-f3a9237f5c58",
                        "name": "Governement de Guinée"
                    }
                },
                "status": "operational",
                "networkProviders": [
                    {
                        "id": "03208a59-5332-41f1-ad19-35b56df0eba2",
                        "name": "Société de Gestion de la Backbone Nationale de Guinée (SOGEB)"
                    }
                ],
                "transmissionMediumOwner": {
                    "id": "c5e1a548-eca0-4cad-9b0e-f3a9237f5c58",
                    "name": "Governement de Guinée"
                },
                "network": {
                    "id": "86ae7c8c-070e-496e-9685-480072a7eed2",
                    "name": "Backbone National de Guinée",
                    "links": [
                        {
                            "rel": "describedby",
                            "href": "https://standard.ofds.info/en/0__4__0/network-schema.json"
                        }
                    ]
                },
                "featureType": "span"
            }
        },
        {
            "type": "Feature",
            "geometry": {
                "type": "LineString",
                "coordinates": [
                    [
                        -12.41583220455202,
                        11.42216295816711
                    ],
                    [
                        -12.41906189795454,
                        11.42091206961415
                    ],
                    [
                        -12.48492720085414,
                        11.44171819986574
                    ],
                    [
                        -12.51752344035085,
                        11.47711024716564
                    ],
                    [
                        -12.54091021454322,
                        11.49306952906273
                    ],
                    [
                        -12.58199294383794,
                        11.48194067789577
                    ],
                    [
                        -12.61740879011179,
                        11.46872853576914
                    ],
                    [
                        -12.62095128029284,
                        11.46803205393148
                    ],
                    [
                        -12.65780534647261,
                        11.46661967741936
                    ],
                    [
                        -12.684639095304407,
                        11.434732845744167
                    ]
                ]
            },
            "properties": {
                "id": "d42bd890-64e9-4804-b901-347c36d11329",
                "name": "fork - Pétel",
                "start": {
                    "name": "fork",
                    "id": "da192421-7cde-48f5-8848-3f34e96b0412",
                    "networkProviders": [
                        {
                            "id": "03208a59-5332-41f1-ad19-35b56df0eba2",
                            "name": "Société de Gestion de la Backbone Nationale de Guinée (SOGEB)"
                        }
                    ],
                    "status": "operational",
                    "location": {
                        "type": "Point",
                        "coordinates": [
                            -12.41583220455202,
                            11.42216295816711
                        ]
                    },
                    "transmissionMediumOwner": {
                        "id": "c5e1a548-eca0-4cad-9b0e-f3a9237f5c58",
                        "name": "Governement de Guinée"
                    }
                },
                "end": {
                    "name": "Pétel",
                    "id": "fcc4abc5-a5dd-4571-9a19-78dcb09d5835",
                    "networkProviders": [
                        {
                            "id": "03208a59-5332-41f1-ad19-35b56df0eba2",
                            "name": "Société de Gestion de la Backbone Nationale de Guinée (SOGEB)"
                        }
                    ],
                    "status": "operational",
                    "location": {
                        "type": "Point",
                        "coordinates": [
                            -12.6847034490593,
                            11.43465637348668
                        ]
                    },
                    "transmissionMediumOwner": {
                        "id": "c5e1a548-eca0-4cad-9b0e-f3a9237f5c58",
                        "name": "Governement de Guinée"
                    }
                },
                "status": "operational",
                "networkProviders": [
                    {
                        "id": "03208a59-5332-41f1-ad19-35b56df0eba2",
                        "name": "Société de Gestion de la Backbone Nationale de Guinée (SOGEB)"
                    }
                ],
                "transmissionMediumOwner": {
                    "id": "c5e1a548-eca0-4cad-9b0e-f3a9237f5c58",
                    "name": "Governement de Guinée"
                },
                "network": {
                    "id": "86ae7c8c-070e-496e-9685-480072a7eed2",
                    "name": "Backbone National de Guinée",
                    "links": [
                        {
                            "rel": "describedby",
                            "href": "https://standard.ofds.info/en/0__4__0/network-schema.json"
                        }
                    ]
                },
                "featureType": "span"
            }
        },
        {
            "type": "Feature",
            "geometry": {
                "type": "LineString",
                "coordinates": [
                    [
                        -12.534646257762057,
                        11.637528362400934
                    ],
                    [
                        -12.51885356054851,
                        11.62525820598944
                    ],
                    [
                        -12.49476074754352,
                        11.61591926151182
                    ],
                    [
                        -12.49048602102249,
                        11.6025495597138
                    ],
                    [
                        -12.48105130935901,
                        11.58395558796235
                    ],
                    [
                        -12.48054014797029,
                        11.58345252112255
                    ],
                    [
                        -12.46440036923203,
                        11.58316630701738
                    ],
                    [
                        -12.46414478541307,
                        11.58291476029098
                    ],
                    [
                        -12.45193518157895,
                        11.54750057433154
                    ],
                    [
                        -12.43711472693995,
                        11.50772049243731
                    ],
                    [
                        -12.43636070566849,
                        11.50219698025355
                    ],
                    [
                        -12.44280247761798,
                        11.48715338713741
                    ],
                    [
                        -12.42981390592598,
                        11.45826258397043
                    ],
                    [
                        -12.41583220455202,
                        11.42216295816711
                    ]
                ]
            },
            "properties": {
                "id": "21e905c2-95ba-4701-b8ff-08745aa61d1c",
                "name": "Thiaguelbori - fork",
                "start": {
                    "name": "Thiaguelbori",
                    "id": "026da682-950a-4809-a286-de25e60bf5fa",
                    "networkProviders": [
                        {
                            "id": "03208a59-5332-41f1-ad19-35b56df0eba2",
                            "name": "Société de Gestion de la Backbone Nationale de Guinée (SOGEB)"
                        }
                    ],
                    "status": "operational",
                    "location": {
                        "type": "Point",
                        "coordinates": [
                            -12.53472514926025,
                            11.63758965725192
                        ]
                    },
                    "transmissionMediumOwner": {
                        "id": "c5e1a548-eca0-4cad-9b0e-f3a9237f5c58",
                        "name": "Governement de Guinée"
                    }
                },
                "end": {
                    "name": "fork",
                    "id": "da192421-7cde-48f5-8848-3f34e96b0412",
                    "networkProviders": [
                        {
                            "id": "03208a59-5332-41f1-ad19-35b56df0eba2",
                            "name": "Société de Gestion de la Backbone Nationale de Guinée (SOGEB)"
                        }
                    ],
                    "status": "operational",
                    "location": {
                        "type": "Point",
                        "coordinates": [
                            -12.41583220455202,
                            11.42216295816711
                        ]
                    },
                    "transmissionMediumOwner": {
                        "id": "c5e1a548-eca0-4cad-9b0e-f3a9237f5c58",
                        "name": "Governement de Guinée"
                    }
                },
                "status": "operational",
                "networkProviders": [
                    {
                        "id": "03208a59-5332-41f1-ad19-35b56df0eba2",
                        "name": "Société de Gestion de la Backbone Nationale de Guinée (SOGEB)"
                    }
                ],
                "transmissionMediumOwner": {
                    "id": "c5e1a548-eca0-4cad-9b0e-f3a9237f5c58",
                    "name": "Governement de Guinée"
                },
                "network": {
                    "id": "86ae7c8c-070e-496e-9685-480072a7eed2",
                    "name": "Backbone National de Guinée",
                    "links": [
                        {
                            "rel": "describedby",
                            "href": "https://standard.ofds.info/en/0__4__0/network-schema.json"
                        }
                    ]
                },
                "featureType": "span"
            }
        },
        {
            "type": "Feature",
            "geometry": {
                "type": "LineString",
                "coordinates": [
                    [
                        -12.41583220455202,
                        11.42216295816711
                    ],
                    [
                        -12.41023549614671,
                        11.40771270824701
                    ],
                    [
                        -12.37984651879515,
                        11.37802359081173
                    ],
                    [
                        -12.37350455549756,
                        11.35567045810837
                    ],
                    [
                        -12.3497652457512,
                        11.35264859108652
                    ],
                    [
                        -12.32575098305608,
                        11.33576984512166
                    ],
                    [
                        -12.30452280314846,
                        11.32818264383947
                    ],
                    [
                        -12.30324477324186,
                        11.32742614457296
                    ],
                    [
                        -12.29224475691007,
                        11.32363052813325
                    ],
                    [
                        -12.289999793256591,
                        11.322104506122349
                    ]
                ]
            },
            "properties": {
                "id": "82e5155a-ab53-4208-ac15-26b0020f65f8",
                "name": "fork - Labe",
                "start": {
                    "name": "fork",
                    "id": "da192421-7cde-48f5-8848-3f34e96b0412",
                    "networkProviders": [
                        {
                            "id": "03208a59-5332-41f1-ad19-35b56df0eba2",
                            "name": "Société de Gestion de la Backbone Nationale de Guinée (SOGEB)"
                        }
                    ],
                    "status": "operational",
                    "location": {
                        "type": "Point",
                        "coordinates": [
                            -12.41583220455202,
                            11.42216295816711
                        ]
                    },
                    "transmissionMediumOwner": {
                        "id": "c5e1a548-eca0-4cad-9b0e-f3a9237f5c58",
                        "name": "Governement de Guinée"
                    }
                },
                "end": {
                    "name": "Labe",
                    "id": "4edab88c-6046-488f-aafc-0188aea4ac2d",
                    "networkProviders": [
                        {
                            "id": "03208a59-5332-41f1-ad19-35b56df0eba2",
                            "name": "Société de Gestion de la Backbone Nationale de Guinée (SOGEB)"
                        }
                    ],
                    "status": "operational",
                    "location": {
                        "type": "Point",
                        "coordinates": [
                            -12.289917120837982,
                            11.322048309252391
                        ]
                    },
                    "transmissionMediumOwner": {
                        "id": "c5e1a548-eca0-4cad-9b0e-f3a9237f5c58",
                        "name": "Governement de Guinée"
                    }
                },
                "status": "operational",
                "networkProviders": [
                    {
                        "id": "03208a59-5332-41f1-ad19-35b56df0eba2",
                        "name": "Société de Gestion de la Backbone Nationale de Guinée (SOGEB)"
                    }
                ],
                "transmissionMediumOwner": {
                    "id": "c5e1a548-eca0-4cad-9b0e-f3a9237f5c58",
                    "name": "Governement de Guinée"
                },
                "network": {
                    "id": "86ae7c8c-070e-496e-9685-480072a7eed2",
                    "name": "Backbone National de Guinée",
                    "links": [
                        {
                            "rel": "describedby",
                            "href": "https://standard.ofds.info/en/0__4__0/network-schema.json"
                        }
                    ]
                },
                "featureType": "span"
            }
        },
        {
            "type": "Feature",
            "geometry": {
                "type": "LineString",
                "coordinates": [
                    [
                        -12.137850991929346,
                        11.36788842081279
                    ],
                    [
                        -12.13877861338205,
                        11.37241193535192
                    ],
                    [
                        -12.13243648055001,
                        11.41001802504192
                    ],
                    [
                        -12.13086074517816,
                        11.40950084843529
                    ],
                    [
                        -12.09513002789478,
                        11.41152135203491
                    ],
                    [
                        -12.08777478062425,
                        11.41099764962465
                    ],
                    [
                        -12.08357207463378,
                        11.41047753502837
                    ],
                    [
                        -12.02941550312323,
                        11.42845819831658
                    ],
                    [
                        -11.97998281270523,
                        11.46597875793167
                    ],
                    [
                        -11.97735125108342,
                        11.46803425115653
                    ],
                    [
                        -11.97577180310068,
                        11.46957656214751
                    ],
                    [
                        -11.94150820521431,
                        11.52050451887549
                    ],
                    [
                        -11.94150636832695,
                        11.52153460953846
                    ],
                    [
                        -11.92882441971665,
                        11.55138717644907
                    ],
                    [
                        -11.89615170431055,
                        11.57142479203208
                    ],
                    [
                        -11.896119033096644,
                        11.58584307125751
                    ]
                ]
            },
            "properties": {
                "id": "ce86a82b-2ac9-4dae-b16e-8a890f5fe945",
                "name": "fork - Koubia",
                "start": {
                    "name": "fork",
                    "id": "c63175be-3352-4f49-a043-c5051595548f",
                    "networkProviders": [
                        {
                            "id": "03208a59-5332-41f1-ad19-35b56df0eba2",
                            "name": "Société de Gestion de la Backbone Nationale de Guinée (SOGEB)"
                        }
                    ],
                    "status": "operational",
                    "location": {
                        "type": "Point",
                        "coordinates": [
                            -12.137850991929346,
                            11.36788842081279
                        ]
                    },
                    "transmissionMediumOwner": {
                        "id": "c5e1a548-eca0-4cad-9b0e-f3a9237f5c58",
                        "name": "Governement de Guinée"
                    }
                },
                "end": {
                    "name": "Koubia",
                    "id": "21bb8252-9a2a-47ee-be1a-016c7f132d73",
                    "networkProviders": [
                        {
                            "id": "03208a59-5332-41f1-ad19-35b56df0eba2",
                            "name": "Société de Gestion de la Backbone Nationale de Guinée (SOGEB)"
                        }
                    ],
                    "status": "operational",
                    "location": {
                        "type": "Point",
                        "coordinates": [
                            -11.896118806526076,
                            11.585943060126812
                        ]
                    },
                    "transmissionMediumOwner": {
                        "id": "c5e1a548-eca0-4cad-9b0e-f3a9237f5c58",
                        "name": "Governement de Guinée"
                    }
                },
                "status": "operational",
                "networkProviders": [
                    {
                        "id": "03208a59-5332-41f1-ad19-35b56df0eba2",
                        "name": "Société de Gestion de la Backbone Nationale de Guinée (SOGEB)"
                    }
                ],
                "transmissionMediumOwner": {
                    "id": "c5e1a548-eca0-4cad-9b0e-f3a9237f5c58",
                    "name": "Governement de Guinée"
                },
                "network": {
                    "id": "86ae7c8c-070e-496e-9685-480072a7eed2",
                    "name": "Backbone National de Guinée",
                    "links": [
                        {
                            "rel": "describedby",
                            "href": "https://standard.ofds.info/en/0__4__0/network-schema.json"
                        }
                    ]
                },
                "featureType": "span"
            }
        },
        {
            "type": "Feature",
            "geometry": {
                "type": "LineString",
                "coordinates": [
                    [
                        -12.289834448419374,
                        11.321992112382434
                    ],
                    [
                        -12.28554584929791,
                        11.31907692190924
                    ],
                    [
                        -12.264306391699,
                        11.32485080816859
                    ],
                    [
                        -12.22884474562011,
                        11.33235328846317
                    ],
                    [
                        -12.22703290535996,
                        11.33285480965647
                    ],
                    [
                        -12.22315076411844,
                        11.33385700589065
                    ],
                    [
                        -12.17476048897413,
                        11.34739106290634
                    ],
                    [
                        -12.17346546390894,
                        11.34814713361934
                    ],
                    [
                        -12.14315810221012,
                        11.36680011009648
                    ],
                    [
                        -12.137850991929346,
                        11.36788842081279
                    ]
                ]
            },
            "properties": {
                "id": "b21b20f9-921c-46c7-8d17-ab0566152fa9",
                "name": "Labe - fork",
                "start": {
                    "name": "Labe",
                    "id": "4edab88c-6046-488f-aafc-0188aea4ac2d",
                    "networkProviders": [
                        {
                            "id": "03208a59-5332-41f1-ad19-35b56df0eba2",
                            "name": "Société de Gestion de la Backbone Nationale de Guinée (SOGEB)"
                        }
                    ],
                    "status": "operational",
                    "location": {
                        "type": "Point",
                        "coordinates": [
                            -12.289917120837982,
                            11.322048309252391
                        ]
                    },
                    "transmissionMediumOwner": {
                        "id": "c5e1a548-eca0-4cad-9b0e-f3a9237f5c58",
                        "name": "Governement de Guinée"
                    }
                },
                "end": {
                    "name": "fork",
                    "id": "c63175be-3352-4f49-a043-c5051595548f",
                    "networkProviders": [
                        {
                            "id": "03208a59-5332-41f1-ad19-35b56df0eba2",
                            "name": "Société de Gestion de la Backbone Nationale de Guinée (SOGEB)"
                        }
                    ],
                    "status": "operational",
                    "location": {
                        "type": "Point",
                        "coordinates": [
                            -12.137850991929346,
                            11.36788842081279
                        ]
                    },
                    "transmissionMediumOwner": {
                        "id": "c5e1a548-eca0-4cad-9b0e-f3a9237f5c58",
                        "name": "Governement de Guinée"
                    }
                },
                "status": "operational",
                "networkProviders": [
                    {
                        "id": "03208a59-5332-41f1-ad19-35b56df0eba2",
                        "name": "Société de Gestion de la Backbone Nationale de Guinée (SOGEB)"
                    }
                ],
                "transmissionMediumOwner": {
                    "id": "c5e1a548-eca0-4cad-9b0e-f3a9237f5c58",
                    "name": "Governement de Guinée"
                },
                "network": {
                    "id": "86ae7c8c-070e-496e-9685-480072a7eed2",
                    "name": "Backbone National de Guinée",
                    "links": [
                        {
                            "rel": "describedby",
                            "href": "https://standard.ofds.info/en/0__4__0/network-schema.json"
                        }
                    ]
                },
                "featureType": "span"
            }
        },
        {
            "type": "Feature",
            "geometry": {
                "type": "LineString",
                "coordinates": [
                    [
                        -12.137850991929346,
                        11.36788842081279
                    ],
                    [
                        -12.13100002560759,
                        11.36929332473801
                    ],
                    [
                        -12.12996694205591,
                        11.36903639198945
                    ],
                    [
                        -12.12764046873405,
                        11.36902848885599
                    ],
                    [
                        -12.09120729854749,
                        11.36408751552853
                    ],
                    [
                        -12.05303299269159,
                        11.33742456533062
                    ],
                    [
                        -12.01016894964025,
                        11.32636770030213
                    ],
                    [
                        -11.97656313212632,
                        11.32547922391188
                    ],
                    [
                        -11.94102238625558,
                        11.33775347088806
                    ],
                    [
                        -11.89779747100569,
                        11.35126253147071
                    ],
                    [
                        -11.84713804651672,
                        11.34775655431334
                    ],
                    [
                        -11.80625356726792,
                        11.35037271720953
                    ],
                    [
                        -11.80470095864558,
                        11.35036613427862
                    ],
                    [
                        -11.80340582955992,
                        11.35061419372837
                    ],
                    [
                        -11.76843213482399,
                        11.35553753691343
                    ],
                    [
                        -11.7500718211687,
                        11.37507448503838
                    ],
                    [
                        -11.74877169635969,
                        11.37658910885422
                    ],
                    [
                        -11.72436561882431,
                        11.39776233911926
                    ],
                    [
                        -11.71038796821163,
                        11.40124329026877
                    ],
                    [
                        -11.68198154723681,
                        11.3950229519998
                    ],
                    [
                        -11.6812046688551,
                        11.39527256064553
                    ],
                    [
                        -11.67991202447756,
                        11.39526620135388
                    ],
                    [
                        -11.66277991376647,
                        11.40836011439402
                    ],
                    [
                        -11.65567694774637,
                        11.43138900809955
                    ],
                    [
                        -11.66159140648352,
                        11.43775461678601
                    ],
                    [
                        -11.6618446555735,
                        11.43876973125268
                    ],
                    [
                        -11.661232092430637,
                        11.446078182646387
                    ]
                ]
            },
            "properties": {
                "id": "a8be46f1-e5fc-4a15-8ef0-cc5420daa7af",
                "name": "fork - Tougue",
                "start": {
                    "name": "fork",
                    "id": "c63175be-3352-4f49-a043-c5051595548f",
                    "networkProviders": [
                        {
                            "id": "03208a59-5332-41f1-ad19-35b56df0eba2",
                            "name": "Société de Gestion de la Backbone Nationale de Guinée (SOGEB)"
                        }
                    ],
                    "status": "operational",
                    "location": {
                        "type": "Point",
                        "coordinates": [
                            -12.137850991929346,
                            11.36788842081279
                        ]
                    },
                    "transmissionMediumOwner": {
                        "id": "c5e1a548-eca0-4cad-9b0e-f3a9237f5c58",
                        "name": "Governement de Guinée"
                    }
                },
                "end": {
                    "name": "Tougue",
                    "id": "026a0667-2b30-4528-97c8-ed10fa2adac4",
                    "networkProviders": [
                        {
                            "id": "03208a59-5332-41f1-ad19-35b56df0eba2",
                            "name": "Société de Gestion de la Backbone Nationale de Guinée (SOGEB)"
                        }
                    ],
                    "status": "operational",
                    "location": {
                        "type": "Point",
                        "coordinates": [
                            -11.661223745228725,
                            11.446177772574654
                        ]
                    },
                    "transmissionMediumOwner": {
                        "id": "c5e1a548-eca0-4cad-9b0e-f3a9237f5c58",
                        "name": "Governement de Guinée"
                    }
                },
                "status": "operational",
                "networkProviders": [
                    {
                        "id": "03208a59-5332-41f1-ad19-35b56df0eba2",
                        "name": "Société de Gestion de la Backbone Nationale de Guinée (SOGEB)"
                    }
                ],
                "transmissionMediumOwner": {
                    "id": "c5e1a548-eca0-4cad-9b0e-f3a9237f5c58",
                    "name": "Governement de Guinée"
                },
                "network": {
                    "id": "86ae7c8c-070e-496e-9685-480072a7eed2",
                    "name": "Backbone National de Guinée",
                    "links": [
                        {
                            "rel": "describedby",
                            "href": "https://standard.ofds.info/en/0__4__0/network-schema.json"
                        }
                    ]
                },
                "featureType": "span"
            }
        },
        {
            "type": "Feature",
            "geometry": {
                "type": "LineString",
                "coordinates": [
                    [
                        -14.584019076801471,
                        10.663542982666717
                    ],
                    [
                        -14.56310535926369,
                        10.65470555015555
                    ],
                    [
                        -14.5600618475035,
                        10.655468935466
                    ],
                    [
                        -14.55777827078276,
                        10.65585437829687
                    ],
                    [
                        -14.53510749936394,
                        10.68963887636508
                    ],
                    [
                        -14.51100082825015,
                        10.73915204958895
                    ],
                    [
                        -14.49554621885843,
                        10.76917422303127
                    ],
                    [
                        -14.4411226626278,
                        10.77841090837829
                    ],
                    [
                        -14.41335174930007,
                        10.78565604118634
                    ],
                    [
                        -14.39948877108635,
                        10.79455153916592
                    ]
                ]
            },
            "properties": {
                "id": "b457b6ab-9a33-4859-8a1e-6c1a0608509c",
                "name": "Kamsar - Kolaboui",
                "start": {
                    "name": "Kamsar",
                    "id": "4069b800-3cff-4c0e-98c4-1001abd4349b",
                    "networkProviders": [
                        {
                            "id": "03208a59-5332-41f1-ad19-35b56df0eba2",
                            "name": "Société de Gestion de la Backbone Nationale de Guinée (SOGEB)"
                        }
                    ],
                    "status": "operational",
                    "location": {
                        "type": "Point",
                        "coordinates": [
                            -14.58411116056576,
                            10.66358189416348
                        ]
                    },
                    "transmissionMediumOwner": {
                        "id": "c5e1a548-eca0-4cad-9b0e-f3a9237f5c58",
                        "name": "Governement de Guinée"
                    }
                },
                "end": {
                    "name": "Kolaboui",
                    "id": "0c74f301-bc90-4faf-a57c-87768173c05c",
                    "networkProviders": [
                        {
                            "id": "03208a59-5332-41f1-ad19-35b56df0eba2",
                            "name": "Société de Gestion de la Backbone Nationale de Guinée (SOGEB)"
                        }
                    ],
                    "status": "operational",
                    "location": {
                        "type": "Point",
                        "coordinates": [
                            -14.39948877108635,
                            10.79455153916592
                        ]
                    },
                    "transmissionMediumOwner": {
                        "id": "c5e1a548-eca0-4cad-9b0e-f3a9237f5c58",
                        "name": "Governement de Guinée"
                    }
                },
                "status": "operational",
                "networkProviders": [
                    {
                        "id": "03208a59-5332-41f1-ad19-35b56df0eba2",
                        "name": "Société de Gestion de la Backbone Nationale de Guinée (SOGEB)"
                    }
                ],
                "transmissionMediumOwner": {
                    "id": "c5e1a548-eca0-4cad-9b0e-f3a9237f5c58",
                    "name": "Governement de Guinée"
                },
                "network": {
                    "id": "86ae7c8c-070e-496e-9685-480072a7eed2",
                    "name": "Backbone National de Guinée",
                    "links": [
                        {
                            "rel": "describedby",
                            "href": "https://standard.ofds.info/en/0__4__0/network-schema.json"
                        }
                    ]
                },
                "featureType": "span"
            }
        },
        {
            "type": "Feature",
            "geometry": {
                "type": "LineString",
                "coordinates": [
                    [
                        -14.39948877108635,
                        10.79455153916592
                    ],
                    [
                        -14.39974271767093,
                        10.79521148437817
                    ],
                    [
                        -14.32329541218213,
                        10.86455976564214
                    ],
                    [
                        -14.32215787251569,
                        10.86568680070783
                    ],
                    [
                        -14.319510362314,
                        10.8698127028756
                    ],
                    [
                        -14.29838491004501,
                        10.91628422977161
                    ],
                    [
                        -14.280284919234482,
                        10.940562382241438
                    ]
                ]
            },
            "properties": {
                "id": "ae334d5d-d748-4e2c-a927-0d24ee98f347",
                "name": "Kolaboui - Boke",
                "start": {
                    "name": "Kolaboui",
                    "id": "0c74f301-bc90-4faf-a57c-87768173c05c",
                    "networkProviders": [
                        {
                            "id": "03208a59-5332-41f1-ad19-35b56df0eba2",
                            "name": "Société de Gestion de la Backbone Nationale de Guinée (SOGEB)"
                        }
                    ],
                    "status": "operational",
                    "location": {
                        "type": "Point",
                        "coordinates": [
                            -14.39948877108635,
                            10.79455153916592
                        ]
                    },
                    "transmissionMediumOwner": {
                        "id": "c5e1a548-eca0-4cad-9b0e-f3a9237f5c58",
                        "name": "Governement de Guinée"
                    }
                },
                "end": {
                    "name": "Boke",
                    "id": "4b1dc7c5-7f32-478a-a32c-eab2c27ee238",
                    "networkProviders": [
                        {
                            "id": "03208a59-5332-41f1-ad19-35b56df0eba2",
                            "name": "Société de Gestion de la Backbone Nationale de Guinée (SOGEB)"
                        }
                    ],
                    "status": "operational",
                    "location": {
                        "type": "Point",
                        "coordinates": [
                            -14.280225220858823,
                            10.94064245776643
                        ]
                    },
                    "transmissionMediumOwner": {
                        "id": "c5e1a548-eca0-4cad-9b0e-f3a9237f5c58",
                        "name": "Governement de Guinée"
                    }
                },
                "status": "operational",
                "networkProviders": [
                    {
                        "id": "03208a59-5332-41f1-ad19-35b56df0eba2",
                        "name": "Société de Gestion de la Backbone Nationale de Guinée (SOGEB)"
                    }
                ],
                "transmissionMediumOwner": {
                    "id": "c5e1a548-eca0-4cad-9b0e-f3a9237f5c58",
                    "name": "Governement de Guinée"
                },
                "network": {
                    "id": "86ae7c8c-070e-496e-9685-480072a7eed2",
                    "name": "Backbone National de Guinée",
                    "links": [
                        {
                            "rel": "describedby",
                            "href": "https://standard.ofds.info/en/0__4__0/network-schema.json"
                        }
                    ]
                },
                "featureType": "span"
            }
        },
        {
            "type": "Feature",
            "geometry": {
                "type": "LineString",
                "coordinates": [
                    [
                        -9.092697587322462,
                        8.086209957776399
                    ],
                    [
                        -9.087365072283502,
                        8.075885325826595
                    ],
                    [
                        -9.053705382502704,
                        8.048976982927979
                    ],
                    [
                        -9.052922217402243,
                        8.047782777767612
                    ],
                    [
                        -9.046260886579558,
                        8.038229016470785
                    ],
                    [
                        -9.045062474357241,
                        8.038213907481959
                    ],
                    [
                        -9.043070719249627,
                        8.037794394417327
                    ],
                    [
                        -9.040280114336207,
                        8.037364789525393
                    ],
                    [
                        -9.037889056996084,
                        8.036940215876518
                    ],
                    [
                        -9.023502271485631,
                        8.037152277678421
                    ],
                    [
                        -9.022309843069085,
                        8.036742759448144
                    ],
                    [
                        -9.017540555595964,
                        8.035104762546046
                    ],
                    [
                        -9.008529665948462,
                        8.02395513327143
                    ],
                    [
                        -8.974336564778115,
                        8.00164110675233
                    ],
                    [
                        -8.949866603833938,
                        7.943223003285721
                    ],
                    [
                        -8.892009853770059,
                        7.885918284990914
                    ],
                    [
                        -8.891215630246212,
                        7.885513668877045
                    ],
                    [
                        -8.871118228472325,
                        7.863586343885101
                    ],
                    [
                        -8.85832824339791,
                        7.819054662632981
                    ],
                    [
                        -8.829222937067524,
                        7.798759919310188
                    ],
                    [
                        -8.82762713771857,
                        7.797943373548698
                    ],
                    [
                        -8.816190795202989,
                        7.780307719798499
                    ],
                    [
                        -8.823301257798812,
                        7.745431005923969
                    ]
                ]
            },
            "properties": {
                "id": "64ffe250-0556-474a-aa70-64629ae6e733",
                "name": "N'Zébéla - Nzerekore",
                "start": {
                    "name": "N'Zébéla",
                    "id": "c390512b-1e55-46bc-9f00-0d6715711275",
                    "networkProviders": [
                        {
                            "id": "03208a59-5332-41f1-ad19-35b56df0eba2",
                            "name": "Société de Gestion de la Backbone Nationale de Guinée (SOGEB)"
                        }
                    ],
                    "status": "operational",
                    "location": {
                        "type": "Point",
                        "coordinates": [
                            -9.092743449320933,
                            8.086298754198205
                        ]
                    },
                    "transmissionMediumOwner": {
                        "id": "c5e1a548-eca0-4cad-9b0e-f3a9237f5c58",
                        "name": "Governement de Guinée"
                    }
                },
                "end": {
                    "name": "Nzerekore",
                    "id": "1be7b2f7-b60c-4093-b26f-f4693620332c",
                    "networkProviders": [
                        {
                            "id": "03208a59-5332-41f1-ad19-35b56df0eba2",
                            "name": "Société de Gestion de la Backbone Nationale de Guinée (SOGEB)"
                        }
                    ],
                    "status": "operational",
                    "location": {
                        "type": "Point",
                        "coordinates": [
                            -8.823301257798812,
                            7.745431005923969
                        ]
                    },
                    "transmissionMediumOwner": {
                        "id": "c5e1a548-eca0-4cad-9b0e-f3a9237f5c58",
                        "name": "Governement de Guinée"
                    }
                },
                "status": "operational",
                "networkProviders": [
                    {
                        "id": "03208a59-5332-41f1-ad19-35b56df0eba2",
                        "name": "Société de Gestion de la Backbone Nationale de Guinée (SOGEB)"
                    }
                ],
                "transmissionMediumOwner": {
                    "id": "c5e1a548-eca0-4cad-9b0e-f3a9237f5c58",
                    "name": "Governement de Guinée"
                },
                "network": {
                    "id": "86ae7c8c-070e-496e-9685-480072a7eed2",
                    "name": "Backbone National de Guinée",
                    "links": [
                        {
                            "rel": "describedby",
                            "href": "https://standard.ofds.info/en/0__4__0/network-schema.json"
                        }
                    ]
                },
                "featureType": "span"
            }
        },
        {
            "type": "Feature",
            "geometry": {
                "type": "LineString",
                "coordinates": [
                    [
                        -8.823301257798812,
                        7.745431005923969
                    ],
                    [
                        -8.791353817777765,
                        7.753879639429351
                    ],
                    [
                        -8.75573082641127,
                        7.739033786202496
                    ],
                    [
                        -8.751834732137176,
                        7.740899375891564
                    ],
                    [
                        -8.750867010337073,
                        7.740886615258856
                    ],
                    [
                        -8.711897981368708,
                        7.75954263341003
                    ],
                    [
                        -8.70895506703698,
                        7.762379811219755
                    ],
                    [
                        -8.704089164796804,
                        7.764232619432601
                    ],
                    [
                        -8.679742908022373,
                        7.774455420756324
                    ],
                    [
                        -8.674875568044747,
                        7.776308245933068
                    ],
                    [
                        -8.668071679565424,
                        7.778135085179636
                    ],
                    [
                        -8.66417195689223,
                        7.780000914146289
                    ],
                    [
                        -8.614368207399718,
                        7.808110845042532
                    ],
                    [
                        -8.61338542172038,
                        7.809057219287735
                    ],
                    [
                        -8.58788104311975,
                        7.829829355754299
                    ],
                    [
                        -8.544553137475232,
                        7.810999979154387
                    ],
                    [
                        -8.533628884382022,
                        7.802427241164211
                    ]
                ]
            },
            "properties": {
                "id": "3a0c94e1-01b9-44f7-82c2-10893c3bd23f",
                "name": "Nzerekore - Lola",
                "start": {
                    "name": "Nzerekore",
                    "id": "1be7b2f7-b60c-4093-b26f-f4693620332c",
                    "networkProviders": [
                        {
                            "id": "03208a59-5332-41f1-ad19-35b56df0eba2",
                            "name": "Société de Gestion de la Backbone Nationale de Guinée (SOGEB)"
                        }
                    ],
                    "status": "operational",
                    "location": {
                        "type": "Point",
                        "coordinates": [
                            -8.823301257798812,
                            7.745431005923969
                        ]
                    },
                    "transmissionMediumOwner": {
                        "id": "c5e1a548-eca0-4cad-9b0e-f3a9237f5c58",
                        "name": "Governement de Guinée"
                    }
                },
                "end": {
                    "name": "Lola",
                    "id": "dcf00d5a-7e9c-4ea9-972c-9d56128ea480",
                    "networkProviders": [
                        {
                            "id": "03208a59-5332-41f1-ad19-35b56df0eba2",
                            "name": "Société de Gestion de la Backbone Nationale de Guinée (SOGEB)"
                        }
                    ],
                    "status": "operational",
                    "location": {
                        "type": "Point",
                        "coordinates": [
                            -8.53355028108082,
                            7.802365557724564
                        ]
                    },
                    "transmissionMediumOwner": {
                        "id": "c5e1a548-eca0-4cad-9b0e-f3a9237f5c58",
                        "name": "Governement de Guinée"
                    }
                },
                "status": "operational",
                "networkProviders": [
                    {
                        "id": "03208a59-5332-41f1-ad19-35b56df0eba2",
                        "name": "Société de Gestion de la Backbone Nationale de Guinée (SOGEB)"
                    }
                ],
                "transmissionMediumOwner": {
                    "id": "c5e1a548-eca0-4cad-9b0e-f3a9237f5c58",
                    "name": "Governement de Guinée"
                },
                "network": {
                    "id": "86ae7c8c-070e-496e-9685-480072a7eed2",
                    "name": "Backbone National de Guinée",
                    "links": [
                        {
                            "rel": "describedby",
                            "href": "https://standard.ofds.info/en/0__4__0/network-schema.json"
                        }
                    ]
                },
                "featureType": "span"
            }
        },
        {
            "type": "Feature",
            "geometry": {
                "type": "LineString",
                "coordinates": [
                    [
                        -8.823378926670632,
                        7.745368062552152
                    ],
                    [
                        -8.837112257426094,
                        7.734238479698982
                    ],
                    [
                        -8.902481658442845,
                        7.715518876321033
                    ],
                    [
                        -8.95406753787561,
                        7.711144463908749
                    ],
                    [
                        -8.958938052067985,
                        7.710222665747631
                    ],
                    [
                        -8.991986176500092,
                        7.711471570106045
                    ],
                    [
                        -9.038718747965492,
                        7.704164543571865
                    ],
                    [
                        -9.08860427501616,
                        7.668940188004049
                    ],
                    [
                        -9.11918104587587,
                        7.617176389992283
                    ],
                    [
                        -9.120813418411492,
                        7.615530310616981
                    ]
                ]
            },
            "properties": {
                "id": "c52c175e-95d8-4cc9-9385-26819789ad14",
                "name": "Nzerekore - Pela",
                "start": {
                    "name": "Nzerekore",
                    "id": "1be7b2f7-b60c-4093-b26f-f4693620332c",
                    "networkProviders": [
                        {
                            "id": "03208a59-5332-41f1-ad19-35b56df0eba2",
                            "name": "Société de Gestion de la Backbone Nationale de Guinée (SOGEB)"
                        }
                    ],
                    "status": "operational",
                    "location": {
                        "type": "Point",
                        "coordinates": [
                            -8.823301257798812,
                            7.745431005923969
                        ]
                    },
                    "transmissionMediumOwner": {
                        "id": "c5e1a548-eca0-4cad-9b0e-f3a9237f5c58",
                        "name": "Governement de Guinée"
                    }
                },
                "end": {
                    "name": "Pela",
                    "id": "4e9455c7-7d63-4788-a35c-4d5b86144d3f",
                    "networkProviders": [
                        {
                            "id": "03208a59-5332-41f1-ad19-35b56df0eba2",
                            "name": "Société de Gestion de la Backbone Nationale de Guinée (SOGEB)"
                        }
                    ],
                    "status": "operational",
                    "location": {
                        "type": "Point",
                        "coordinates": [
                            -9.120813418411492,
                            7.615530310616981
                        ]
                    },
                    "transmissionMediumOwner": {
                        "id": "c5e1a548-eca0-4cad-9b0e-f3a9237f5c58",
                        "name": "Governement de Guinée"
                    }
                },
                "status": "operational",
                "networkProviders": [
                    {
                        "id": "03208a59-5332-41f1-ad19-35b56df0eba2",
                        "name": "Société de Gestion de la Backbone Nationale de Guinée (SOGEB)"
                    }
                ],
                "transmissionMediumOwner": {
                    "id": "c5e1a548-eca0-4cad-9b0e-f3a9237f5c58",
                    "name": "Governement de Guinée"
                },
                "network": {
                    "id": "86ae7c8c-070e-496e-9685-480072a7eed2",
                    "name": "Backbone National de Guinée",
                    "links": [
                        {
                            "rel": "describedby",
                            "href": "https://standard.ofds.info/en/0__4__0/network-schema.json"
                        }
                    ]
                },
                "featureType": "span"
            }
        },
        {
            "type": "Feature",
            "geometry": {
                "type": "LineString",
                "coordinates": [
                    [
                        -9.120813418411492,
                        7.615530310616981
                    ],
                    [
                        -9.118506764162385,
                        7.582490933967682
                    ],
                    [
                        -9.078181375657673,
                        7.526277575155645
                    ],
                    [
                        -9.06205291261995,
                        7.481827360560293
                    ],
                    [
                        -9.063100319527466,
                        7.473166107595987
                    ],
                    [
                        -9.042817824160556,
                        7.459503521883382
                    ],
                    [
                        -9.038948902595097,
                        7.457543121397904
                    ],
                    [
                        -9.029276614088502,
                        7.452641797041094
                    ],
                    [
                        -8.97706167465644,
                        7.42423885326764
                    ],
                    [
                        -8.96938448518939,
                        7.396380050198806
                    ],
                    [
                        -8.968360225706611,
                        7.373154177741528
                    ],
                    [
                        -8.957617875202597,
                        7.357374117314993
                    ],
                    [
                        -8.955469172438024,
                        7.34746948639938
                    ]
                ]
            },
            "properties": {
                "id": "c770c976-67cd-4532-a237-c6673e6fa927",
                "name": "Pela - Dieke",
                "start": {
                    "name": "Pela",
                    "id": "4e9455c7-7d63-4788-a35c-4d5b86144d3f",
                    "networkProviders": [
                        {
                            "id": "03208a59-5332-41f1-ad19-35b56df0eba2",
                            "name": "Société de Gestion de la Backbone Nationale de Guinée (SOGEB)"
                        }
                    ],
                    "status": "operational",
                    "location": {
                        "type": "Point",
                        "coordinates": [
                            -9.120813418411492,
                            7.615530310616981
                        ]
                    },
                    "transmissionMediumOwner": {
                        "id": "c5e1a548-eca0-4cad-9b0e-f3a9237f5c58",
                        "name": "Governement de Guinée"
                    }
                },
                "end": {
                    "name": "Dieke",
                    "id": "b9868097-8b9f-497e-8790-116f3fcf1e12",
                    "networkProviders": [
                        {
                            "id": "03208a59-5332-41f1-ad19-35b56df0eba2",
                            "name": "Société de Gestion de la Backbone Nationale de Guinée (SOGEB)"
                        }
                    ],
                    "status": "operational",
                    "location": {
                        "type": "Point",
                        "coordinates": [
                            -8.955447986484682,
                            7.347371827918218
                        ]
                    },
                    "transmissionMediumOwner": {
                        "id": "c5e1a548-eca0-4cad-9b0e-f3a9237f5c58",
                        "name": "Governement de Guinée"
                    }
                },
                "status": "operational",
                "networkProviders": [
                    {
                        "id": "03208a59-5332-41f1-ad19-35b56df0eba2",
                        "name": "Société de Gestion de la Backbone Nationale de Guinée (SOGEB)"
                    }
                ],
                "transmissionMediumOwner": {
                    "id": "c5e1a548-eca0-4cad-9b0e-f3a9237f5c58",
                    "name": "Governement de Guinée"
                },
                "network": {
                    "id": "86ae7c8c-070e-496e-9685-480072a7eed2",
                    "name": "Backbone National de Guinée",
                    "links": [
                        {
                            "rel": "describedby",
                            "href": "https://standard.ofds.info/en/0__4__0/network-schema.json"
                        }
                    ]
                },
                "featureType": "span"
            }
        },
        {
            "type": "Feature",
            "geometry": {
                "type": "LineString",
                "coordinates": [
                    [
                        -11.829104872135295,
                        10.63362169322926
                    ],
                    [
                        -11.87156171388069,
                        10.5889540546711
                    ],
                    [
                        -11.87966676447078,
                        10.57822414208905
                    ],
                    [
                        -11.87934507189459,
                        10.55954894244207
                    ],
                    [
                        -11.91218770948005,
                        10.51504357294063
                    ],
                    [
                        -11.94700054280015,
                        10.49245201193147
                    ],
                    [
                        -11.97633994137595,
                        10.49929913708553
                    ],
                    [
                        -12.01873256624167,
                        10.48587163586086
                    ],
                    [
                        -12.05131246951668,
                        10.48177058877188
                    ],
                    [
                        -12.07635968481139,
                        10.4658366637587
                    ],
                    [
                        -12.09035230995531,
                        10.42954427446418
                    ],
                    [
                        -12.082342906304122,
                        10.379692611756848
                    ]
                ]
            },
            "properties": {
                "id": "332cfc85-05bf-41c3-9c0c-77bae52340b3",
                "name": "Timbo - Mamou",
                "start": {
                    "name": "Timbo",
                    "id": "7ea16652-fac0-4917-91a4-ae790f8d90ef",
                    "networkProviders": [
                        {
                            "id": "03208a59-5332-41f1-ad19-35b56df0eba2",
                            "name": "Société de Gestion de la Backbone Nationale de Guinée (SOGEB)"
                        }
                    ],
                    "status": "operational",
                    "location": {
                        "type": "Point",
                        "coordinates": [
                            -11.82903604155557,
                            10.633694107929236
                        ]
                    },
                    "transmissionMediumOwner": {
                        "id": "c5e1a548-eca0-4cad-9b0e-f3a9237f5c58",
                        "name": "Governement de Guinée"
                    }
                },
                "end": {
                    "name": "Mamou",
                    "id": "4b909117-9d1b-4a23-b8fe-2cab53edeea3",
                    "networkProviders": [
                        {
                            "id": "03208a59-5332-41f1-ad19-35b56df0eba2",
                            "name": "Société de Gestion de la Backbone Nationale de Guinée (SOGEB)"
                        }
                    ],
                    "status": "operational",
                    "location": {
                        "type": "Point",
                        "coordinates": [
                            -12.082342906304122,
                            10.379692611756848
                        ]
                    },
                    "transmissionMediumOwner": {
                        "id": "c5e1a548-eca0-4cad-9b0e-f3a9237f5c58",
                        "name": "Governement de Guinée"
                    }
                },
                "status": "operational",
                "networkProviders": [
                    {
                        "id": "03208a59-5332-41f1-ad19-35b56df0eba2",
                        "name": "Société de Gestion de la Backbone Nationale de Guinée (SOGEB)"
                    }
                ],
                "transmissionMediumOwner": {
                    "id": "c5e1a548-eca0-4cad-9b0e-f3a9237f5c58",
                    "name": "Governement de Guinée"
                },
                "network": {
                    "id": "86ae7c8c-070e-496e-9685-480072a7eed2",
                    "name": "Backbone National de Guinée",
                    "links": [
                        {
                            "rel": "describedby",
                            "href": "https://standard.ofds.info/en/0__4__0/network-schema.json"
                        }
                    ]
                },
                "featureType": "span"
            }
        },
        {
            "type": "Feature",
            "geometry": {
                "type": "LineString",
                "coordinates": [
                    [
                        -12.082342906304122,
                        10.379692611756848
                    ],
                    [
                        -12.07868098944871,
                        10.37611971537892
                    ],
                    [
                        -12.10284566329001,
                        10.36973746611128
                    ],
                    [
                        -12.10372534366617,
                        10.36930906619861
                    ],
                    [
                        -12.14983026816595,
                        10.36688535427588
                    ],
                    [
                        -12.15071040635773,
                        10.36645662104079
                    ],
                    [
                        -12.18549832000651,
                        10.34670599735631
                    ],
                    [
                        -12.22064010522247,
                        10.35026888652362
                    ],
                    [
                        -12.23222190077935,
                        10.3142453780697
                    ],
                    [
                        -12.2646752486067,
                        10.31436152095719
                    ],
                    [
                        -12.29322591996844,
                        10.30280872256645
                    ],
                    [
                        -12.34501450888577,
                        10.29607123999772
                    ],
                    [
                        -12.37574353186666,
                        10.29314268677178
                    ],
                    [
                        -12.39467139338781,
                        10.27851911936541
                    ],
                    [
                        -12.40826802211259,
                        10.28244224523287
                    ],
                    [
                        -12.43109596558247,
                        10.28509388996348
                    ],
                    [
                        -12.44938341816441,
                        10.27335083528267
                    ],
                    [
                        -12.46091526835433,
                        10.23023828687413
                    ],
                    [
                        -12.46583116670164,
                        10.19961578508128
                    ],
                    [
                        -12.465396694327,
                        10.19831990542713
                    ],
                    [
                        -12.45973028664511,
                        10.18751454747425
                    ],
                    [
                        -12.46721743105644,
                        10.17631512280848
                    ],
                    [
                        -12.49922476012204,
                        10.17554146191162
                    ],
                    [
                        -12.52088425627773,
                        10.17003219318449
                    ],
                    [
                        -12.54155759655167,
                        10.1454942341715
                    ],
                    [
                        -12.54116910242948,
                        10.1273707298246
                    ],
                    [
                        -12.54866748487201,
                        10.11013091918833
                    ],
                    [
                        -12.55918554196208,
                        10.11059091896786
                    ],
                    [
                        -12.57195683568602,
                        10.08775317380908
                    ],
                    [
                        -12.58995901551626,
                        10.07528368186125
                    ],
                    [
                        -12.61187829599036,
                        10.07317991613071
                    ],
                    [
                        -12.61840723925051,
                        10.0904593691067
                    ],
                    [
                        -12.62847577851172,
                        10.09523045966126
                    ],
                    [
                        -12.63945955714838,
                        10.08532959111376
                    ],
                    [
                        -12.65870429386206,
                        10.04764568397477
                    ],
                    [
                        -12.68200047538559,
                        10.01964986451213
                    ],
                    [
                        -12.71579061069652,
                        9.999444336853335
                    ],
                    [
                        -12.75742638401734,
                        9.996082945367533
                    ],
                    [
                        -12.77975526389299,
                        10.00476046442144
                    ],
                    [
                        -12.79641393592474,
                        10.00090773799511
                    ],
                    [
                        -12.8274835228125,
                        10.02211145090893
                    ],
                    [
                        -12.84191775534959,
                        10.03637744986833
                    ],
                    [
                        -12.8611818610694,
                        10.04762942375381
                    ],
                    [
                        -12.863728868819017,
                        10.047306510036949
                    ]
                ]
            },
            "properties": {
                "id": "b6c51e0b-8b9b-4d8b-8c74-5e12f6bad734",
                "name": "Mamou - Kindia",
                "start": {
                    "name": "Mamou",
                    "id": "4b909117-9d1b-4a23-b8fe-2cab53edeea3",
                    "networkProviders": [
                        {
                            "id": "03208a59-5332-41f1-ad19-35b56df0eba2",
                            "name": "Société de Gestion de la Backbone Nationale de Guinée (SOGEB)"
                        }
                    ],
                    "status": "operational",
                    "location": {
                        "type": "Point",
                        "coordinates": [
                            -12.082342906304122,
                            10.379692611756848
                        ]
                    },
                    "transmissionMediumOwner": {
                        "id": "c5e1a548-eca0-4cad-9b0e-f3a9237f5c58",
                        "name": "Governement de Guinée"
                    }
                },
                "end": {
                    "name": "Kindia",
                    "id": "c1bfce02-a4dd-4ff9-96e5-49dc0bb58bfb",
                    "networkProviders": [
                        {
                            "id": "03208a59-5332-41f1-ad19-35b56df0eba2",
                            "name": "Société de Gestion de la Backbone Nationale de Guinée (SOGEB)"
                        }
                    ],
                    "status": "operational",
                    "location": {
                        "type": "Point",
                        "coordinates": [
                            -12.863827977375959,
                            10.047293944895559
                        ]
                    },
                    "transmissionMediumOwner": {
                        "id": "c5e1a548-eca0-4cad-9b0e-f3a9237f5c58",
                        "name": "Governement de Guinée"
                    }
                },
                "status": "operational",
                "networkProviders": [
                    {
                        "id": "03208a59-5332-41f1-ad19-35b56df0eba2",
                        "name": "Société de Gestion de la Backbone Nationale de Guinée (SOGEB)"
                    }
                ],
                "transmissionMediumOwner": {
                    "id": "c5e1a548-eca0-4cad-9b0e-f3a9237f5c58",
                    "name": "Governement de Guinée"
                },
                "network": {
                    "id": "86ae7c8c-070e-496e-9685-480072a7eed2",
                    "name": "Backbone National de Guinée",
                    "links": [
                        {
                            "rel": "describedby",
                            "href": "https://standard.ofds.info/en/0__4__0/network-schema.json"
                        }
                    ]
                },
                "featureType": "span"
            }
        }
    ]
}